{"iob":0.057331133012111055,"activity":-0.0018193825925925926,"bolusiob":0}
