{"iob":-0.18673875168499998,"activity":-0.0005647222222222223,"bolusiob":0}
