{"iob":0.8728732187219753,"activity":0.006164523007856341,"bolusiob":0.5545604733155556}
