{"iob":0.6795196855384031,"activity":0.005536632045855376,"bolusiob":0}
