{"iob":-0.03879590301234569,"activity":-0.0002919753086419753,"bolusiob":0}
