{"iob":-0.11106774005055559,"activity":-0.0009292945326278657,"bolusiob":0}
