{"iob":-0.25743390887777784,"activity":-0.0019455379188712519,"bolusiob":0}
