{"iob":0.049791006944444445,"activity":0.000040123456790123456,"bolusiob":0}
