{"iob":0.04985376087125001,"activity":0.00002368055555555556,"bolusiob":0}
