{"iob":0.06752755426125,"activity":-0.001059381313131313,"bolusiob":0}
