{"iob":0.07301768225666665,"activity":0.0020691181657848316,"bolusiob":0}
