{"iob":-0.27612309234066107,"activity":-0.003642204708994709,"bolusiob":0}
