{"iob":1.155673437119357,"activity":0.010475616632996631,"bolusiob":0.5959409866903703}
