{"iob":1.1556091292918516,"activity":0.0018611447811447798,"bolusiob":1.047618383834074}
