{"iob":0.049923984098749985,"activity":0.0012880871212121215,"bolusiob":0}
