{"iob":-0.05126846082444446,"activity":-0.0008537918871252203,"bolusiob":0}
