{"iob":0.11200044922249998,"activity":0.004320170454545454,"bolusiob":0}
