{"iob":-0.00012263940666665807,"activity":-0.00005097001763668422,"bolusiob":0}
