{"iob":0.6535691724822223,"activity":0.01508701940035273,"bolusiob":0}
