{"iob":0.18563511377777786,"activity":0.009548289241622574,"bolusiob":0}
