{"iob":-0.12114099624062502,"activity":-0.0030402967171717175,"bolusiob":0}
