{"iob":2.3440402260115643,"activity":0.02435966045454545,"bolusiob":0.6402815693500001}
