{"iob":-0.04820438933444448,"activity":0.0006203703703703702,"bolusiob":0}
