{"iob":1.755932762410234,"activity":0.0029039236111111115,"bolusiob":1.31826742488}
