{"iob":1.022271826951111,"activity":0.017798877665544333,"bolusiob":0.020866644622222097}
