{"iob":-0.09973188390222223,"activity":-0.00005259259259259259,"bolusiob":0}
