{"iob":-0.099885451485,"activity":-0.000020694444444444445,"bolusiob":0}
