{"iob":0.5094915909709374,"activity":0.0037948484848484856,"bolusiob":0.48239059199999995}
