{"iob":1.540666838111605,"activity":0.021090942760942765,"bolusiob":0.4814718472888889}
