{"iob":0.29735112144,"activity":0.00028999999999999995,"bolusiob":0.29133797376}
