{"iob":0.8320729555025004,"activity":0.024219671717171716,"bolusiob":0.05414883331000003}
