{"iob":0.8521810613651313,"activity":0.005790707348484847,"bolusiob":0.25677080715}
