{"iob":1.0714039415621575,"activity":0.0025659085537918878,"bolusiob":0.8940639791111112}
