{"iob":0.23525181552736113,"activity":0.0009707848324514983,"bolusiob":0}
