{"iob":0.06372822891,"activity":-0.001138661616161616,"bolusiob":0}
