{"iob":0.23941776781277782,"activity":0.002175767195767195,"bolusiob":0.0022992069333334086}
