{"iob":0.43404124589827164,"activity":0.0019874074074074074,"bolusiob":0}
