{"iob":0.7281007159664197,"activity":0.016112884399551067,"bolusiob":0.0538742001777778}
