{"iob":0.007154089554374996,"activity":0.0004995580808080808,"bolusiob":0}
