{"iob":0.3530033060538889,"activity":0.007841040564373895,"bolusiob":0.4996872177777778}
