{"iob":0.9198260598479013,"activity":0.010571795735129067,"bolusiob":0.57223511296}
