{"iob":0.4965357265382716,"activity":0.0004160493827160493,"bolusiob":0.4889167905975309}
