{"iob":0.11328706223311112,"activity":-0.002858677248677248,"bolusiob":0}
