{"iob":-0.09962032262320988,"activity":-0.00004790123456790123,"bolusiob":0}
