{"iob":-0.048040950284444446,"activity":-0.00015283950617283947,"bolusiob":0}
