{"iob":0.8022908975594756,"activity":0.0023016029982363307,"bolusiob":0.35739659200000007}
