{"iob":0.07544613524666666,"activity":-0.0013711816578483242,"bolusiob":0}
