{"iob":2.316298853532223,"activity":0.005705520282186948,"bolusiob":2.2186727048533332}
