{"iob":1.7765865825405553,"activity":0.0012000352733686063,"bolusiob":1.9422531584}
