{"iob":0.7110469697890625,"activity":0.010424722222222224,"bolusiob":0.24039960367250005}
