{"iob":1.8482349711994446,"activity":0.025290308641975304,"bolusiob":0.6424706273333333}
