{"iob":-0.12216611403047714,"activity":0.007341532108585858,"bolusiob":0}
