{"iob":0.09973749164281794,"activity":0.00005319234567901234,"bolusiob":0}
