{"iob":0.49388360718499985,"activity":0.001206117424242424,"bolusiob":0.40371763199999994}
