{"iob":1.9912052223999999,"activity":0.0012444444444444443,"bolusiob":1.9731178496}
