{"iob":1.6444928123637812,"activity":0.007104839015151515,"bolusiob":1.41650909968}
