{"iob":1.0557529318331251,"activity":0.0138946148989899,"bolusiob":0.4331818698375}
