{"iob":-0.00009546785555555187,"activity":-0.0014192592592592592,"bolusiob":0}
