{"iob":3.458268756020703,"activity":0.011273618030303028,"bolusiob":2.0429261456}
