{"iob":-0.022175589617777783,"activity":-0.0003891133557800225,"bolusiob":0}
