{"iob":0.14919102170666668,"activity":0.00012691358024691357,"bolusiob":0}
