{"iob":-0.1100475779816667,"activity":-0.0010441358024691357,"bolusiob":0}
