{"iob":-0.289262620245,"activity":-0.0007946296296296296,"bolusiob":0}
