{"iob":0.1624000437558577,"activity":0.0012485539153439147,"bolusiob":0}
