{"iob":-0.25119335159759787,"activity":-0.0027581683396464655,"bolusiob":0}
