{"iob":0.15098852264296322,"activity":0.012434298540965212,"bolusiob":0}
