{"iob":0.9875164863437037,"activity":0.010834337822671156,"bolusiob":0.6725999554054322}
