{"iob":0.4758607287977778,"activity":0.0027880246913580243,"bolusiob":0.07797922924000002}
