{"iob":-0.19342608592592592,"activity":-0.00037592592592592593,"bolusiob":0}
