{"iob":0.087235529626875,"activity":0.004907765151515152,"bolusiob":0}
