{"iob":2.229185625106666,"activity":0.002962222222222222,"bolusiob":2.03749433328}
