{"iob":-0.045471334123456796,"activity":-0.0001808641975308642,"bolusiob":0}
