{"iob":-0.044912705074567905,"activity":-0.00019246913580246914,"bolusiob":0}
