{"iob":0.296340633382366,"activity":0.009653350529100529,"bolusiob":0}
