{"iob":-0.24431526557704775,"activity":-0.0035159613227513215,"bolusiob":0}
