{"iob":0.5861691144217284,"activity":0.007452592592592592,"bolusiob":0.10482116320000004}
