{"iob":0.3721810754900001,"activity":0.013021142676767678,"bolusiob":0}
