{"iob":0.9613652583980247,"activity":0.006526599326599326,"bolusiob":0.48435177722864203}
