{"iob":0.49554219099953906,"activity":0.00417936582010582,"bolusiob":0}
