{"iob":-0.10509101465722215,"activity":0.009106649029982363,"bolusiob":0}
