{"iob":-0.0021952663024999985,"activity":-0.0018057512626262627,"bolusiob":0}
