{"iob":0.78751779015125,"activity":0.009401849747474747,"bolusiob":0.18657665827000003}
