{"iob":-0.09804283932444446,"activity":-0.00013925925925925927,"bolusiob":0}
