{"iob":0.06781026106187513,"activity":0.009445479797979798,"bolusiob":0}
