{"iob":1.5110144372762497,"activity":0.016743219696969697,"bolusiob":0.5207432162425001}
