{"iob":1.9282776295911113,"activity":0.027144973544973538,"bolusiob":0.8147547914400002}
