{"iob":0.007587119288888888,"activity":0.002009539842873176,"bolusiob":0}
