{"iob":0.017429407874999987,"activity":0.0013452380952380947,"bolusiob":0}
