{"iob":1.1886115705274998,"activity":0.012150277777777775,"bolusiob":0.2143529606875}
