{"iob":0.8142014839076706,"activity":0.014027678430335096,"bolusiob":0.07682146933333334}
