{"iob":0.9374140218014104,"activity":0.007061966049382713,"bolusiob":0.9696935351644446}
