{"iob":0.5098076164622222,"activity":0.003202962962962962,"bolusiob":0.057240485759999994}
