{"iob":0.3747531255777976,"activity":0.002969012839506173,"bolusiob":0}
