{"iob":-0.10429709577481477,"activity":0.0028169360269360267,"bolusiob":0}
