{"iob":0.3952797186666668,"activity":0.008308112874779538,"bolusiob":0.214709844}
