{"iob":0.17413773991000003,"activity":0.0057076136363636365,"bolusiob":0}
