{"iob":-0.03002806756666667,"activity":0.0015889770723104052,"bolusiob":0}
