{"iob":0.7660968422429051,"activity":0.013909265375982046,"bolusiob":0.009813352640000005}
