{"iob":-0.1474011272691358,"activity":-0.00020222222222222223,"bolusiob":0}
