{"iob":0.9830616096461113,"activity":0.025058289241622567,"bolusiob":0.057012412266666805}
