{"iob":0.41754984443713394,"activity":0.0016316053086419752,"bolusiob":0}
