{"iob":1.2883487652066792,"activity":0.01403284763888889,"bolusiob":0.39020375771000004}
