{"iob":0.7301276212499431,"activity":0.005074629753086417,"bolusiob":0.47753399838222227}
