{"iob":0.16679635563836595,"activity":0.007282980158730157,"bolusiob":0}
