{"iob":0.14621971676777779,"activity":0.0034732627865961194,"bolusiob":0}
