{"iob":1.8269023114133334,"activity":0.01300138047138047,"bolusiob":0.7529899270400005}
