{"iob":2.5273125411375,"activity":0.03115907828282828,"bolusiob":0.9207161818349998}
