{"iob":0.9064867007503125,"activity":0.008621963383838383,"bolusiob":0.6051497108000001}
