{"iob":-0.049661748890864194,"activity":-0.000040987654320987657,"bolusiob":0}
