{"iob":1.1180194218712498,"activity":0.012940208333333331,"bolusiob":0.14886851974999996}
