{"iob":1.5417140081638059,"activity":0.012755291499118162,"bolusiob":0.9348240867555555}
