{"iob":0.5426776582342046,"activity":0.005293774373897704,"bolusiob":0.24057513062666674}
