{"iob":-0.190073740685,"activity":-0.00046750000000000003,"bolusiob":0}
