{"iob":-0.09975098213777778,"activity":-0.00004864197530864197,"bolusiob":0}
