{"iob":0.2454541478397105,"activity":0.0004504412345679011,"bolusiob":0}
