{"iob":1.5923892667131256,"activity":0.006896300033670031,"bolusiob":1.0314311957688889}
