{"iob":-0.09955489809382717,"activity":-0.0000545679012345679,"bolusiob":0}
