{"iob":1.5060357360571877,"activity":0.015643137626262623,"bolusiob":0.8393478580599998}
