{"iob":1.1460323848272225,"activity":0.014078209876543207,"bolusiob":0.2846148878000001}
