{"iob":-0.22555164502770658,"activity":-0.0015061729629629627,"bolusiob":0}
