{"iob":2.6107146925888887,"activity":0.02762112874779541,"bolusiob":1.531204388231111}
