{"iob":-0.05625036091111111,"activity":-0.0005873368606701936,"bolusiob":0}
