{"iob":0.1714924635147828,"activity":0.011409805555555553,"bolusiob":0}
