{"iob":-0.020786918876249963,"activity":0.007461704545454547,"bolusiob":0}
