{"iob":-0.04938264506,"activity":-0.00007888888888888888,"bolusiob":0}
