{"iob":0.7137011224466665,"activity":0.01336985890652557,"bolusiob":0.22843467202666665}
