{"iob":1.6562705487548564,"activity":0.0054091693490460144,"bolusiob":1.3177346241422223}
