{"iob":-0.04460179077777778,"activity":0.0001456790123456787,"bolusiob":0}
