{"iob":1.3134154820100001,"activity":0.01234506313131313,"bolusiob":0.34127332772750013}
