{"iob":0.2841446496965596,"activity":0.012619488800705465,"bolusiob":0.006722562239999963}
