{"iob":0.44230267996112343,"activity":0.0017095444444444356,"bolusiob":0}
