{"iob":-0.16718524564125,"activity":0.0006010921717171717,"bolusiob":0}
