{"iob":0.04663954365944445,"activity":-0.00007860670194003518,"bolusiob":0}
