{"iob":-0.40225871098430566,"activity":0.0006578483245149897,"bolusiob":0}
