{"iob":0.8189453062844446,"activity":0.01657980599647266,"bolusiob":0.12731623568}
