{"iob":-0.15279155186280882,"activity":-0.0008544445679012343,"bolusiob":0}
