{"iob":-0.24562691355555558,"activity":-0.0004167901234567901,"bolusiob":0}
