{"iob":0.8612871566655556,"activity":0.02218109347442681,"bolusiob":0.020809629679999973}
