{"iob":2.881930423960444,"activity":0.008014038800705467,"bolusiob":2.2121992}
