{"iob":-0.23953545508444446,"activity":-0.0006871604938271603,"bolusiob":0}
