{"iob":-0.09938055127111112,"activity":-0.0000819753086419753,"bolusiob":0}
