{"iob":0.26139420812444447,"activity":0.006768042328042328,"bolusiob":0}
