{"iob":0.09882352214444445,"activity":0.00011864197530864197,"bolusiob":0}
