{"iob":0.26360734986444445,"activity":0.00983432098765432,"bolusiob":0}
