{"iob":0.1866420244054927,"activity":0.01593343878306877,"bolusiob":0}
