{"iob":1.465319264788889,"activity":0.008470987654320987,"bolusiob":0.9319100237111113}
