{"iob":0.14522498425759936,"activity":0.006803967813051145,"bolusiob":0}
