{"iob":0.6588898330982715,"activity":0.014583535353535352,"bolusiob":0.08102727733333338}
