{"iob":-0.013173184972500009,"activity":0.006619646464646464,"bolusiob":0}
