{"iob":-0.09975398855111112,"activity":-0.00004790123456790123,"bolusiob":0}
