{"iob":2.9964918702268752,"activity":0.025154924242424246,"bolusiob":1.59652488055}
