{"iob":0.0045566585622221975,"activity":0.0028814814814814814,"bolusiob":0}
