{"iob":-0.00016635113343750342,"activity":-0.0001785669191919192,"bolusiob":0}
