{"iob":-0.17575004257875002,"activity":-0.0015085416666666665,"bolusiob":0}
