{"iob":0.81471485142625,"activity":0.010535789141414141,"bolusiob":0.2321014851899999}
