{"iob":1.4468954513725005,"activity":0.01810763888888889,"bolusiob":0.34934995749000003}
