{"iob":1.3456162006597225,"activity":0.014287513227513222,"bolusiob":0.5164041984000001}
