{"iob":0.7442274702649999,"activity":0.00042136363636363595,"bolusiob":0.8502842737}
