{"iob":1.2161688357213332,"activity":0.006794938271604937,"bolusiob":0.6699281566755556}
