{"iob":0.4225429926842869,"activity":0.005681073968253968,"bolusiob":0}
