{"iob":1.7925424936366086,"activity":0.009141040652557315,"bolusiob":1.2413748704}
