{"iob":-0.18587196395000002,"activity":0.0005114393939393938,"bolusiob":0}
