{"iob":0.82269178812,"activity":0.015351300505050505,"bolusiob":0.43772143542}
