{"iob":0.6516334571925,"activity":0.01690618686868687,"bolusiob":0.0032247187499999663}
