{"iob":1.9406417178722224,"activity":0.02171922398589065,"bolusiob":0.9372642707199998}
