{"iob":0.5093880800893751,"activity":0.011002954545454547,"bolusiob":0.08144989429250005}
