{"iob":0.07694059109250001,"activity":-0.001061729797979798,"bolusiob":0}
