{"iob":0.9134704955966667,"activity":0.019918271604938267,"bolusiob":0.031839612013333296}
