{"iob":-0.04927495994125,"activity":-0.00006506944444444445,"bolusiob":0}
