{"iob":0.8402627011065014,"activity":0.0019657641666666666,"bolusiob":0.21903176953750003}
