{"iob":0.7586850796365433,"activity":0.01461028058361392,"bolusiob":0}
