{"iob":-0.000001107501666658406,"activity":-0.000024779541446208043,"bolusiob":0}
