{"iob":0.273146639565625,"activity":0.0054266287878787876,"bolusiob":-0.000006983677499994289}
