{"iob":0.196961273125,"activity":0.00028944444444444444,"bolusiob":0.38173920592}
