{"iob":0.1298940106511111,"activity":0.002688924162257495,"bolusiob":0}
