{"iob":0.6446971074804867,"activity":0.016090047654320986,"bolusiob":0}
