{"iob":0.6411874416574684,"activity":0.014224760069444444,"bolusiob":0.09816831548000003}
