{"iob":0.3173429785034723,"activity":0.00440458553791887,"bolusiob":0}
