{"iob":0.3033581109999999,"activity":0.006551781305114638,"bolusiob":0.13444631516}
