{"iob":0.3195913273272223,"activity":0.007713139329805997,"bolusiob":0.02627742259999999}
