{"iob":1.4220247990550001,"activity":0.018350252525252526,"bolusiob":0.30371031317999997}
