{"iob":-0.08316907104222221,"activity":-0.0008902469135802465,"bolusiob":0}
