{"iob":0.32026580191903975,"activity":0.0036001587815656564,"bolusiob":0.28351484796}
