{"iob":0.19545833114,"activity":0.00023972222222222225,"bolusiob":0}
