{"iob":-0.0996434465580247,"activity":-0.000044074074074074076,"bolusiob":0}
