{"iob":0.7366714814599999,"activity":0.0067070017636684295,"bolusiob":0.33705316650666667}
