{"iob":0.29730480634032813,"activity":0.006331557530864186,"bolusiob":0}
