{"iob":1.2870281539619564,"activity":0.0070752563492063455,"bolusiob":0.6444059238400001}
