{"iob":0.92173029332375,"activity":0.017930877525252523,"bolusiob":0.24281881383000004}
