{"iob":2.24135823915608,"activity":0.02458352758377424,"bolusiob":0.84601954108}
