{"iob":-0.09926481178864198,"activity":-0.00008086419753086419,"bolusiob":0}
