{"iob":2.2788624994635556,"activity":0.016108024691358025,"bolusiob":1.4096245578444442}
