{"iob":0.0499840265,"activity":0.000005555555555555555,"bolusiob":0}
