{"iob":1.9650287807968745,"activity":0.0287228851010101,"bolusiob":0.24143768934999987}
