{"iob":0.07212184351652953,"activity":0.0032734483421516746,"bolusiob":0}
