{"iob":0.25125743844062504,"activity":0.005254280303030303,"bolusiob":0}
