{"iob":0.22465532843444444,"activity":0.0031813051146384465,"bolusiob":0}
