{"iob":-0.0270614113099518,"activity":0.0034882535273368584,"bolusiob":0}
