{"iob":2.7365907397465747,"activity":0.00566274287477954,"bolusiob":2.172097703431111}
