{"iob":1.0460525958247127,"activity":0.01024727917929293,"bolusiob":0.2680294141799999}
