{"iob":0.3292483934103704,"activity":0.004528148148148147,"bolusiob":0.054382618453333365}
