{"iob":-0.025094796506666642,"activity":-0.0006750264550264549,"bolusiob":0}
