{"iob":0.27336529494375006,"activity":0.008927493686868689,"bolusiob":0.000378508830000035}
