{"iob":-0.14736284254222223,"activity":-0.00025283950617283947,"bolusiob":0}
