{"iob":0.27606940046,"activity":0.003153915343915344,"bolusiob":-0.00006762623999999607}
