{"iob":0.09590381300062498,"activity":0.006844128787878788,"bolusiob":0}
