{"iob":0.09551226549555555,"activity":0.0003255555555555555,"bolusiob":0}
