{"iob":1.3014807421299563,"activity":0.006872081746031745,"bolusiob":0.66777964544}
