{"iob":1.3100719193600001,"activity":0.010048888888888887,"bolusiob":0.4541613974400001}
