{"iob":2.001590519627222,"activity":0.00507784832451499,"bolusiob":1.9736957084444442}
