{"iob":0.0857051698777778,"activity":0.00383195847362514,"bolusiob":0}
