{"iob":0.4912208107388889,"activity":0.015226455026455022,"bolusiob":0}
