{"iob":0.5936261561203127,"activity":0.011488087121212121,"bolusiob":0.12731623568}
