{"iob":0.042412775513625225,"activity":0.007925321969696971,"bolusiob":0}
