{"iob":0.4324876167499999,"activity":0.02016098484848485,"bolusiob":0}
