{"iob":-0.18242498184457553,"activity":-0.0036904763139329806,"bolusiob":0}
