{"iob":0.4531136961264198,"activity":0.0017035802469135802,"bolusiob":0}
