{"iob":0.4785989777244445,"activity":0.011970917107583771,"bolusiob":0.09227435008000001}
