{"iob":0.1008260963,"activity":0.004364829545454545,"bolusiob":0}
