{"iob":0.4915581062672221,"activity":0.00957289241622575,"bolusiob":0.10890121243999999}
