{"iob":0.04760117390968752,"activity":-0.0004289457070707071,"bolusiob":0}
