{"iob":-0.056239995635000053,"activity":0.005823358585858586,"bolusiob":0}
