{"iob":-0.29387360194125,"activity":-0.00041687500000000004,"bolusiob":0}
