{"iob":0.8192083051227779,"activity":0.0021778395061728397,"bolusiob":0}
