{"iob":-0.049922107829374986,"activity":0.0009195202020202022,"bolusiob":0}
