{"iob":-0.0237391437096875,"activity":0.000882493686868687,"bolusiob":0}
