{"iob":-0.04289198924641976,"activity":-0.00022987654320987655,"bolusiob":0}
