{"iob":-0.043883842584444506,"activity":0.0015218694885361515,"bolusiob":0}
