{"iob":1.9348331112098762,"activity":0.017174523007856338,"bolusiob":1.052915626528395}
