{"iob":-0.09540477219555557,"activity":-0.00033714285714285704,"bolusiob":0}
