{"iob":0.02063711239145788,"activity":-0.0000836685537918871,"bolusiob":0}
