{"iob":0.10427267693555567,"activity":0.005141005291005288,"bolusiob":0}
