{"iob":0.6666055898394445,"activity":0.017850264550264547,"bolusiob":0.006460262399999861}
