{"iob":-0.0882594044488889,"activity":-0.000551358024691358,"bolusiob":0}
