{"iob":1.3785650105955556,"activity":0.0016322222222222218,"bolusiob":1.3943669821333333}
