{"iob":0.2395592297177778,"activity":0.007517178130511463,"bolusiob":0}
