{"iob":0.11595784680125001,"activity":-0.001271155303030303,"bolusiob":0}
