{"iob":-0.08360248897555556,"activity":0.0008203174603174602,"bolusiob":0}
