{"iob":-0.13745930958222224,"activity":-0.0005066666666666667,"bolusiob":0}
