{"iob":-0.08787272582617285,"activity":-0.0004180864197530864,"bolusiob":0}
