{"iob":0.7567677905720918,"activity":0.01442128421516755,"bolusiob":0.0508381652266666}
