{"iob":0.6336673675616888,"activity":0.0050491535626102264,"bolusiob":0.3426685693466667}
