{"iob":1.09720096840125,"activity":0.02120119047619047,"bolusiob":0.2516810404}
