{"iob":-0.18370139143222225,"activity":-0.0010586860670194003,"bolusiob":0}
