{"iob":1.167940277071111,"activity":0.019200617283950613,"bolusiob":0.34672852500000007}
