{"iob":-0.04945362296,"activity":-0.00007333333333333333,"bolusiob":0}
