{"iob":0.04962156174125001,"activity":0.000043958333333333336,"bolusiob":0}
