{"iob":0.10413750807555552,"activity":0.0015014109347442663,"bolusiob":0}
