{"iob":-0.10196650585666667,"activity":0.00833664902998236,"bolusiob":0}
