{"iob":1.0431143551877777,"activity":0.026551710758377416,"bolusiob":0.0727032543999999}
