{"iob":-0.14855173062166666,"activity":-0.00003358024691358035,"bolusiob":0}
