{"iob":-0.24163835137625,"activity":-0.0004195138888888889,"bolusiob":0}
