{"iob":0.16682755664485477,"activity":0.00805054188712522,"bolusiob":-0.000009063000000075761}
