{"iob":0.07913108433422227,"activity":0.004415768799102132,"bolusiob":0}
