{"iob":0.7797981534462501,"activity":0.021690069444444442,"bolusiob":0}
