{"iob":0.04661388484875001,"activity":-0.000798933080808081,"bolusiob":0}
