{"iob":0.12307047663111115,"activity":0.002572486772486771,"bolusiob":0}
