{"iob":-0.12834095798777778,"activity":-0.001074911816578483,"bolusiob":0}
