{"iob":2.1980678584883595,"activity":0.027555101010101012,"bolusiob":0.41704562935}
