{"iob":1.9811562042157225,"activity":0.02958132888257576,"bolusiob":0.4426812781124999}
