{"iob":0.13578601860222228,"activity":0.007928871252204586,"bolusiob":0.0024705696000000277}
