{"iob":0.01776613952111098,"activity":0.006484197530864193,"bolusiob":0}
