{"iob":1.440296398979595,"activity":0.015189820075757572,"bolusiob":0.42037779566500005}
