{"iob":-0.09958653848493829,"activity":-0.000052098765432098775,"bolusiob":0}
