{"iob":1.2720674815855557,"activity":0.0046480070546737196,"bolusiob":0.7952813344711112}
