{"iob":0.238607396659375,"activity":0.01065606691919192,"bolusiob":0.0028929713024999915}
