{"iob":-0.0014131200033333348,"activity":-0.00018183421516754843,"bolusiob":0}
