{"iob":0.16297414675777785,"activity":0.010409629629629626,"bolusiob":0.018175700480000032}
