{"iob":1.0844678854510619,"activity":0.007514893378226712,"bolusiob":0.3997357520750618}
