{"iob":0.6920667250066669,"activity":0.017220511463844797,"bolusiob":0.1600199073066667}
