{"iob":1.8844374299277034,"activity":0.012805864938271603,"bolusiob":0.8929623054222223}
