{"iob":-0.09961590388125,"activity":-0.00004645833333333333,"bolusiob":0}
