{"iob":0.48648115657075613,"activity":0.00020726668430335102,"bolusiob":0}
