{"iob":0.9965483156302124,"activity":0.010470764027777775,"bolusiob":0.22396770017999995}
