{"iob":0.14656314528395065,"activity":0.00024814814814814816,"bolusiob":0}
