{"iob":0.8598396485162499,"activity":0.005426982323232323,"bolusiob":0.571589460525}
