{"iob":0.17568532569531997,"activity":-0.0017797884832451497,"bolusiob":0.18860306261333337}
