{"iob":-0.04800652777777778,"activity":-0.00015432098765432096,"bolusiob":0}
