{"iob":1.0933856590825,"activity":0.013205138888888886,"bolusiob":0.12956594382750017}
