{"iob":1.1400842297411113,"activity":0.025442398589065253,"bolusiob":0.05146549333333317}
