{"iob":1.481798152113906,"activity":0.001837881944444444,"bolusiob":1.61151225025}
