{"iob":0.6127705849953393,"activity":0.01072733659611993,"bolusiob":0.4440861033777778}
