{"iob":-0.09707525240722223,"activity":-0.0002566049382716049,"bolusiob":0}
