{"iob":-0.10178210457055556,"activity":-0.0006036860670194002,"bolusiob":0}
