{"iob":-0.08377217254513888,"activity":-0.00146489417989418,"bolusiob":0}
