{"iob":0.17756693362843753,"activity":0.004384333964646464,"bolusiob":0}
