{"iob":1.771574465445,"activity":0.020901128747795403,"bolusiob":0.8410090474666667}
