{"iob":0.7675965275022224,"activity":0.01706253647586981,"bolusiob":0.05036617152000002}
