{"iob":0.09754583848444444,"activity":-0.00024072310405643695,"bolusiob":0}
