{"iob":0.09990714072000001,"activity":0.00002444444444444444,"bolusiob":0}
