{"iob":-0.01908499156531247,"activity":0.0007342487373737377,"bolusiob":0}
