{"iob":1.2761124457937578,"activity":0.01273983214365881,"bolusiob":0.6984540718222222}
