{"iob":0.10374876414941325,"activity":-0.005416966366843032,"bolusiob":0}
