{"iob":-0.2892863600555555,"activity":-0.0007714814814814815,"bolusiob":0}
