{"iob":1.7826942811881252,"activity":0.011449886363636363,"bolusiob":0.7663082298850002}
