{"iob":0.5936127127150618,"activity":0.01277998877665544,"bolusiob":0}
