{"iob":1.1453373836356249,"activity":0.024228169191919193,"bolusiob":0.1278355606775}
