{"iob":3.6290003463125,"activity":0.02038819444444444,"bolusiob":2.116283202905}
