{"iob":0.18572266439743215,"activity":0.0006424691358024693,"bolusiob":0}
