{"iob":-0.0924570097777778,"activity":-0.0003259259259259259,"bolusiob":0}
