{"iob":1.9708714053515621,"activity":0.0018963005050505047,"bolusiob":2.0270163568600004}
