{"iob":-0.09952611813444445,"activity":0.000032239858906525575,"bolusiob":0}
