{"iob":3.53796079843625,"activity":0.02247830808080808,"bolusiob":2.33335759975}
