{"iob":-0.25500297877347045,"activity":-0.0038216577601410933,"bolusiob":0}
