{"iob":1.7147669364305556,"activity":0.02513840388007054,"bolusiob":0.3875797643466668}
