{"iob":0.019735724964444465,"activity":-0.00116352733686067,"bolusiob":0}
