{"iob":0.7223810581549921,"activity":0.012332686237373738,"bolusiob":0.0003174283199998129}
