{"iob":-0.04291364255604939,"activity":-0.00022950617283950617,"bolusiob":0}
