{"iob":0.6296832081500077,"activity":0.0034391365432098757,"bolusiob":0}
