{"iob":0.12181738584000001,"activity":0.00296625,"bolusiob":0}
