{"iob":0.5897323888790125,"activity":0.015117934904601572,"bolusiob":0}
