{"iob":-0.051141991747777775,"activity":-0.00021384479717813037,"bolusiob":0}
