{"iob":0.22475191121555552,"activity":0.0074886419753086375,"bolusiob":0}
