{"iob":1.5248920051298764,"activity":0.007792087542087542,"bolusiob":1.2004247481046912}
