{"iob":0.09912927757000001,"activity":0.00008861111111111111,"bolusiob":0}
