{"iob":0.16907637466,"activity":0.0037697883597883593,"bolusiob":0}
