{"iob":0.3183367153133334,"activity":0.009906313932980599,"bolusiob":0.005188044133333181}
