{"iob":0.012697319804444447,"activity":0.0003328843995510662,"bolusiob":0}
