{"iob":2.068891636987778,"activity":0.016573880070546734,"bolusiob":1.7522470446755554}
