{"iob":-0.17961720275333332,"activity":-0.0015941269841269836,"bolusiob":0}
