{"iob":1.2765246080050001,"activity":0.008074065656565658,"bolusiob":0.57010007552}
