{"iob":0.3314689804027778,"activity":0.0011675132275132275,"bolusiob":0}
