{"iob":0.043248579271111115,"activity":0.00022370370370370372,"bolusiob":0}
