{"iob":-0.013049100506666661,"activity":-0.0007935449735449735,"bolusiob":0}
