{"iob":-0.11780762452,"activity":0.0015098589065255725,"bolusiob":0}
