{"iob":0.058236422222222244,"activity":0.0036139169472502804,"bolusiob":0}
