{"iob":2.258841428168593,"activity":0.017777458964646466,"bolusiob":1.2614453080899999}
