{"iob":0.2172431273183334,"activity":0.007883350970017636,"bolusiob":0.027162510080000014}
