{"iob":-0.0410886935311111,"activity":-0.00047765432098765425,"bolusiob":0}
