{"iob":0.52393122084625,"activity":0.012815088383838382,"bolusiob":0}
