{"iob":0.7189887522133336,"activity":0.012135398428731759,"bolusiob":0}
