{"iob":0.09937020757781251,"activity":0.00007559027777777778,"bolusiob":0}
