{"iob":0.48987390419753085,"activity":0.0007901234567901233,"bolusiob":0.4647635279012346}
