{"iob":0.04051039955753087,"activity":0.00026765432098765435,"bolusiob":0}
