{"iob":-0.08590933422555577,"activity":0.00884028218694885,"bolusiob":0}
