{"iob":0.22915058639222222,"activity":0.013222716049382709,"bolusiob":0}
