{"iob":2.479581232381366,"activity":0.015780256102292764,"bolusiob":1.4519087288533332}
