{"iob":0.06542459971249986,"activity":0.008998352272727274,"bolusiob":0}
