{"iob":2.4182811227849954,"activity":0.018846960296717168,"bolusiob":0.73302099}
