{"iob":-0.04397133512375006,"activity":0.006089135101010101,"bolusiob":0}
