{"iob":1.2942554362411112,"activity":0.022739259259259254,"bolusiob":0.40271723762666667}
