{"iob":0.8161939144561622,"activity":0.012304547196969697,"bolusiob":0}
