{"iob":-0.048826385284999996,"activity":-0.00008597222222222223,"bolusiob":0}
