{"iob":0.7470204216615013,"activity":0.004134324772727274,"bolusiob":0.07563953203750004}
