{"iob":-0.05241925872,"activity":-0.00037544973544973483,"bolusiob":0}
