{"iob":-0.028293541417777783,"activity":0.001088783068783069,"bolusiob":0}
