{"iob":0.14120616736111113,"activity":0.004126102292768958,"bolusiob":0}
