{"iob":-0.2420493016555556,"activity":-0.0004570546737213403,"bolusiob":0}
