{"iob":-0.19377018474444446,"activity":-0.0008781657848324513,"bolusiob":0}
