{"iob":1.701073504708097,"activity":0.004122008855218854,"bolusiob":1.5253116423269135}
