{"iob":0.37738030509777787,"activity":0.007421442199775533,"bolusiob":0.006172053404444444}
