{"iob":0.4965085941275951,"activity":0.016248297285353534,"bolusiob":0}
