{"iob":2.2275676502511113,"activity":0.011823827160493825,"bolusiob":1.5958396723200001}
