{"iob":0.41806291774777776,"activity":0.016706675485008815,"bolusiob":0}
