{"iob":0.48332583061311724,"activity":0.011015577651515153,"bolusiob":0}
