{"iob":0.08553559754124994,"activity":0.008869678030303032,"bolusiob":0.02155634150250001}
