{"iob":1.5612297888068751,"activity":0.0236808648989899,"bolusiob":0.34364199489749997}
