{"iob":1.2005997340405246,"activity":0.027001313668430327,"bolusiob":0.09295395199999994}
