{"iob":1.8550754566333332,"activity":0.0322942680776014,"bolusiob":0.2706789932133334}
