{"iob":1.19397498483,"activity":0.011769949494949493,"bolusiob":0.49766441964999997}
