{"iob":-0.050069644221111105,"activity":-0.00006250440917107577,"bolusiob":0}
