{"iob":-0.1470461862722222,"activity":-0.00039479717813051127,"bolusiob":0}
