{"iob":-0.4102164142361111,"activity":-0.0011366843033509709,"bolusiob":0}
