{"iob":2.0874579447231945,"activity":0.003106499118165784,"bolusiob":1.999085030968889}
