{"iob":1.8356554798699998,"activity":0.011751587301587298,"bolusiob":0.9598997552}
