{"iob":0.19946240750444455,"activity":0.004753507295173963,"bolusiob":0}
