{"iob":0.19832768503874998,"activity":0.005589943181818181,"bolusiob":0}
