{"iob":1.0194699287294446,"activity":0.025508430335096997,"bolusiob":-0.0006091862399999149}
