{"iob":0.1342346053655555,"activity":0.010890017636684297,"bolusiob":0}
