{"iob":0.5617815299983662,"activity":0.013208906084656084,"bolusiob":0.0017091430399998942}
