{"iob":0.6790231176849384,"activity":0.0072683950617283945,"bolusiob":0.18618599022222232}
