{"iob":0.19582158453388893,"activity":0.000717848324514991,"bolusiob":0}
