{"iob":0.6648780506772223,"activity":0.014500978835978836,"bolusiob":0}
