{"iob":1.4825276702266668,"activity":0.002432839506172839,"bolusiob":1.6134574804444444}
