{"iob":-0.14834921459125,"activity":-0.00014909722222222223,"bolusiob":0}
