{"iob":1.1326504645750002,"activity":0.008244255050505049,"bolusiob":0.6407547607599999}
