{"iob":-0.04998906908444445,"activity":-0.000003950617283950617,"bolusiob":0}
