{"iob":0.0896064967111112,"activity":0.009261503928170595,"bolusiob":0}
