{"iob":1.3360458780291666,"activity":0.010709320987654317,"bolusiob":0.6576229802400001}
