{"iob":0.3667312932433334,"activity":0.003135485008818342,"bolusiob":0}
