{"iob":1.0443585494044443,"activity":0.01480074074074074,"bolusiob":0.1271049272533332}
