{"iob":0.10399344504444445,"activity":-0.0011823104056437387,"bolusiob":0}
