{"iob":0.4785693087543751,"activity":0.015991477272727275,"bolusiob":0}
