{"iob":0.04940517361111112,"activity":0.00007716049382716048,"bolusiob":0}
