{"iob":0.049975146160000004,"activity":0.000008148148148148148,"bolusiob":0}
