{"iob":0.2409925442074074,"activity":0.000467283950617284,"bolusiob":0}
