{"iob":0.3201660836422222,"activity":0.0015771604938271603,"bolusiob":0}
