{"iob":-0.06577746032666666,"activity":-0.0008581128747795412,"bolusiob":0}
