{"iob":-0.14760450156246913,"activity":-0.0001854320987654321,"bolusiob":0}
