{"iob":-0.09853163653555555,"activity":-0.00026289241622574937,"bolusiob":0}
