{"iob":0.6041385071121701,"activity":0.00548571389770723,"bolusiob":0.29514810048}
