{"iob":0.16862870712,"activity":0.001298518518518518,"bolusiob":0}
