{"iob":0.5567025023246874,"activity":0.018391934974747476,"bolusiob":0.11015891433750002}
