{"iob":-0.04002999666747863,"activity":0.0008891531746031743,"bolusiob":0}
