{"iob":-0.04280882807499996,"activity":0.0036862698412698414,"bolusiob":0}
