{"iob":2.3738980062495196,"activity":0.023566384726631386,"bolusiob":1.05224884156}
