{"iob":1.0007246928506253,"activity":0.020459406565656563,"bolusiob":0.10623308799999993}
