{"iob":0.7168352247279451,"activity":0.013266622569444442,"bolusiob":0.012120381105000088}
