{"iob":0.8550715768651852,"activity":0.006802255892255892,"bolusiob":0.4509666431683952}
