{"iob":1.874467777553709,"activity":0.010199937380050504,"bolusiob":1.0330164637500001}
