{"iob":2.0734827706353127,"activity":0.008977127525252523,"bolusiob":1.72885583926}
