{"iob":0.5554229713144444,"activity":0.01507532627865961,"bolusiob":0.023215356320000005}
