{"iob":1.211157935372656,"activity":0.009945091540404039,"bolusiob":0.40576029848999995}
