{"iob":0.09973528380839508,"activity":0.00003864197530864197,"bolusiob":0}
