{"iob":1.9804649719200753,"activity":0.000746702028218695,"bolusiob":1.9184068064}
