{"iob":0.7347928127514345,"activity":0.012191643209876538,"bolusiob":0}
