{"iob":-0.04986241434125,"activity":-0.000022708333333333338,"bolusiob":0}
