{"iob":1.297916788912222,"activity":0.022121922398589053,"bolusiob":0.145473328}
