{"iob":-0.09958538247111112,"activity":-0.000051481481481481486,"bolusiob":0}
