{"iob":-0.2554833098401389,"activity":-0.0016428659611992947,"bolusiob":0}
