{"iob":-0.0993818960288889,"activity":-0.00008234567901234567,"bolusiob":0}
