{"iob":0.20076207385343756,"activity":0.004220669191919192,"bolusiob":0}
