{"iob":0.515534389894363,"activity":0.010341610437710435,"bolusiob":0.031712646400000016}
