{"iob":-0.04976695563777778,"activity":-0.000043086419753086416,"bolusiob":0}
