{"iob":-0.06776393826057914,"activity":-0.0012014988536155197,"bolusiob":0}
