{"iob":0.10807396234666672,"activity":0.00933771043771044,"bolusiob":0}
