{"iob":-0.21755171227111114,"activity":-0.00257042328042328,"bolusiob":0}
