{"iob":0.29208136394875006,"activity":0.012268699494949496,"bolusiob":0.014419301920000028}
