{"iob":-0.19486918216000002,"activity":-0.0004237037037037037,"bolusiob":0}
