{"iob":0.20587036396124994,"activity":0.009589690656565657,"bolusiob":0}
