{"iob":-0.034286726207222215,"activity":0.002329550264550264,"bolusiob":0}
