{"iob":0.587431746809661,"activity":0.004477901975308641,"bolusiob":0}
