{"iob":1.40896900017125,"activity":0.020627954545454547,"bolusiob":0.5482666267724999}
