{"iob":0.0007558336299999969,"activity":0.00012751322751322755,"bolusiob":0}
