{"iob":-0.09925762117,"activity":-0.00006833333333333333,"bolusiob":0}
