{"iob":0.0852062350281251,"activity":0.007204166666666667,"bolusiob":0}
