{"iob":0.5667813578103704,"activity":0.0014501851851851848,"bolusiob":0}
