{"iob":0.06225200357944441,"activity":0.0018444091710758364,"bolusiob":0}
