{"iob":1.8947000628205235,"activity":0.023367053633156963,"bolusiob":0.6848463942133333}
