{"iob":0.026167657955555423,"activity":0.007916947250280585,"bolusiob":0}
