{"iob":0.29707549240375014,"activity":0.01280378787878788,"bolusiob":0}
