{"iob":0.5875220287156515,"activity":0.002376173209876543,"bolusiob":0.18772167414518517}
