{"iob":0.6138507951477777,"activity":0.011600194003527336,"bolusiob":0.18127418170666662}
