{"iob":0.1881560563255555,"activity":0.012602645502645496,"bolusiob":0}
