{"iob":1.7955626983870876,"activity":0.018278231481481475,"bolusiob":0.8117855496088889}
