{"iob":1.3525245066647702,"activity":0.0012458648295454544,"bolusiob":1.4890199549999998}
