{"iob":2.2823296127075,"activity":0.009407222222222221,"bolusiob":1.54460869362}
