{"iob":0.04936466111111111,"activity":0.00008024691358024691,"bolusiob":0}
