{"iob":1.9600416640772222,"activity":0.020366869488536152,"bolusiob":1.1449956}
