{"iob":0.45853478730271613,"activity":0.012482850729517395,"bolusiob":0}
