{"iob":-0.23417066974024692,"activity":-0.0006575308641975308,"bolusiob":0}
