{"iob":0.0691383212855555,"activity":0.004347089947089943,"bolusiob":0}
