{"iob":0.432601064099037,"activity":0.01650684276895943,"bolusiob":0}
