{"iob":1.575143724146853,"activity":0.014507373642676766,"bolusiob":0.6833935944000001}
