{"iob":-0.05290305852406251,"activity":0.0071674684343434325,"bolusiob":0}
