{"iob":0.5679991626500002,"activity":0.016796931216931214,"bolusiob":0.011620324999999931}
