{"iob":-0.2386140376248833,"activity":-0.0037701059435626097,"bolusiob":0}
