{"iob":0.9323366418801889,"activity":0.010964805396825397,"bolusiob":0.2726546026666667}
