{"iob":-0.1122794927565432,"activity":0.002595656565656565,"bolusiob":0}
