{"iob":0.33597956119333333,"activity":0.0031892592592592584,"bolusiob":0.024930459839999995}
