{"iob":-0.04478658296,"activity":-0.00026,"bolusiob":0}
