{"iob":1.9036347779490623,"activity":0.01976611426767676,"bolusiob":1.1076299288700002}
