{"iob":1.7250235186037504,"activity":0.023370378787878787,"bolusiob":0.4046047084799999}
