{"iob":-0.032123565300000004,"activity":0.0024640740740740743,"bolusiob":0}
