{"iob":-0.0450004454090625,"activity":-0.0002749652777777778,"bolusiob":0}
