{"iob":-0.11955559123944445,"activity":-0.0012687125220458555,"bolusiob":0}
