{"iob":2.5812527601252873,"activity":0.021055415202821864,"bolusiob":1.3375831224799999}
