{"iob":0.5243010509411111,"activity":0.015187513227513223,"bolusiob":0}
