{"iob":0.32073051871111113,"activity":0.0015108641975308638,"bolusiob":0.19051410602666666}
