{"iob":-0.21661093868666667,"activity":-0.0018016225749559079,"bolusiob":0}
