{"iob":1.8340739848994443,"activity":0.027759038800705464,"bolusiob":0.5525156736}
