{"iob":0.5294962866116666,"activity":0.010289506172839505,"bolusiob":0.13096193564}
