{"iob":1.5833581448383334,"activity":0.0022224074074074073,"bolusiob":1.4560982165333334}
