{"iob":0.34826485981234595,"activity":0.015179382716049383,"bolusiob":0.00010816725333322453}
