{"iob":0.34012359021847316,"activity":0.003634568395061728,"bolusiob":0}
