{"iob":0.7545486092236102,"activity":0.004987125996472662,"bolusiob":0}
