{"iob":1.223321121488333,"activity":0.0011388007054673722,"bolusiob":1.4425915805333334}
