{"iob":0.12658126319555557,"activity":0.002938253968253968,"bolusiob":0.010168455253333342}
