{"iob":0.6684827868311111,"activity":0.010818518518518514,"bolusiob":0.287865696}
