{"iob":0.39056192500406617,"activity":-0.0005476954292929293,"bolusiob":0}
