{"iob":0.29420062396059987,"activity":0.0005697533333333334,"bolusiob":0}
