{"iob":0.14591208288055554,"activity":0.00024280423280423282,"bolusiob":0}
