{"iob":0.7345140652252778,"activity":0.0250987389770723,"bolusiob":0.022045196133333222}
