{"iob":-0.1976900387227778,"activity":-0.002975890652557318,"bolusiob":0}
