{"iob":2.261468509875625,"activity":0.012406054292929293,"bolusiob":1.7160652014300002}
