{"iob":1.8127623861195077,"activity":0.014424630370370365,"bolusiob":0.7792661879466667}
