{"iob":0.24534684485555558,"activity":0.00046358024691358013,"bolusiob":0}
