{"iob":-0.0498006785,"activity":-0.000038888888888888884,"bolusiob":0}
