{"iob":0.2699438930675897,"activity":0.00886315925925926,"bolusiob":0}
