{"iob":0.5620538008131251,"activity":0.010652335858585856,"bolusiob":0.07920444622249996}
