{"iob":0.887806508836667,"activity":0.018111851851851844,"bolusiob":0}
