{"iob":-0.0033601269724999883,"activity":0.0013969823232323235,"bolusiob":0}
