{"iob":-0.015513517935555554,"activity":-0.0017051499118165784,"bolusiob":0}
