{"iob":0.7473420767966668,"activity":0.01804208112874779,"bolusiob":-0.0004282247866665756}
