{"iob":-0.09415603333801735,"activity":0.0006499819223985888,"bolusiob":0}
