{"iob":1.039698021347401,"activity":0.0115123992063492,"bolusiob":0.24875471104000005}
