{"iob":0.973785312998656,"activity":0.01588382569023569,"bolusiob":0.0031622766222222376}
