{"iob":2.034667928686562,"activity":0.01895414457070707,"bolusiob":1.4238227501249998}
