{"iob":0.04961240516444445,"activity":-0.00007359788359788348,"bolusiob":0}
