{"iob":-0.0546744183927778,"activity":-0.0008405996472663139,"bolusiob":0}
