{"iob":1.4825267211417286,"activity":0.01732781144781145,"bolusiob":0.33066234567111136}
