{"iob":-0.09841888483777778,"activity":-0.00017543209876543208,"bolusiob":0}
