{"iob":-0.28848778795999996,"activity":-0.000714673721340388,"bolusiob":0}
