{"iob":1.1591739525325002,"activity":0.008794444444444443,"bolusiob":0.459309550575}
