{"iob":1.822130670023667,"activity":0.02921122398589065,"bolusiob":0.31031740618666664}
