{"iob":0.049357458410000006,"activity":-0.0039861199294532615,"bolusiob":0}
