{"iob":0.29128193518222223,"activity":0.011052861952861953,"bolusiob":0}
