{"iob":0.15902054320409978,"activity":0.010783597231040562,"bolusiob":0}
