{"iob":0.03873619900088889,"activity":0.0038433782267115607,"bolusiob":0}
