{"iob":0.4497520975331173,"activity":0.010807149621212122,"bolusiob":0}
