{"iob":1.4869954937400003,"activity":0.015724797979797978,"bolusiob":0.3337505043400001}
