{"iob":-0.04703798893827161,"activity":-0.00014382716049382718,"bolusiob":0}
