{"iob":0.673369006014375,"activity":0.019552342171717176,"bolusiob":0.0038696351999998324}
