{"iob":-0.06642913113500012,"activity":0.00555820707070707,"bolusiob":0}
