{"iob":0.022272748148888723,"activity":0.003216843033509699,"bolusiob":-0.00001711424000000461}
