{"iob":-0.09185642863918758,"activity":0.007591231060606061,"bolusiob":0}
