{"iob":0.29939247628625,"activity":0.000105625,"bolusiob":0.19873425986}
