{"iob":1.0503294876688891,"activity":0.018433844797178123,"bolusiob":0.1527659197333333}
