{"iob":-0.24127263114875003,"activity":-0.0004897916666666667,"bolusiob":0}
