{"iob":0.7230996082000002,"activity":0.020157142857142853,"bolusiob":0}
