{"iob":0.08956178705555551,"activity":0.0078826455026455,"bolusiob":0}
