{"iob":1.852922941776834,"activity":0.010269489153439152,"bolusiob":0.88819927952}
