{"iob":1.0948724260192124,"activity":0.01002379433080808,"bolusiob":0.31923532818}
