{"iob":-0.058170131958333336,"activity":-0.002212786596119928,"bolusiob":0}
