{"iob":1.3307734221257779,"activity":0.00207679012345679,"bolusiob":1.0404636160711112}
