{"iob":-0.0648206422111111,"activity":0.0010685537918871252,"bolusiob":0}
