{"iob":-0.04979295771777778,"activity":-0.000039876543209876544,"bolusiob":0}
