{"iob":1.0892805554487501,"activity":0.0024124305555555557,"bolusiob":0.97282710468}
