{"iob":0.37531945742749995,"activity":0.0011623611111111112,"bolusiob":0.14304799976000002}
