{"iob":0.010414204499062475,"activity":-0.0034324242424242425,"bolusiob":0}
