{"iob":0.29890541244,"activity":0.00016499999999999997,"bolusiob":0.29672173776}
