{"iob":1.00764505015125,"activity":0.010841193181818181,"bolusiob":0.5565978002775}
