{"iob":1.4768007223491577,"activity":0.00777730965909091,"bolusiob":0.14991030611250006}
