{"iob":1.77948583962,"activity":0.0007282539682539682,"bolusiob":1.9614002044444445}
