{"iob":1.5020086031529165,"activity":0.016453024691358023,"bolusiob":0.6138718167466668}
