{"iob":2.046685652495312,"activity":0.00005149621212121201,"bolusiob":2.1495262309400003}
