{"iob":0.033606167765,"activity":0.00035597222222222226,"bolusiob":0}
