{"iob":1.8055534384755558,"activity":0.016529400352733675,"bolusiob":0.7857286195200001}
