{"iob":0.5121512617599998,"activity":0.013066155202821863,"bolusiob":0}
