{"iob":1.26546032660457,"activity":0.009954400460858586,"bolusiob":0.42914022900000004}
