{"iob":0.045041063965,"activity":0.0001898611111111111,"bolusiob":0}
