{"iob":0.8743189804056248,"activity":0.010205953282828284,"bolusiob":0.30119078974999997}
