{"iob":-0.11337834090499999,"activity":-0.0010358648989898989,"bolusiob":0}
