{"iob":-0.04860827641679013,"activity":-0.00009469135802469136,"bolusiob":0}
