{"iob":0.08872478068166663,"activity":-0.0008715167548500887,"bolusiob":0}
