{"iob":1.2537627232389061,"activity":0.007462881944444443,"bolusiob":0.6627651736875}
