{"iob":1.2671251604781248,"activity":0.02510635101010101,"bolusiob":0.0731754669825}
