{"iob":1.037788645516875,"activity":0.012100890151515152,"bolusiob":0.69787309375}
