{"iob":-0.09960796864000002,"activity":-0.00004888888888888888,"bolusiob":0}
