{"iob":1.1837468869233332,"activity":0.021940934744268073,"bolusiob":0.15580857920000002}
