{"iob":3.218822615937828,"activity":0.01454892106060606,"bolusiob":1.8045888782}
