{"iob":0.08549120834375004,"activity":0.0014090972222222224,"bolusiob":0.026846411735}
