{"iob":0.9065366479012346,"activity":0.003554320987654321,"bolusiob":0.6548314266666667}
