{"iob":0.025611943733750003,"activity":0.00040637626262626266,"bolusiob":0}
