{"iob":0.24964404171444454,"activity":0.008433156966490296,"bolusiob":0}
