{"iob":0.4640122000623493,"activity":0.012026190035273365,"bolusiob":0}
