{"iob":0.4633716391455554,"activity":0.016106507936507936,"bolusiob":0}
