{"iob":0.29851506085,"activity":0.002941975308641975,"bolusiob":0}
