{"iob":0.2176723706716668,"activity":0.013187513227513223,"bolusiob":0}
