{"iob":-0.09770792240611112,"activity":-0.00024007054673721328,"bolusiob":0}
