{"iob":-0.09285760616833336,"activity":-0.004903633156966489,"bolusiob":0}
