{"iob":0.09963415797777778,"activity":0.00006716049382716048,"bolusiob":0}
