{"iob":0.7965648365244445,"activity":0.020126419753086416,"bolusiob":0}
