{"iob":0.22896193531274311,"activity":0.004529153439153438,"bolusiob":0}
