{"iob":0.04367956493281252,"activity":-0.0010516729797979798,"bolusiob":0}
