{"iob":0.13818059339,"activity":0.0033625396825396814,"bolusiob":0}
