{"iob":0.8902276395234294,"activity":0.0024204807760141076,"bolusiob":0.3318182166755556}
