{"iob":1.086884038368889,"activity":0.015118024691358024,"bolusiob":0.2987475143466665}
