{"iob":-0.14871306198375,"activity":-0.00013409722222222225,"bolusiob":0}
