{"iob":1.120258464031605,"activity":0.0020687654320987654,"bolusiob":1.0072304391111113}
