{"iob":0.4164106689168751,"activity":0.011811540404040404,"bolusiob":0.03997608163000002}
