{"iob":-0.18693199682444445,"activity":-0.0007206172839506173,"bolusiob":0}
