{"iob":2.2630422920675004,"activity":0.009811666666666666,"bolusiob":1.4974131536200002}
