{"iob":1.4749507850574997,"activity":0.0052719444444444446,"bolusiob":1.17565461128}
