{"iob":2.043139669457548,"activity":0.014371587441077442,"bolusiob":0.9423383469155556}
