{"iob":-0.0662487571638889,"activity":-0.0009488271604938268,"bolusiob":0}
