{"iob":2.830214173293778,"activity":0.010342081128747793,"bolusiob":2.0473711999999997}
