{"iob":-0.04998717078444445,"activity":-0.000004567901234567901,"bolusiob":0}
