{"iob":2.763200227063837,"activity":0.0196571515530303,"bolusiob":1.1967126866}
