{"iob":1.8132706010012498,"activity":0.021821148989898984,"bolusiob":1.07052138328}
