{"iob":1.9349420624462497,"activity":0.02236322601010101,"bolusiob":0.52396094528}
