{"iob":1.4107114556997533,"activity":0.01743607182940516,"bolusiob":0.18117733287111112}
