{"iob":0.4501732181150003,"activity":0.018928571428571427,"bolusiob":0}
