{"iob":0.8010157200438891,"activity":0.02120749559082892,"bolusiob":0.016741370199999828}
