{"iob":0.050043546047777845,"activity":0.000015661375661372396,"bolusiob":0}
