{"iob":1.5700126414382012,"activity":0.0240774865079365,"bolusiob":0.3609209651199999}
