{"iob":0.07798185505876543,"activity":0.0005783333333333333,"bolusiob":0}
