{"iob":-0.12794716806833334,"activity":-0.002700194003527336,"bolusiob":0}
