{"iob":0.000006241340000007201,"activity":-0.000020634920634920572,"bolusiob":0}
