{"iob":0.6405134014045658,"activity":0.002724585273368606,"bolusiob":0.67144238224}
