{"iob":0.7239107396349977,"activity":0.009318609647266314,"bolusiob":0.09913424876}
