{"iob":-0.04914783555111107,"activity":0.0003419753086419745,"bolusiob":0}
