{"iob":-0.049991520126419754,"activity":-0.0000023456790123456787,"bolusiob":0}
