{"iob":0.9131608993106171,"activity":-0.0008480695847362517,"bolusiob":1.1811714321066666}
