{"iob":-0.1375463260145026,"activity":-0.0005045680246913581,"bolusiob":0}
