{"iob":-0.07555603946666671,"activity":-0.0017331649831649836,"bolusiob":0}
