{"iob":0.11668967234302181,"activity":0.006545341975308641,"bolusiob":0}
