{"iob":0.09954623029333334,"activity":-0.00010490460157126838,"bolusiob":0}
