{"iob":-0.003761533439999916,"activity":0.006053939393939394,"bolusiob":0}
