{"iob":1.0264560465688877,"activity":0.0027758936507936496,"bolusiob":0.30050315200000005}
