{"iob":2.4997373786511115,"activity":0.013362663139329801,"bolusiob":1.7416454770977778}
