{"iob":1.4541717900187652,"activity":0.008950336700336702,"bolusiob":0.9282172069688892}
