{"iob":0.020444678222222224,"activity":0.0003799102132435466,"bolusiob":0}
