{"iob":0.14711204058666666,"activity":0.0002755555555555555,"bolusiob":0}
