{"iob":-0.292530289045,"activity":-0.0006168518518518518,"bolusiob":0}
