{"iob":-0.1592735930044445,"activity":-0.0010106701940035272,"bolusiob":0}
