{"iob":-0.14813848402613078,"activity":-0.0026823231376262627,"bolusiob":0}
