{"iob":2.679716970223481,"activity":0.020566882771464644,"bolusiob":1.06443797935}
