{"iob":0.8741749015787501,"activity":0.015583901515151516,"bolusiob":0.47577647958}
