{"iob":-0.189642030225,"activity":-0.0007480864197530863,"bolusiob":0}
