{"iob":-0.09841238534555558,"activity":0.00008881834215167508,"bolusiob":0}
