{"iob":0.3609938199682813,"activity":0.016962496843434344,"bolusiob":0}
