{"iob":0.4244843516477778,"activity":0.012391305114638446,"bolusiob":0.0035874523199999953}
