{"iob":0.058274067350625076,"activity":0.0060486742424242426,"bolusiob":0}
