{"iob":-0.09998175416777777,"activity":-0.0001343915343915344,"bolusiob":0}
