{"iob":0.035930360861551706,"activity":0.007979258941798942,"bolusiob":0}
