{"iob":-0.0258138945097222,"activity":-0.0008471340388007055,"bolusiob":0}
