{"iob":1.660940612984202,"activity":0.031858006984126976,"bolusiob":0.1223552}
