{"iob":0.0986346973688889,"activity":0.00015358024691358024,"bolusiob":0}
