{"iob":-0.09750858375555557,"activity":0.0001876543209876543,"bolusiob":0}
