{"iob":-0.154975787255,"activity":-0.0008680599647266314,"bolusiob":0}
