{"iob":-0.14944636988415222,"activity":0.007161880606060603,"bolusiob":0}
