{"iob":0.49491758533042585,"activity":0.0007934945391414141,"bolusiob":0}
