{"iob":1.3860505398777778,"activity":0.016693298059964726,"bolusiob":0.3962444595200001}
