{"iob":2.360590418392223,"activity":0.002814726631393297,"bolusiob":2.3630398088533333}
