{"iob":-0.32183780985264443,"activity":0.00003708982363315649,"bolusiob":0}
