{"iob":0.1446625850577778,"activity":0.007216578483245149,"bolusiob":0}
