{"iob":0.37881394818250014,"activity":0.011793920454545454,"bolusiob":0.02731462800000002}
