{"iob":-0.049993763904444447,"activity":-0.0000023456790123456787,"bolusiob":0}
