{"iob":3.848412911965828,"activity":0.02070392999368687,"bolusiob":2.05542726705}
