{"iob":0.042484322531250014,"activity":-0.00044244949494949494,"bolusiob":0}
