{"iob":0.9788858035737499,"activity":0.011052411616161616,"bolusiob":0.4893151230825}
