{"iob":-0.09870576212944446,"activity":-0.00006862433862433873,"bolusiob":0}
