{"iob":0.31988764898111105,"activity":0.009819876543209875,"bolusiob":0}
