{"iob":0.6596829737876544,"activity":0.01476776655443322,"bolusiob":0.06371956615111118}
