{"iob":0.42813001086999997,"activity":0.012121104797979796,"bolusiob":0.019544584030000013}
