{"iob":0.33777599667222236,"activity":0.010128289241622573,"bolusiob":0.042929543679999994}
