{"iob":0.46982633786388894,"activity":-0.002176966490299824,"bolusiob":0}
