{"iob":-0.06961621624493827,"activity":0.001555409652076319,"bolusiob":0}
