{"iob":0.020587354912222314,"activity":0.004764215167548502,"bolusiob":0}
