{"iob":0.618301852277778,"activity":0.016863844797178132,"bolusiob":0}
