{"iob":1.6790298969,"activity":0.006759999999999999,"bolusiob":1.4326230908444446}
