{"iob":-0.04892877393382716,"activity":-0.00008160493827160494,"bolusiob":0}
