{"iob":0.09592517433258996,"activity":0.0002458334027777778,"bolusiob":0}
