{"iob":1.4206841052399999,"activity":0.024119153439153433,"bolusiob":0.3082077382}
