{"iob":0.1487863280632099,"activity":0.004781661054994388,"bolusiob":0}
