{"iob":0.809796789328501,"activity":0.002833188409090909,"bolusiob":0.15274462453750004}
