{"iob":0.17656177576993864,"activity":0.003995388271604932,"bolusiob":0}
