{"iob":1.8372665505690629,"activity":0.015532247474747473,"bolusiob":1.07853454344}
