{"iob":0.8553788777725001,"activity":0.016124223484848484,"bolusiob":0.017358153449999913}
