{"iob":-0.05192859823111111,"activity":-0.0002256437389770723,"bolusiob":0}
