{"iob":-0.2434514703705556,"activity":-0.00240657848324515,"bolusiob":0}
