{"iob":1.7870856683172223,"activity":0.015854179894179893,"bolusiob":0.89525711072}
