{"iob":0.36538041089777784,"activity":0.012949876543209874,"bolusiob":0}
