{"iob":0.6224701599288889,"activity":0.0015453086419753084,"bolusiob":0.4240728655012345}
