{"iob":0.2421409834688889,"activity":0.0005865432098765433,"bolusiob":0}
