{"iob":0.333316327256134,"activity":0.002581340758377425,"bolusiob":0}
