{"iob":0.08034717494000003,"activity":0.0014753968253968252,"bolusiob":0}
