{"iob":0.4021088809871875,"activity":0.010936881313131313,"bolusiob":0}
