{"iob":-0.09978314108888889,"activity":-0.00004345679012345679,"bolusiob":0}
