{"iob":0.8243143138888887,"activity":0.010073985890652554,"bolusiob":0}
