{"iob":0.04785393944,"activity":0.00012055555555555555,"bolusiob":0}
