{"iob":-0.04055206727111111,"activity":-0.00026703703703703704,"bolusiob":0}
