{"iob":2.5841824539666667,"activity":0.027694523809523804,"bolusiob":1.0420102111733334}
