{"iob":-0.03403050784374989,"activity":0.005700694444444445,"bolusiob":0}
