{"iob":0.6241021487956666,"activity":0.019677336208112867,"bolusiob":0}
