{"iob":-0.049992267321250006,"activity":-0.000002152777777777778,"bolusiob":0}
