{"iob":3.0961260711298997,"activity":0.001424340347222222,"bolusiob":2.9658255996}
