{"iob":0.7370964279933334,"activity":0.0034243209876543205,"bolusiob":0.3424694390755556}
