{"iob":0.8496767051328629,"activity":0.013877834690656565,"bolusiob":0.057690541999999984}
