{"iob":0.8314252604128396,"activity":0.005228641975308642,"bolusiob":0.48502419249777784}
