{"iob":0.5119425633126389,"activity":-0.00026260141093474424,"bolusiob":0.5677951522133333}
