{"iob":1.88158611538875,"activity":0.01602563131313131,"bolusiob":0.8197543184175}
