{"iob":0.8830207750688888,"activity":0.027232239858906517,"bolusiob":0.05423934720000001}
