{"iob":-0.14843929181999999,"activity":-0.00017666666666666663,"bolusiob":0}
