{"iob":0.24530503148406252,"activity":0.01055759154040404,"bolusiob":0.0026975848374999334}
