{"iob":1.48393235337625,"activity":0.016953825757575758,"bolusiob":0.47886023364249997}
