{"iob":-0.1203959803511111,"activity":0.0009110934744268076,"bolusiob":0}
