{"iob":2.2971478269565617,"activity":0.02176665663139329,"bolusiob":0.7464853934311112}
