{"iob":0.9054501387891359,"activity":0.006252693602693603,"bolusiob":0.5364779849007408}
