{"iob":0.15600578881445293,"activity":0.007911728058361392,"bolusiob":0}
