{"iob":0.04937944782812512,"activity":0.008175157828282832,"bolusiob":0}
