{"iob":-0.09893831836444446,"activity":-0.00010296296296296296,"bolusiob":0}
