{"iob":2.6345904242212494,"activity":0.031021136363636365,"bolusiob":0.5563134801849998}
