{"iob":-0.11011653233314724,"activity":0.008336146992143662,"bolusiob":0}
