{"iob":-0.12142845635218752,"activity":-0.0004332575757575758,"bolusiob":0}
