{"iob":3.5204547790547025,"activity":0.009306875606060605,"bolusiob":2.0979452912}
