{"iob":-0.14973740490500004,"activity":-0.00018087121212121175,"bolusiob":0}
