{"iob":2.330059529686994,"activity":0.01989678642676768,"bolusiob":1.56668740928}
