{"iob":0.2464577175545679,"activity":0.00026901234567901233,"bolusiob":0}
