{"iob":0.10935662738555563,"activity":0.008108024691358023,"bolusiob":0}
