{"iob":-0.0974424625140625,"activity":-0.0001794791666666667,"bolusiob":0}
