{"iob":-0.11990614255625001,"activity":-0.0004028472222222222,"bolusiob":0}
