{"iob":0.78552055588,"activity":0.003762557319223985,"bolusiob":0.48998045073777785}
