{"iob":0.016517691020246947,"activity":0.0016668574635241304,"bolusiob":0}
