{"iob":1.4825455961344731,"activity":0.01184312218694885,"bolusiob":0.8833137934222223}
