{"iob":1.226074177157778,"activity":0.01864156966490299,"bolusiob":0.5827936853333333}
