{"iob":0.7425980522112499,"activity":0.012656224747474746,"bolusiob":0.39520336758}
