{"iob":0.06126372792944443,"activity":0.006140052910052909,"bolusiob":0}
