{"iob":0.049777121060000006,"activity":0.00004185185185185185,"bolusiob":0}
