{"iob":0.6335027367172942,"activity":0.01830876707070707,"bolusiob":0}
