{"iob":0.3226071742883334,"activity":0.00716682940516274,"bolusiob":0.0011825133511111031}
