{"iob":0.0984623539071605,"activity":0.000133641975308642,"bolusiob":0}
