{"iob":0.051542100703109925,"activity":0.0007906259154040402,"bolusiob":0}
