{"iob":0.2453000187107162,"activity":-0.0007766662962962961,"bolusiob":0}
