{"iob":1.5654030944218331,"activity":0.017532998430335095,"bolusiob":0.70688896412}
