{"iob":-0.09987603970611111,"activity":-0.00009546737213403868,"bolusiob":0}
