{"iob":0.0463916683078125,"activity":-0.0008941603535353536,"bolusiob":0}
