{"iob":0.48981271461055564,"activity":0.01533280423280423,"bolusiob":0.058031733759999954}
