{"iob":0.39383302533319275,"activity":0.0006380811111111111,"bolusiob":0}
