{"iob":2.259218357191111,"activity":0.00361023569023569,"bolusiob":2.1976756994844444}
