{"iob":1.7618490073950002,"activity":0.014216508838383837,"bolusiob":1.1530437235025}
