{"iob":1.1351592909807409,"activity":0.012227283950617283,"bolusiob":0.2591967333333333}
