{"iob":-0.04518110888888892,"activity":-0.0015137485970819309,"bolusiob":0}
