{"iob":0.27167339404791674,"activity":0.004602610229276895,"bolusiob":0}
