{"iob":0.07035735884375001,"activity":0.0015340972222222223,"bolusiob":0.013222865735}
