{"iob":0.14896589839845978,"activity":0.0001517991358024691,"bolusiob":0}
