{"iob":1.6638983664891667,"activity":0.019110229276895936,"bolusiob":0.9817259947555556}
