{"iob":0.8459389371203125,"activity":0.009455340909090908,"bolusiob":0.38435274686}
