{"iob":-0.05501727557888893,"activity":0.0029051851851851834,"bolusiob":0}
