{"iob":0.7615592335155112,"activity":0.019141310729517396,"bolusiob":0.0013007767466665765}
