{"iob":2.108683424807778,"activity":0.004542134038800704,"bolusiob":1.9587746781866668}
