{"iob":-0.28072086474271607,"activity":-0.000797283950617284,"bolusiob":0}
