{"iob":0.049989814,"activity":0.000002777777777777778,"bolusiob":0}
