{"iob":1.6007535258666665,"activity":0.034311816578483235,"bolusiob":0.13821428768000008}
