{"iob":0.417372208183022,"activity":0.016324129854096522,"bolusiob":0}
