{"iob":0.24376013279500003,"activity":0.0003876388888888889,"bolusiob":0}
