{"iob":-0.29497062328156254,"activity":0.0005439930555555558,"bolusiob":0}
