{"iob":-0.1472832723911111,"activity":-0.00020259259259259256,"bolusiob":0}
