{"iob":-0.2348933492052469,"activity":-0.00021994659611992921,"bolusiob":0}
