{"iob":-0.09814414399944445,"activity":-0.001047936507936508,"bolusiob":0}
