{"iob":1.1846851802677885,"activity":0.009281120599647264,"bolusiob":0.35402987000888886}
