{"iob":0.4584924677532398,"activity":0.00574537931216931,"bolusiob":0.17447998048000005}
