{"iob":0.5574175434433335,"activity":0.011107019400352733,"bolusiob":0.03906699348}
