{"iob":0.07896381094029406,"activity":0.008408606190476188,"bolusiob":0}
