{"iob":0.000874235591666639,"activity":0.00023853615520282183,"bolusiob":0}
