{"iob":0.9163416715731251,"activity":0.01646046717171717,"bolusiob":0.03452173061249997}
