{"iob":1.1496297179777775,"activity":0.01841216931216931,"bolusiob":0.2532554966933333}
