{"iob":2.0547480439266668,"activity":0.0234447442680776,"bolusiob":0.8913564160666668}
