{"iob":0.11888443650093751,"activity":0.004207165404040404,"bolusiob":0}
