{"iob":0.07168087846444444,"activity":0.0025574074074074062,"bolusiob":0}
