{"iob":0.8995427575049999,"activity":0.011740902777777775,"bolusiob":0.6458877454399999}
