{"iob":1.0238208896524532,"activity":0.00841409183421516,"bolusiob":0.5308927668000001}
