{"iob":0.1318527182266668,"activity":0.008733756613756609,"bolusiob":0.023116677759999982}
