{"iob":-0.09761353623500002,"activity":0.0011887752525252524,"bolusiob":0}
