{"iob":1.7172959620755555,"activity":0.0035553086419753076,"bolusiob":1.7786669278755554}
