{"iob":-0.14750295525925927,"activity":-0.00018703703703703702,"bolusiob":0}
