{"iob":0.09879985255555557,"activity":0.00011975308641975307,"bolusiob":0}
