{"iob":0.012432601555555395,"activity":0.005473086419753082,"bolusiob":0}
