{"iob":1.5413448135362502,"activity":0.01650453282828283,"bolusiob":0.5703985210025001}
