{"iob":-0.10420543760375002,"activity":-0.0002263383838383838,"bolusiob":0}
