{"iob":1.2827262615413353,"activity":0.013316885959595957,"bolusiob":0.20033328541500012}
