{"iob":1.4336452129965804,"activity":0.019575757407407406,"bolusiob":0.1758586666666666}
