{"iob":-0.026739074635555575,"activity":0.002185467372134038,"bolusiob":0}
