{"iob":0.0431781408840625,"activity":-0.0006535984848484848,"bolusiob":0}
