{"iob":-0.09978014496444446,"activity":-0.00004320987654320987,"bolusiob":0}
