{"iob":0.2863345777422223,"activity":0.011484624017957353,"bolusiob":0}
