{"iob":1.9548860229250005,"activity":0.0028217234848484842,"bolusiob":1.9376428649600002}
