{"iob":0.04458211877444445,"activity":0.00020472663139329804,"bolusiob":0}
