{"iob":1.6639755319622225,"activity":0.022638350970017637,"bolusiob":0.8715302723466666}
