{"iob":-0.05185560234444445,"activity":-0.00030560846560846543,"bolusiob":0}
