{"iob":-0.14352381597408884,"activity":0.0013058915343915325,"bolusiob":0}
