{"iob":-0.17605275682750002,"activity":-0.0008843055555555556,"bolusiob":0}
