{"iob":-0.09638134150750002,"activity":-0.0013987499999999998,"bolusiob":0}
