{"iob":0.05739764994750002,"activity":0.004566287878787879,"bolusiob":0}
