{"iob":1.7459159922566667,"activity":0.022167777777777776,"bolusiob":0.5531337777066667}
