{"iob":1.742248664275012,"activity":0.012885467989417988,"bolusiob":0.7373640679288889}
