{"iob":-0.19623904585555557,"activity":-0.00037740740740740736,"bolusiob":0}
