{"iob":0.0965202690461111,"activity":0.00010040564373897724,"bolusiob":0}
