{"iob":0.1780871781344444,"activity":0.005813174603174602,"bolusiob":0}
