{"iob":0.7657144289261111,"activity":0.013358897707231036,"bolusiob":0}
