{"iob":0.06463054384222224,"activity":0.0035954826038159375,"bolusiob":0}
