{"iob":1.503562121311473,"activity":0.010701086066919191,"bolusiob":0.6307465678499999}
