{"iob":0.8848289878220833,"activity":0.017604100529100525,"bolusiob":0.06255388000000006}
