{"iob":1.888777478606755,"activity":0.021813887973484845,"bolusiob":1.1135035808400002}
