{"iob":0.7785736053349999,"activity":0.012249602272727273,"bolusiob":0.24662146637500004}
