{"iob":1.7241587696933336,"activity":0.0242673721340388,"bolusiob":0.45666773533333344}
