{"iob":0.04031413241503254,"activity":0.003580775573192238,"bolusiob":0}
