{"iob":-0.23397681598444448,"activity":-0.0009053086419753086,"bolusiob":0}
