{"iob":0.9273025972444444,"activity":0.017671773288439954,"bolusiob":0}
