{"iob":-0.23462527590749999,"activity":-0.0006984722222222223,"bolusiob":0}
