{"iob":-0.10884877759611111,"activity":-0.001043007054673721,"bolusiob":0}
