{"iob":0.05250431736493828,"activity":0.0018400448933782272,"bolusiob":0}
