{"iob":-0.11030356149333335,"activity":-0.0016716947250280585,"bolusiob":0}
