{"iob":1.2996940739469443,"activity":0.015111111111111106,"bolusiob":0.20893416266666673}
