{"iob":0.361241036416875,"activity":0.011194962121212121,"bolusiob":0.04671817560999997}
