{"iob":-0.252781392588642,"activity":-0.0017500224466891134,"bolusiob":0}
