{"iob":2.08459145539625,"activity":0.03224830808080808,"bolusiob":0.6511255513224999}
