{"iob":0.544376187853125,"activity":0.01005383207070707,"bolusiob":0.023626351124999976}
