{"iob":-0.04996872177777778,"activity":-0.0000074074074074074075,"bolusiob":0}
