{"iob":0.1927156941186111,"activity":0.0004036243386243388,"bolusiob":0}
