{"iob":2.40425742055875,"activity":0.022431047979797974,"bolusiob":1.98677263698}
