{"iob":0.29799627740375,"activity":0.0094724053030303,"bolusiob":0.055912878360000015}
