{"iob":1.5640615261438888,"activity":0.036465246913580246,"bolusiob":0.08928943238666667}
