{"iob":0.8302831648508331,"activity":0.003030574761904762,"bolusiob":0.82424794032}
