{"iob":0.2360575364911111,"activity":0.00450225749559083,"bolusiob":0.4272123256}
