{"iob":-0.3323625861292666,"activity":-0.003855396948853615,"bolusiob":0}
