{"iob":-0.23160207046444445,"activity":-0.0010186419753086418,"bolusiob":0}
