{"iob":-0.18419195948055556,"activity":-0.0009253703703703702,"bolusiob":0}
