{"iob":-0.3339762341477779,"activity":-0.0010560493827160493,"bolusiob":0}
