{"iob":0.33362915141333344,"activity":0.011930976430976431,"bolusiob":0}
