{"iob":1.100218009202378,"activity":0.00869079377425044,"bolusiob":0.7178388280888888}
