{"iob":-0.09965610862055554,"activity":-0.00022890652557319217,"bolusiob":0}
