{"iob":0.42590352163555556,"activity":0.003357407407407406,"bolusiob":0.1865660332800001}
