{"iob":1.7770772924444445,"activity":0.023032054673721335,"bolusiob":0.9547990826755557}
