{"iob":0.02544163471224935,"activity":0.002837565696649027,"bolusiob":0}
