{"iob":0.20950825052715574,"activity":0.001463227619047619,"bolusiob":0}
