{"iob":0.2906690655675,"activity":0.002823611111111111,"bolusiob":0.14265996103749998}
