{"iob":1.698770260251875,"activity":0.027963169191919192,"bolusiob":0.71578434494}
