{"iob":0.09970181238129794,"activity":0.00005887135802469135,"bolusiob":0}
