{"iob":0.6655390037616667,"activity":0.020139779541446207,"bolusiob":0}
