{"iob":-0.14830642684411993,"activity":-0.0003498766666666662,"bolusiob":0}
