{"iob":0.04349543070000001,"activity":-0.0010319444444444445,"bolusiob":0}
