{"iob":0.00759362511875003,"activity":0.004536950757575758,"bolusiob":0}
