{"iob":3.0363946174066667,"activity":0.009989400352733683,"bolusiob":2.6207094350399998}
