{"iob":-0.12493880676888888,"activity":-0.0011563315696649027,"bolusiob":0}
