{"iob":1.4438212415158602,"activity":0.026644594091710754,"bolusiob":0.21851129981333325}
