{"iob":-0.10375528289343748,"activity":-0.003514204545454545,"bolusiob":0}
