{"iob":0.049281148477777786,"activity":0.00006804232804232813,"bolusiob":0}
