{"iob":-0.14161944256478406,"activity":-0.00039283962962962955,"bolusiob":0}
