{"iob":0.6143195354343659,"activity":0.013801498677248676,"bolusiob":0.008944266239999976}
