{"iob":-0.06249971625024581,"activity":-0.0010533507054673718,"bolusiob":0}
