{"iob":2.029139203875625,"activity":0.01484544823232323,"bolusiob":1.3134134912425002}
