{"iob":0.6454119391762962,"activity":0.00595114478114478,"bolusiob":0.17481872657777792}
