{"iob":0.025420371511111102,"activity":-0.0017778130511463845,"bolusiob":0}
