{"iob":0.06516163028791669,"activity":0.00040102292768959475,"bolusiob":0}
