{"iob":-0.052012230012839535,"activity":-0.0018757687991021327,"bolusiob":0}
