{"iob":-0.04998116721777778,"activity":-0.000004814814814814815,"bolusiob":0}
