{"iob":1.799571957560625,"activity":0.01643159090909091,"bolusiob":0.708752138105}
