{"iob":0.38638839842750006,"activity":0.0008290277777777778,"bolusiob":0.16729438376000003}
