{"iob":-0.005329146222222226,"activity":-0.000271324354657688,"bolusiob":0}
