{"iob":3.0159848415770156,"activity":0.016839855404040403,"bolusiob":1.5664879144}
