{"iob":2.3466192262905556,"activity":0.018413368606701938,"bolusiob":1.7538026926222223}
