{"iob":0.2744086230968751,"activity":0.004737316919191919,"bolusiob":0}
