{"iob":0.03485683345382716,"activity":0.00034160493827160496,"bolusiob":0}
