{"iob":0.06759433708000509,"activity":-0.0003727156790123457,"bolusiob":0}
