{"iob":-0.09809291080611113,"activity":-0.000225784832451499,"bolusiob":0}
