{"iob":1.9841997790277417,"activity":-0.0008776365961199296,"bolusiob":1.9735223264000001}
