{"iob":0.7780903067837421,"activity":0.013567313762626265,"bolusiob":0.007864042999999833}
