{"iob":0.40334306285327776,"activity":0.0033019400352733677,"bolusiob":0}
