{"iob":1.2280494775026367,"activity":0.026544589329805985,"bolusiob":0.17099687973333344}
