{"iob":1.1543007705082229,"activity":0.0028658648148148147,"bolusiob":0.39494359552}
