{"iob":-0.11927995761333333,"activity":-0.001124373897707231,"bolusiob":0}
