{"iob":0.679164816413889,"activity":0.018855414462081128,"bolusiob":0}
