{"iob":1.57748246205125,"activity":0.002060763888888889,"bolusiob":1.62223444129}
