{"iob":1.5100610621955555,"activity":0.010787072310405646,"bolusiob":1.1959044625066666}
