{"iob":-0.23350760561111114,"activity":-0.0009532098765432098,"bolusiob":0}
