{"iob":0.614432624168889,"activity":0.020672416225749553,"bolusiob":0}
