{"iob":0.28761382253375,"activity":-0.0004894696969696969,"bolusiob":0}
