{"iob":0.034063794231111,"activity":0.005603985890652555,"bolusiob":0}
