{"iob":2.7092685422844447,"activity":0.012824550264550264,"bolusiob":2.422812624497778}
