{"iob":-0.09481623152055557,"activity":0.0005858024691358023,"bolusiob":0}
