{"iob":1.3308036741822222,"activity":0.02319347442680775,"bolusiob":0.29706188842666664}
