{"iob":0.5373903355957813,"activity":0.01868537563131313,"bolusiob":0.0008656015999999878}
