{"iob":-0.2860934091666667,"activity":-0.0008796296296296295,"bolusiob":0}
