{"iob":0.04882083057111111,"activity":0.00011493827160493826,"bolusiob":0}
