{"iob":0.26315309457777786,"activity":0.00646936026936027,"bolusiob":0}
