{"iob":0.5142955893225003,"activity":0.02127462121212121,"bolusiob":-0.000059596322499877453}
