{"iob":1.0655187781043751,"activity":0.01274808712121212,"bolusiob":0.2897238416650001}
