{"iob":0.29236738944,"activity":0.0005399999999999999,"bolusiob":0.27306984576000004}
