{"iob":-0.09772857550222222,"activity":-0.00016074074074074073,"bolusiob":0}
