{"iob":0.8248547461400002,"activity":0.021585343915343908,"bolusiob":0}
