{"iob":0.30073549910111114,"activity":0.002146384479717811,"bolusiob":0}
