{"iob":1.203651314881141,"activity":0.014599311931818182,"bolusiob":0.33356164613500006}
