{"iob":0.3638005778488889,"activity":0.002854074074074073,"bolusiob":0.05654313196000001}
