{"iob":-0.09842648259501444,"activity":-0.00017369867724867727,"bolusiob":0}
