{"iob":-0.049974849382716055,"activity":-0.00000617283950617284,"bolusiob":0}
