{"iob":1.4152855873106174,"activity":0.018491111111111107,"bolusiob":0.15657287822222235}
