{"iob":0.010818479822222282,"activity":0.0020920314253647593,"bolusiob":0}
