{"iob":1.9348257756576566,"activity":0.0005022064393939394,"bolusiob":1.7381876387400002}
