{"iob":1.6920716000425002,"activity":0.015900997474747474,"bolusiob":0.8656211488225001}
