{"iob":-0.04986484509125,"activity":-0.000022430555555555556,"bolusiob":0}
