{"iob":1.38214576869625,"activity":0.02470224116161616,"bolusiob":0.11981163867999986}
