{"iob":1.2063433710386233,"activity":0.008465908906525571,"bolusiob":0.49909059584000004}
