{"iob":1.722989877791605,"activity":0.014212962962962964,"bolusiob":0.8100046533333334}
