{"iob":1.2656173093734722,"activity":0.019141790123456785,"bolusiob":0.3335967127466667}
