{"iob":0.03171113828125,"activity":0.0003767361111111111,"bolusiob":0}
