{"iob":0.33148811516666665,"activity":0.0028018518518518514,"bolusiob":0}
