{"iob":2.2403958605721885,"activity":0.023729153932980595,"bolusiob":0.6566472000000001}
