{"iob":0.6055778518843751,"activity":0.007487847222222222,"bolusiob":0.39985265488000005}
