{"iob":-0.28723221024402645,"activity":-0.002830225460858586,"bolusiob":0}
