{"iob":0.5320195115521111,"activity":0.0033315961199294523,"bolusiob":0}
