{"iob":0.4082472117728394,"activity":0.007290684624017958,"bolusiob":0.39952442469135807}
