{"iob":-0.18356731164611115,"activity":0.0001649206349206344,"bolusiob":0}
