{"iob":-0.10074032291555557,"activity":-0.0010622222222222222,"bolusiob":0}
