{"iob":0.09919954708,"activity":0.00010296296296296296,"bolusiob":0}
