{"iob":0.6811710816592593,"activity":0.005088114478114476,"bolusiob":0.2986017930074074}
