{"iob":-0.0006580985799999829,"activity":-0.00015185185185185164,"bolusiob":0}
