{"iob":0.1592970777677777,"activity":0.00436437389770723,"bolusiob":0}
