{"iob":0.13797017531343753,"activity":0.004341635101010101,"bolusiob":0}
