{"iob":0.9956338148978127,"activity":0.013328393308080808,"bolusiob":0.359636221375}
