{"iob":0.09030952922250005,"activity":0.00046319444444444457,"bolusiob":0.33077046208000005}
