{"iob":-0.06204828745000001,"activity":-0.0010958901515151515,"bolusiob":0}
