{"iob":1.9587853727651139,"activity":0.003296843121693121,"bolusiob":1.7782630855111112}
