{"iob":-0.09939658136,"activity":-0.00008074074074074073,"bolusiob":0}
