{"iob":2.2992851925949997,"activity":0.016771489898989897,"bolusiob":1.259428632445}
