{"iob":-0.0990223234125,"activity":-0.00009902777777777778,"bolusiob":0}
