{"iob":1.817899466737778,"activity":0.012555218855218854,"bolusiob":1.138332549151605}
