{"iob":0.8673219453300001,"activity":0.017976878306878302,"bolusiob":-0.00032347803999995813}
