{"iob":0.9669492254256251,"activity":0.024232664141414142,"bolusiob":0.07996662527749998}
