{"iob":0.089472805971366,"activity":0.005357054232804232,"bolusiob":0}
