{"iob":0.527435447362222,"activity":0.015069647266313933,"bolusiob":0}
