{"iob":1.0563306418287501,"activity":0.018864772727272727,"bolusiob":0.08226367999999995}
