{"iob":0.30240183090567896,"activity":0.000054567901234567885,"bolusiob":0.4902557180049382}
