{"iob":1.0658922399762962,"activity":0.005465892255892256,"bolusiob":0.7042036571891357}
