{"iob":1.127100849131852,"activity":0.002945185185185185,"bolusiob":0.934786839514074}
