{"iob":-0.14337347918,"activity":-0.0004588888888888888,"bolusiob":0}
