{"iob":0.9029612153537502,"activity":0.0013248989898989897,"bolusiob":0.9332885900800001}
