{"iob":-0.188696963885,"activity":-0.0005948611111111112,"bolusiob":0}
