{"iob":0.8182272512532311,"activity":0.01055661807449495,"bolusiob":0.11342932700000002}
