{"iob":0.6692296567839401,"activity":0.014392744603174601,"bolusiob":0.02159839743999985}
