{"iob":0.6164901949611015,"activity":0.014136268907828283,"bolusiob":0.08894895075}
