{"iob":1.7844426562081788,"activity":0.025665009435626097,"bolusiob":0.48115238558666673}
