{"iob":0.03785240915753087,"activity":0.00030456790123456793,"bolusiob":0}
