{"iob":0.5844428303212501,"activity":0.018613500881834204,"bolusiob":0.0684374874}
