{"iob":-0.1435965390788889,"activity":-0.0005115873015873013,"bolusiob":0}
