{"iob":0.04486366960197531,"activity":0.00019345679012345681,"bolusiob":0}
