{"iob":-0.14566729172125,"activity":-0.00023743055555555553,"bolusiob":0}
