{"iob":-0.07068845298444446,"activity":-0.0010150793650793649,"bolusiob":0}
