{"iob":1.4619091943192228,"activity":0.009113434551767675,"bolusiob":0.87758970924}
