{"iob":3.028377043622778,"activity":0.022274920634920623,"bolusiob":1.9631057249022223}
