{"iob":0.18614265281777778,"activity":0.0008004938271604937,"bolusiob":0}
