{"iob":0.23393382077555558,"activity":0.0009062962962962963,"bolusiob":0}
