{"iob":-0.048063734000000004,"activity":-0.00015185185185185183,"bolusiob":0}
