{"iob":1.5730660087668746,"activity":0.01560006313131313,"bolusiob":0.8819455620050001}
