{"iob":1.1841816242825,"activity":0.00844861111111111,"bolusiob":0.5121122033950001}
