{"iob":-0.04978212660444445,"activity":-0.00004123456790123456,"bolusiob":0}
