{"iob":0.32925814375519097,"activity":0.006320861693121694,"bolusiob":0}
