{"iob":1.51634000099125,"activity":0.027562626262626257,"bolusiob":0.61277710965}
