{"iob":0.0016119003180246894,"activity":-0.0000745679012345679,"bolusiob":0}
