{"iob":2.2418759971493754,"activity":0.021164084595959594,"bolusiob":1.42212001588}
