{"iob":0.2459633737263889,"activity":0.0003966049382716049,"bolusiob":0}
