{"iob":-0.13742943136987654,"activity":-0.0015728170594837263,"bolusiob":0}
