{"iob":3.23171821032,"activity":0.024800972222222224,"bolusiob":1.404825616405}
