{"iob":0.5877898804643391,"activity":0.0013666674074074077,"bolusiob":0}
