{"iob":-0.0004044773733333576,"activity":-0.0014631040564373895,"bolusiob":0}
