{"iob":0.20692873680111112,"activity":0.006552151675485006,"bolusiob":0}
