{"iob":0.1544779535325,"activity":0.00030190340909090916,"bolusiob":0}
