{"iob":0.1806086092021875,"activity":0.001805006313131313,"bolusiob":0}
