{"iob":0.7484124679822226,"activity":0.01404675645342312,"bolusiob":0}
