{"iob":-0.13420835060277775,"activity":-0.0010775485008818336,"bolusiob":0}
