{"iob":0.08996445470444447,"activity":0.0023548853615520276,"bolusiob":0}
