{"iob":0.09668552485277779,"activity":-0.000058800705467371796,"bolusiob":0}
