{"iob":0.8303725908175255,"activity":0.005164224109347441,"bolusiob":0.6649191361422222}
