{"iob":1.6364784483230088,"activity":0.017677222962962962,"bolusiob":0.5164226198666666}
