{"iob":0.14181914188,"activity":0.00042790123456790124,"bolusiob":0}
