{"iob":0.41649050772666674,"activity":0.0018744444444444446,"bolusiob":0}
