{"iob":1.2014265939559374,"activity":0.00900723169191919,"bolusiob":0.4576853081875001}
