{"iob":1.6054627706331395,"activity":0.013691799435626095,"bolusiob":0.9715183800888889}
