{"iob":-0.0997673342688889,"activity":-0.00004679012345679012,"bolusiob":0}
