{"iob":0.1855350628253125,"activity":-0.003327809343434344,"bolusiob":0}
