{"iob":1.8148022278516667,"activity":0.002973209876543209,"bolusiob":1.804819876551111}
