{"iob":0.43577100774280786,"activity":0.0009948739457070709,"bolusiob":0}
