{"iob":-0.1444753067059375,"activity":-0.001151243686868687,"bolusiob":0}
