{"iob":0.03531093181406247,"activity":0.0027929103535353533,"bolusiob":0}
