{"iob":2.9973692473133333,"activity":0.025226878306878302,"bolusiob":1.5136611088355556}
