{"iob":0.04998678495111111,"activity":0.0000046913580246913575,"bolusiob":0}
