{"iob":0.2957379842975,"activity":0.0003354166666666667,"bolusiob":0}
