{"iob":0.9161347024269119,"activity":0.005749691975308641,"bolusiob":0.23794703616000001}
