{"iob":-0.05035117629111111,"activity":-0.00018562610229276878,"bolusiob":0}
