{"iob":1.5908314885975747,"activity":0.0049072031250000005,"bolusiob":1.594293988}
