{"iob":0.854190250683125,"activity":0.01828244318181818,"bolusiob":0.014279844675000097}
