{"iob":-0.08942775521975307,"activity":0.0022927833894500565,"bolusiob":0}
