{"iob":0.13005906156781258,"activity":0.010801527777777778,"bolusiob":0}
