{"iob":0.10317399227191072,"activity":0.007147956790123455,"bolusiob":0}
