{"iob":-0.13364126348500002,"activity":-0.0014261111111111113,"bolusiob":0}
