{"iob":0.11872929770666678,"activity":0.009573063973063973,"bolusiob":0}
