{"iob":0.047694814313888896,"activity":0.00019796296296296294,"bolusiob":0}
