{"iob":1.8745187045322222,"activity":0.015452574955908288,"bolusiob":0.9799668476800003}
