{"iob":0.05179823702277778,"activity":0.0003631922398589063,"bolusiob":0}
