{"iob":-0.14696584062,"activity":-0.00029,"bolusiob":0}
