{"iob":-0.07067523769999999,"activity":-0.001095502645502645,"bolusiob":0}
