{"iob":1.275281607890556,"activity":0.027933871252204583,"bolusiob":0.11783721663999992}
