{"iob":0.5249224560450155,"activity":0.01004670283950617,"bolusiob":0.055348666559999996}
