{"iob":-0.030178994327222215,"activity":-0.0005126631393298056,"bolusiob":0}
