{"iob":0.8489203063429409,"activity":0.013259321358024686,"bolusiob":0.09573187072}
