{"iob":0.5481972148422222,"activity":0.0004265432098765431,"bolusiob":0.5906294232533333}
