{"iob":2.3963177282138712,"activity":0.019809703093434345,"bolusiob":1.5863013152}
