{"iob":0.46626139606750006,"activity":0.0025945075757575755,"bolusiob":0.29999601484999994}
