{"iob":0.19373704427111113,"activity":0.00039679012345679004,"bolusiob":0}
