{"iob":1.5073426817575,"activity":0.00445861111111111,"bolusiob":1.6695923488325}
