{"iob":1.7693704092772604,"activity":0.02505119543209876,"bolusiob":0.5186479782133333}
