{"iob":0.000002972376253407294,"activity":0.00003179638447971759,"bolusiob":0}
