{"iob":0.680533310243889,"activity":0.004160141093474422,"bolusiob":0.4695090424}
