{"iob":0.1494238462725,"activity":0.00007500000000000001,"bolusiob":0}
