{"iob":-0.0743285226288889,"activity":0.0012737389770723097,"bolusiob":0}
