{"iob":0.06427184606312505,"activity":0.009234362373737376,"bolusiob":0}
