{"iob":1.9080291004938896,"activity":0.020620467372134046,"bolusiob":0.7417156352000001}
