{"iob":0.41696973586758346,"activity":0.003297072310405643,"bolusiob":0}
