{"iob":0.26039833994636596,"activity":0.009060757936507935,"bolusiob":0}
