{"iob":-0.2791768128614004,"activity":-0.002547538087121212,"bolusiob":0}
