{"iob":0.050255473476875,"activity":0.0013181123737373737,"bolusiob":0}
