{"iob":0.6450066536217285,"activity":0.014824197530864197,"bolusiob":0.029284568817777766}
