{"iob":1.3792161275162502,"activity":0.005900757575757576,"bolusiob":1.1243822777}
