{"iob":0.9857511685481911,"activity":0.010181464109347442,"bolusiob":0.42386906708000016}
