{"iob":-0.026779791708888896,"activity":-0.0007823456790123455,"bolusiob":0}
