{"iob":-0.14477200777055557,"activity":-0.000454673721340388,"bolusiob":0}
