{"iob":1.4446620205037037,"activity":0.0033601234567901227,"bolusiob":1.4761607938844443}
