{"iob":0.04878682495333334,"activity":0.0001061199294532628,"bolusiob":0}
