{"iob":-0.09486905252000001,"activity":-0.0003385185185185185,"bolusiob":0}
