{"iob":1.340716816695,"activity":0.0012266490299823634,"bolusiob":1.0752960320711111}
