{"iob":0.21695184089297795,"activity":0.008974779647266309,"bolusiob":0}
