{"iob":0.8527328708022222,"activity":0.019105555555555553,"bolusiob":0.10001548019999998}
