{"iob":0.034471107462343775,"activity":0.00539355744949495,"bolusiob":0.0051656990025000125}
