{"iob":1.1781297617166668,"activity":0.005998536155202819,"bolusiob":0.6892569190400001}
