{"iob":-0.16826029159750003,"activity":0.0007816161616161626,"bolusiob":0}
