{"iob":0.4475274939438889,"activity":0.015090582010582004,"bolusiob":0.04177689600000001}
