{"iob":-0.00032684120888925027,"activity":0.005902581369248037,"bolusiob":0}
