{"iob":-0.2360178194287182,"activity":-0.0037844972663139322,"bolusiob":0}
