{"iob":0.29699128128393704,"activity":0.0003769361728395062,"bolusiob":0}
