{"iob":0.4668713107012813,"activity":0.004828889629629629,"bolusiob":0}
