{"iob":0.07064574715938268,"activity":0.00476199250440917,"bolusiob":0}
