{"iob":-0.09954575607308642,"activity":-0.00005543209876543209,"bolusiob":0}
