{"iob":-0.27870440142666664,"activity":-0.00124,"bolusiob":0}
