{"iob":0.11958781577519563,"activity":-0.0033026456261022923,"bolusiob":0.35387380814222225}
