{"iob":0.16700750362630956,"activity":0.007832856228956228,"bolusiob":0}
