{"iob":0.017050135381319456,"activity":0.003116287477954143,"bolusiob":0}
