{"iob":-0.0021953848555555655,"activity":-0.0013498589065255731,"bolusiob":0}
