{"iob":0.6353529461892727,"activity":0.00945857116402116,"bolusiob":0.07130499648000002}
