{"iob":2.2606159220775,"activity":0.023227361111111112,"bolusiob":1.0897751890625}
