{"iob":1.1386942191970522,"activity":0.01659353715277778,"bolusiob":0.29491946858999996}
