{"iob":-0.049612837085,"activity":-0.00004458333333333334,"bolusiob":0}
