{"iob":-0.28424133154180103,"activity":0.0006344002292768948,"bolusiob":0}
