{"iob":0.04985438650000001,"activity":0.00002361111111111111,"bolusiob":0}
