{"iob":-0.055912615286666675,"activity":-0.002601763668430334,"bolusiob":0}
