{"iob":-0.0496584893708642,"activity":-0.00004123456790123457,"bolusiob":0}
