{"iob":0.07701685135333336,"activity":0.002635273368606702,"bolusiob":0}
