{"iob":0.337399368425625,"activity":0.007666685606060606,"bolusiob":-0.00011280116250006467}
