{"iob":2.922005474627111,"activity":0.005685996472663138,"bolusiob":2.3399872}
