{"iob":0.3906177259298766,"activity":0.0006248148148148147,"bolusiob":0.26696881450666665}
