{"iob":0.011934967944444451,"activity":-0.0011340211640211639,"bolusiob":0}
