{"iob":0.6704942549071605,"activity":0.007299085297418631,"bolusiob":0.14618495729777783}
