{"iob":0.40332381679777785,"activity":0.009884074074074073,"bolusiob":0.037175675520000076}
