{"iob":-0.11939986110000003,"activity":0.0014313227513227506,"bolusiob":0}
