{"iob":-0.21117178071999998,"activity":-0.002247116402116402,"bolusiob":0}
