{"iob":0.04963315955111112,"activity":-0.00000902998236331561,"bolusiob":0}
