{"iob":1.5250099256305556,"activity":0.027434700176366837,"bolusiob":0.20992039154666667}
