{"iob":0.9742526298842452,"activity":0.00403858086419753,"bolusiob":0.27891920256}
