{"iob":3.1869968265379853,"activity":0.029255302013888887,"bolusiob":1.4194466770499998}
