{"iob":2.0857678362005556,"activity":0.018995264550264544,"bolusiob":1.257763676}
