{"iob":-0.14423019472777776,"activity":-0.0032887830687830678,"bolusiob":0}
