{"iob":-0.029818865509002937,"activity":0.0007782362433862429,"bolusiob":0}
