{"iob":-0.18566301671333335,"activity":-0.0007885185185185185,"bolusiob":0}
