{"iob":2.656642470027778,"activity":0.03142070546737213,"bolusiob":0.8643582506133334}
