{"iob":1.7751067123516668,"activity":0.021135238095238085,"bolusiob":0.7632216375555556}
