{"iob":1.5281881525311956,"activity":0.008199034299242422,"bolusiob":1.018535484}
