{"iob":0.002002288515931344,"activity":0.0003582007936507931,"bolusiob":0}
