{"iob":1.9042952053079452,"activity":0.008724938888888888,"bolusiob":0.95667883152}
