{"iob":2.6856255357368237,"activity":0.0085241185361552,"bolusiob":2.0165645045688887}
