{"iob":0.586810760217284,"activity":0.0008485185185185185,"bolusiob":0.29296496810666667}
