{"iob":0.7471435019553125,"activity":0.0001967613636363633,"bolusiob":0.8783524911999999}
