{"iob":0.007066360980000003,"activity":0.0007947089947089944,"bolusiob":0}
