{"iob":0.9589842661728394,"activity":0.004531212121212122,"bolusiob":0.514953874220247}
