{"iob":0.9829489099844445,"activity":0.010203827160493825,"bolusiob":0.4623197988888889}
