{"iob":0.07920520572718853,"activity":0.007546845679012342,"bolusiob":0}
