{"iob":-0.0155696409488889,"activity":0.0023440740740740735,"bolusiob":0}
