{"iob":1.1037734636744263,"activity":0.018123407108585857,"bolusiob":0.262281214375}
