{"iob":1.2801524453211472,"activity":0.00823484231060606,"bolusiob":0.5517054688649998}
