{"iob":0.7812956525938889,"activity":0.012990008818342145,"bolusiob":0}
