{"iob":0.3569992610281251,"activity":0.0132954797979798,"bolusiob":0}
