{"iob":0.02152203847506172,"activity":-0.0012157239057239057,"bolusiob":0}
