{"iob":0.9121364816886873,"activity":0.0311274688712522,"bolusiob":0.0022557534666665102}
