{"iob":2.7336226774980172,"activity":0.021383629770723098,"bolusiob":1.4728219935200002}
