{"iob":0.7146298298112501,"activity":0.010408933080808081,"bolusiob":0.20019794318999995}
