{"iob":-0.0974483450380247,"activity":-0.00017685185185185187,"bolusiob":0}
