{"iob":-0.061923536720422105,"activity":0.00960075966329966,"bolusiob":0}
