{"iob":0.28519915811555585,"activity":0.01190145903479237,"bolusiob":0}
