{"iob":0.009918553910448978,"activity":0.0037457068813131324,"bolusiob":0}
