{"iob":1.661378056613889,"activity":0.017984091710758376,"bolusiob":0.6382936}
