{"iob":0.31200200258444444,"activity":0.0017349382716049379,"bolusiob":0.15757583900000002}
