{"iob":0.966039365161875,"activity":0.010931799242424241,"bolusiob":0.51034776791}
