{"iob":-0.0812740526191364,"activity":-0.0022711173295454547,"bolusiob":0}
