{"iob":0.3967481023083494,"activity":0.01113730114638448,"bolusiob":0}
