{"iob":0.4800939801921276,"activity":0.012161843403880069,"bolusiob":0.01301415168000002}
