{"iob":1.5145816381425001,"activity":0.00597253086419753,"bolusiob":1.36911753216}
