{"iob":2.2927312819538894,"activity":0.023051560846560848,"bolusiob":0.9126543657600004}
