{"iob":-0.015340453617777784,"activity":-0.0003502244668911336,"bolusiob":0}
