{"iob":2.3435162827734377,"activity":0.02813273358585859,"bolusiob":0.673834241325}
