{"iob":1.517646341562469,"activity":0.020507025813692483,"bolusiob":0.5891050293017283}
