{"iob":0.049943935098866715,"activity":0.000539314253647587,"bolusiob":0}
