{"iob":-0.14042405141625003,"activity":-0.0013010858585858587,"bolusiob":0}
