{"iob":1.7788924600521874,"activity":0.00973553977272727,"bolusiob":1.6487211486600002}
