{"iob":0.21399627658232806,"activity":0.015388817971781306,"bolusiob":0}
