{"iob":0.22372486832222221,"activity":0.001241111111111111,"bolusiob":0}
