{"iob":0.44790687444711114,"activity":0.002547901234567901,"bolusiob":0}
