{"iob":0.12971010437333336,"activity":-0.003416737213403879,"bolusiob":0}
