{"iob":-0.04999271135111111,"activity":-0.0000027160493827160487,"bolusiob":0}
