{"iob":1.7367524251538888,"activity":0.021331499118165776,"bolusiob":0.7020843999999999}
