{"iob":0.046768878523125015,"activity":-0.0001849747474747475,"bolusiob":0}
