{"iob":-0.04292448028277784,"activity":0.0012806349206349206,"bolusiob":0}
