{"iob":1.4880604584933335,"activity":0.001988395061728394,"bolusiob":1.6379730217777777}
