{"iob":1.1886729413211112,"activity":0.020001252204585533,"bolusiob":0.3175109808}
