{"iob":0.14795176336771104,"activity":0.00023802481481481478,"bolusiob":0}
