{"iob":1.4789193440291668,"activity":0.007153765432098763,"bolusiob":1.20463222624}
