{"iob":0.03870281131777778,"activity":0.0003909876543209876,"bolusiob":0}
