{"iob":-0.04519606016,"activity":-0.00018666666666666663,"bolusiob":0}
