{"iob":0.4879396371554444,"activity":0.0011735626102292766,"bolusiob":0}
