{"iob":1.2052328005150001,"activity":0.02178420634920635,"bolusiob":0.12091494213333326}
