{"iob":0.7685917407412501,"activity":0.018117474747474747,"bolusiob":0.03104476257500005}
