{"iob":1.9893763759544447,"activity":0.0231447619047619,"bolusiob":0.7981217496177778}
