{"iob":-0.1279266859778006,"activity":-0.001180872680776015,"bolusiob":0}
