{"iob":1.814028449085625,"activity":0.015394128787878785,"bolusiob":0.8630823822125}
