{"iob":0.6795570978046876,"activity":0.010378308080808082,"bolusiob":0.156706756075}
