{"iob":1.668331118765,"activity":0.024825149911816575,"bolusiob":0.4305737360666668}
