{"iob":0.9539469944651854,"activity":0.006165892255892255,"bolusiob":0.5937020117017283}
