{"iob":0.8192138538765624,"activity":0.008476464646464645,"bolusiob":0.2133244368000001}
