{"iob":1.356431539895341,"activity":0.012239247272727271,"bolusiob":0.38809415872}
