{"iob":-0.14668425236543212,"activity":-0.0002062962962962963,"bolusiob":0}
