{"iob":0.5503263759022222,"activity":0.000020493827160493794,"bolusiob":0.5992678920533333}
