{"iob":1.8387709053802344,"activity":0.010061701388888889,"bolusiob":0.9320364318600001}
