{"iob":0.04845807916222228,"activity":0.004189629629629627,"bolusiob":0}
