{"iob":2.2843175818577777,"activity":0.010087654320987651,"bolusiob":1.8085059682133333}
