{"iob":-0.09737118888888889,"activity":-0.00023456790123456786,"bolusiob":0}
