{"iob":2.6099083424400003,"activity":0.005212292768959435,"bolusiob":2.247118790417778}
