{"iob":1.3200901993533334,"activity":0.001971746031746031,"bolusiob":1.4873303445333332}
