{"iob":-0.24391875345949907,"activity":-0.000382487037037037,"bolusiob":0}
