{"iob":0.3537902712333333,"activity":0.0038730511463844768,"bolusiob":0.22039896575999998}
