{"iob":1.6028109628558334,"activity":-0.00025505291005290995,"bolusiob":1.79454608224}
