{"iob":0.19487457724812512,"activity":0.011474854797979798,"bolusiob":-0.00004306636999995561}
