{"iob":0.04143971589111111,"activity":-0.0004420634920634919,"bolusiob":0}
