{"iob":0.9380559050355556,"activity":0.012310052910052906,"bolusiob":0.2356821199200001}
