{"iob":1.6533201379544444,"activity":0.022033650793650793,"bolusiob":0.6613496331377778}
