{"iob":1.0684074274200002,"activity":0.022183838383838386,"bolusiob":0.15164202461250004}
