{"iob":0.034156822897032584,"activity":0.003295061287477952,"bolusiob":0}
