{"iob":1.7202887696499995,"activity":0.023782108585858587,"bolusiob":0.43191252091999993}
