{"iob":-0.13579211471906658,"activity":0.0034015342680776012,"bolusiob":0}
