{"iob":-0.1811965348622222,"activity":0.00016980599647266255,"bolusiob":0}
