{"iob":1.6139563487934723,"activity":0.020278395061728394,"bolusiob":0.7229426637777776}
