{"iob":0.5247183271137501,"activity":0.015746199494949497,"bolusiob":0}
