{"iob":1.2622185319855554,"activity":0.004806737213403879,"bolusiob":0.7899396726044445}
