{"iob":1.2420771084552777,"activity":0.015347513227513224,"bolusiob":0.4198199722666667}
