{"iob":0.4629626946577778,"activity":0.011564867724867723,"bolusiob":0}
