{"iob":0.804385207689547,"activity":0.010198887025813692,"bolusiob":0.17174759555555558}
