{"iob":3.496921521225,"activity":0.010271657848324513,"bolusiob":3.0683908388622223}
