{"iob":0.4359472514728125,"activity":0.008644261363636364,"bolusiob":0.07737766206750006}
