{"iob":0.7544869413625833,"activity":0.005069127107583773,"bolusiob":0.5379169027022223}
