{"iob":0.6214946777881252,"activity":0.017306616161616165,"bolusiob":0.009195516537500004}
