{"iob":-0.12579503815000004,"activity":0.0018023104056437392,"bolusiob":0}
