{"iob":0.7776182097690553,"activity":0.011444051428571423,"bolusiob":0}
