{"iob":-0.04008500856166666,"activity":-0.0004868518518518518,"bolusiob":0}
