{"iob":1.114295108015,"activity":0.02518743386243386,"bolusiob":0.040066913279999915}
