{"iob":-0.18021860546111113,"activity":0.0003498059964726622,"bolusiob":0}
