{"iob":0.243937609606321,"activity":0.0004038271604938272,"bolusiob":0}
