{"iob":2.296625310875625,"activity":0.011999488636363635,"bolusiob":1.76063647743}
