{"iob":-0.047923096778271605,"activity":-0.00011839506172839507,"bolusiob":0}
