{"iob":-0.18708114867333336,"activity":-0.0008366666666666667,"bolusiob":0}
