{"iob":0.1377770392738888,"activity":0.004181190476190472,"bolusiob":0}
