{"iob":0.7665790182061112,"activity":0.021594347442680774,"bolusiob":0}
