{"iob":-0.09913468798222222,"activity":-0.00012296296296296296,"bolusiob":0}
