{"iob":0.430094194860778,"activity":0.017728324514991185,"bolusiob":0}
