{"iob":0.9435118429550617,"activity":0.00897905723905724,"bolusiob":0.14933284775111114}
