{"iob":4.30275621459875,"activity":0.008782954545454543,"bolusiob":3.90765395806}
