{"iob":0.4013052958498766,"activity":0.0018213355780022447,"bolusiob":0}
