{"iob":0.6853537129058167,"activity":0.017812643289141415,"bolusiob":0.14736667383000002}
