{"iob":1.1060712989708643,"activity":0.002582716049382716,"bolusiob":0.9575998608434569}
