{"iob":1.9453476895733333,"activity":0.001061975308641975,"bolusiob":1.886710508942222}
