{"iob":0.895983491970625,"activity":0.01666382575757576,"bolusiob":0.01980077807999994}
