{"iob":0.049749202160000006,"activity":0.000045185185185185175,"bolusiob":0}
