{"iob":-0.06339098926250002,"activity":-0.0013269191919191923,"bolusiob":0}
