{"iob":-0.0030986064888888637,"activity":0.004741058201058201,"bolusiob":0}
