{"iob":0.04624576776666667,"activity":-0.00021955908289241605,"bolusiob":0}
