{"iob":0.2798434667166367,"activity":0.0018830619633838379,"bolusiob":0.1362301667025}
