{"iob":0.04045604541710403,"activity":0.004505807891414142,"bolusiob":0}
