{"iob":0.04998522104000001,"activity":0.000003888888888888889,"bolusiob":0}
