{"iob":-0.00975538467777777,"activity":-0.0008230511463844798,"bolusiob":0}
