{"iob":0.005926514888124991,"activity":0.0006119400352733682,"bolusiob":0}
