{"iob":0.2923577893356083,"activity":0.0005958027865961199,"bolusiob":0}
