{"iob":0.1831995420083332,"activity":0.0011637918871252174,"bolusiob":0.2218097426}
