{"iob":-0.10995984004033962,"activity":-0.0009483951851851852,"bolusiob":0}
