{"iob":2.8649585988498925,"activity":0.029397995549242426,"bolusiob":1.1508098386500003}
