{"iob":2.640956631041667,"activity":0.027077786596119924,"bolusiob":1.1361739545955556}
