{"iob":0.3812939978074074,"activity":0.00001653198653198631,"bolusiob":0}
