{"iob":0.04510559680222223,"activity":0.0024525044091710754,"bolusiob":0}
