{"iob":1.2451783577927777,"activity":0.02803032627865961,"bolusiob":0.05216847271999996}
