{"iob":1.437702894528889,"activity":0.03298527336860669,"bolusiob":0.12125733716000012}
