{"iob":0.2473671968,"activity":0.00032345679012345675,"bolusiob":0}
