{"iob":0.09914340344277778,"activity":0.00012228395061728394,"bolusiob":0}
