{"iob":1.5107292857111108,"activity":0.025694179894179887,"bolusiob":0.34829601728}
