{"iob":1.9127648872948455,"activity":0.025754956525573188,"bolusiob":0.5577404175866667}
