{"iob":1.0252410872833335,"activity":0.0213484126984127,"bolusiob":0.0018699863599999976}
