{"iob":-0.04036762198944454,"activity":0.0016210405643738966,"bolusiob":0}
