{"iob":1.1389273555022221,"activity":0.013475802469135798,"bolusiob":0.40969002462666665}
