{"iob":0.2863757075832099,"activity":0.0006603703703703705,"bolusiob":0.15122072348444446}
