{"iob":-0.1492631365288889,"activity":-0.00011432098765432097,"bolusiob":0}
