{"iob":1.8303049388049384,"activity":0.017037037037037038,"bolusiob":0.8035236817382717}
