{"iob":2.0178412198205553,"activity":0.01255299823633157,"bolusiob":1.4193380573866667}
