{"iob":1.7329789414200192,"activity":0.01008567987654321,"bolusiob":0.8203643305244445}
