{"iob":1.491509171988906,"activity":0.001212881944444444,"bolusiob":1.65472404025}
