{"iob":0.20105906472446006,"activity":0.0007277805429292928,"bolusiob":0}
