{"iob":0.5156880722706247,"activity":0.0035654671717171714,"bolusiob":0.51412865862}
