{"iob":1.2559414473038863,"activity":0.017786672222222216,"bolusiob":0.34434299237333327}
