{"iob":-0.0494947012345679,"activity":-0.00005246913580246913,"bolusiob":0}
