{"iob":0.013759777981714905,"activity":0.005885167107583772,"bolusiob":0}
