{"iob":0.06547954149555561,"activity":0.007562345679012344,"bolusiob":0}
