{"iob":-0.04961575572125,"activity":-0.000044375,"bolusiob":0}
