{"iob":0.5878776679443752,"activity":0.016417291666666667,"bolusiob":0.0002604215374999441}
