{"iob":0.04938102044444445,"activity":0.00007901234567901233,"bolusiob":0}
