{"iob":2.305961331901275,"activity":0.020188453527336857,"bolusiob":0.8595974040977779}
