{"iob":1.68932670548642,"activity":0.013085864197530864,"bolusiob":0.9913993152000004}
