{"iob":2.41500775346,"activity":0.015869629629629626,"bolusiob":1.6466077347199999}
