{"iob":-0.14268116775379103,"activity":-0.000497284074074074,"bolusiob":0}
