{"iob":-0.048824720221250006,"activity":-0.00008604166666666668,"bolusiob":0}
