{"iob":-0.0988339627140625,"activity":-0.00011281250000000001,"bolusiob":0}
