{"iob":-0.049981581860000006,"activity":-0.000004722222222222222,"bolusiob":0}
