{"iob":0.149323517965,"activity":0.0012452777777777779,"bolusiob":0.045232757735}
