{"iob":0.8980846511457622,"activity":0.013295826790123453,"bolusiob":0.12625071733333337}
