{"iob":1.21703428567,"activity":0.016048055555555555,"bolusiob":0.18069321920999995}
