{"iob":1.26331803088,"activity":0.013165679012345674,"bolusiob":0.35544281920000004}
