{"iob":0.02180495760875001,"activity":0.002319943181818182,"bolusiob":0}
