{"iob":1.0540983018654253,"activity":0.01233238014520202,"bolusiob":0.188485472}
