{"iob":1.902773392462,"activity":0.01992513215167548,"bolusiob":1.0078245342933334}
