{"iob":0.4639595419822399,"activity":0.004813633280423278,"bolusiob":0.24480091776000001}
