{"iob":0.8095425015925,"activity":0.01108443181818182,"bolusiob":0.36319532965}
