{"iob":1.5105164232987498,"activity":0.0018328598484848482,"bolusiob":1.5737156474199998}
