{"iob":1.330648329377222,"activity":0.025661763668430326,"bolusiob":0.21507203377333323}
