{"iob":0.12845854722765432,"activity":-0.0010806285072951743,"bolusiob":0}
