{"iob":0.21178935271777766,"activity":0.010356701940035266,"bolusiob":0}
