{"iob":1.0614389826227777,"activity":0.021755802469135797,"bolusiob":0.28685405562666666}
