{"iob":0.042782773941250005,"activity":0.0002317361111111111,"bolusiob":0}
