{"iob":-0.15158378622055557,"activity":-0.001637962962962963,"bolusiob":0}
