{"iob":0.09936883634222224,"activity":0.00008296296296296296,"bolusiob":0}
