{"iob":0.049993064260000004,"activity":0.0000019444444444444444,"bolusiob":0}
