{"iob":1.620061233674375,"activity":0.015174393939393937,"bolusiob":0.9928864686850001}
