{"iob":0.3772674663569612,"activity":0.01008462058080808,"bolusiob":-0.00003349832499999206}
