{"iob":1.2267704811102225,"activity":0.006498271604938271,"bolusiob":0.7042189737955555}
