{"iob":-0.10289813508888887,"activity":-0.0004663844797178127,"bolusiob":0}
