{"iob":-0.030831724144444392,"activity":0.002183862433862433,"bolusiob":0}
