{"iob":-0.28682337361625,"activity":-0.0006828472222222223,"bolusiob":0}
