{"iob":1.3396284628383333,"activity":0.010518703703703702,"bolusiob":0.6418932832}
