{"iob":-0.04999118853125,"activity":-0.0000024305555555555557,"bolusiob":0}
