{"iob":1.3319483524994442,"activity":0.027709144620811282,"bolusiob":0.14967242957333318}
