{"iob":0.5637453882061112,"activity":0.018554735449735443,"bolusiob":0}
