{"iob":0.9857538456603124,"activity":0.008436306818181817,"bolusiob":0.6674213588}
