{"iob":0.049614784,"activity":0.000044444444444444447,"bolusiob":0}
