{"iob":0.33985939839375,"activity":0.007718061868686868,"bolusiob":0.006980888859999901}
