{"iob":0.16155894421888894,"activity":0.006735661375661371,"bolusiob":0}
