{"iob":0.180914926356366,"activity":0.007579276455026453,"bolusiob":0}
