{"iob":1.294009942971313,"activity":0.007581786963383838,"bolusiob":0.54089960568}
