{"iob":0.09957161639506174,"activity":0.00005308641975308642,"bolusiob":0}
