{"iob":0.5343837725324445,"activity":0.008193430335096999,"bolusiob":0.10330012266666666}
