{"iob":-0.09883859022222222,"activity":-0.00011604938271604936,"bolusiob":0}
