{"iob":-0.11162681973111113,"activity":0.005533280423280421,"bolusiob":0}
