{"iob":-0.05548151063555557,"activity":0.001709276895943562,"bolusiob":0}
