{"iob":0.6413576821075001,"activity":0.02065112373737374,"bolusiob":0}
