{"iob":1.3692140121775,"activity":0.017122525252525254,"bolusiob":0.5398728381500001}
