{"iob":1.185499303548223,"activity":0.0037632722222222213,"bolusiob":0.38409828352}
