{"iob":-0.09970038755555555,"activity":-0.00005530864197530863,"bolusiob":0}
