{"iob":0.29704436339305557,"activity":0.0027944708994708987,"bolusiob":0}
