{"iob":0.04457876274084653,"activity":0.0058358332386363645,"bolusiob":0}
