{"iob":0.8628270827240802,"activity":0.01693950604938271,"bolusiob":0.09679687500000006}
