{"iob":0.041097260377777764,"activity":-0.001575432098765432,"bolusiob":0}
