{"iob":-0.06357189054555555,"activity":0.0007377160493827157,"bolusiob":0}
