{"iob":-0.09862564108888888,"activity":-0.0001545679012345679,"bolusiob":0}
