{"iob":-0.2497608814602222,"activity":-0.004837072310405643,"bolusiob":0}
