{"iob":1.2196108839344446,"activity":0.022163721340388003,"bolusiob":0.28957716623999996}
