{"iob":1.4585110861133332,"activity":0.007778148148148147,"bolusiob":1.1714326151111112}
