{"iob":-0.09957503687901235,"activity":-0.00005197530864197531,"bolusiob":0}
