{"iob":1.5534470396,"activity":0.01790860670194003,"bolusiob":0.6347322035377778}
