{"iob":1.649932643413889,"activity":0.02336617283950617,"bolusiob":0.4278521097733334}
