{"iob":0.7979394053144444,"activity":0.018361040564373893,"bolusiob":0.0967726615866667}
