{"iob":1.0660183521751778,"activity":0.008568042451499117,"bolusiob":0.6398869134222223}
