{"iob":1.5904723204459867,"activity":0.017559682416225745,"bolusiob":0.95111840992}
