{"iob":0.6550986551924162,"activity":0.0039538796825396814,"bolusiob":0.46390976148000007}
