{"iob":-0.16008663390036434,"activity":0.002220088059964726,"bolusiob":0}
