{"iob":2.3846168731999464,"activity":0.01010432111111111,"bolusiob":1.81876483824}
