{"iob":0.04879398891777778,"activity":0.00011641975308641975,"bolusiob":0}
