{"iob":-0.39920935674950003,"activity":-0.0016518055555555554,"bolusiob":0}
