{"iob":0.25523864515375,"activity":0.01236818181818182,"bolusiob":0}
