{"iob":1.9912221311249998,"activity":0.02187243686868687,"bolusiob":0.6433442172799999}
