{"iob":0.6300365820041143,"activity":0.0018883781657848318,"bolusiob":0}
