{"iob":0.3272355192019752,"activity":0.010312199775533108,"bolusiob":0.02909463509333336}
