{"iob":2.023699202586667,"activity":0.006591640211640211,"bolusiob":1.8427061930844442}
