{"iob":1.9156524150240277,"activity":0.022684232804232807,"bolusiob":1.0581383907466666}
