{"iob":-0.14926579929333336,"activity":-0.00011604938271604938,"bolusiob":0}
