{"iob":0.6081358420274445,"activity":0.00869933862433862,"bolusiob":0.11638178844444445}
