{"iob":0.9108530885722225,"activity":0.024271693121693118,"bolusiob":0.026699612266666697}
