{"iob":1.8883699602005555,"activity":0.01998997354497354,"bolusiob":1.0341118360000001}
