{"iob":0.48504457689708347,"activity":0.0074359259259259266,"bolusiob":0.09178558208000004}
