{"iob":0.044161156871111114,"activity":-0.0002583245149911816,"bolusiob":0}
