{"iob":0.5704015055453124,"activity":0.0013727588383838384,"bolusiob":0.4971978314}
