{"iob":-0.40863451250263894,"activity":-0.0032089417989417984,"bolusiob":0}
