{"iob":0.07769277103777783,"activity":0.002360723104056437,"bolusiob":0}
