{"iob":2.210127926555556,"activity":0.018805820105820104,"bolusiob":1.24608502816}
