{"iob":0.04830388992790124,"activity":0.00010580246913580247,"bolusiob":0}
