{"iob":0.04966246583111112,"activity":-0.000010105820105820032,"bolusiob":0}
