{"iob":1.6365364402990625,"activity":0.010309693813131312,"bolusiob":1.25806464864}
