{"iob":0.01200570579777778,"activity":0.0011064021164021163,"bolusiob":0}
