{"iob":0.048114515840000004,"activity":0.00011222222222222223,"bolusiob":0}
