{"iob":3.0797992311687494,"activity":0.026905347222222223,"bolusiob":1.7558808578025}
