{"iob":-0.07645440756833334,"activity":-0.0012345326278659608,"bolusiob":0}
