{"iob":0.5571609136133334,"activity":0.006379753086419752,"bolusiob":0.15603563008000007}
