{"iob":1.0956500599955559,"activity":0.011455414462081126,"bolusiob":0.6834160162311111}
