{"iob":-0.049835773321250006,"activity":-0.000025625,"bolusiob":0}
