{"iob":1.1490694606236265,"activity":0.008863157089947083,"bolusiob":0.8112909950222222}
