{"iob":-0.046159463453333355,"activity":0.006053703703703702,"bolusiob":0}
