{"iob":0.19598253002271604,"activity":0.0003145679012345679,"bolusiob":0.18602740720197533}
