{"iob":0.5943573434666668,"activity":0.0033266313932980595,"bolusiob":0.24178762506666673}
