{"iob":0.09231379540999993,"activity":0.008034343434343434,"bolusiob":0}
