{"iob":0.09935881184055556,"activity":0.0000632980599647267,"bolusiob":0}
