{"iob":0.9151110077471607,"activity":0.009079158249158248,"bolusiob":0.4942897831822223}
