{"iob":0.28441710880100796,"activity":0.001778907922979798,"bolusiob":0.1533593621025}
