{"iob":-0.03891193081111111,"activity":0.0016177248677248673,"bolusiob":0}
