{"iob":-0.012686207432061357,"activity":-0.0013160843915343923,"bolusiob":0}
