{"iob":-0.09776749951209877,"activity":-0.00015901234567901234,"bolusiob":0}
