{"iob":-0.010307753284380237,"activity":-0.0013145144973544978,"bolusiob":0}
