{"iob":-0.0006268826220671041,"activity":-0.0001880573192239856,"bolusiob":0}
