{"iob":0.28278570523944446,"activity":-0.0003792945326278658,"bolusiob":0}
