{"iob":0.8456811747318519,"activity":0.002583333333333333,"bolusiob":0.7465011300345679}
