{"iob":0.04998522104000001,"activity":0.000005185185185185184,"bolusiob":0}
