{"iob":-0.007470473100000007,"activity":0.002424232804232803,"bolusiob":0}
