{"iob":1.4705852296249997,"activity":0.020976931818181818,"bolusiob":0.4588374085125001}
