{"iob":-0.14650273258666666,"activity":-0.00023407407407407407,"bolusiob":0}
