{"iob":-0.06817031127009404,"activity":0.0019012697530864195,"bolusiob":0}
