{"iob":0.011908136046611124,"activity":0.003699431186868688,"bolusiob":0}
