{"iob":0.9278412443131249,"activity":0.017363257575757577,"bolusiob":0.50856243558}
