{"iob":-0.13260772704722223,"activity":-0.002546437389770723,"bolusiob":0}
