{"iob":0.3225171906004939,"activity":0.004929433221099888,"bolusiob":0.01486531395555557}
