{"iob":-0.09893970484938272,"activity":-0.0001028395061728395,"bolusiob":0}
