{"iob":-0.09923755938,"activity":-0.0001137037037037037,"bolusiob":0}
