{"iob":0.049858115965000005,"activity":0.000023194444444444445,"bolusiob":0}
