{"iob":0.05736746613555557,"activity":0.002648271604938271,"bolusiob":0}
