{"iob":0.1807265850533334,"activity":-0.0004749735449735461,"bolusiob":0}
