{"iob":-0.19248820466,"activity":-0.0003838888888888889,"bolusiob":0}
