{"iob":0.3608901295625,"activity":0.0014962500000000002,"bolusiob":0.11207732786}
