{"iob":0.04972681856790123,"activity":0.000035802469135802465,"bolusiob":0}
