{"iob":0.09984438280624999,"activity":0.000026597222222222225,"bolusiob":0}
