{"iob":-0.09495046824055556,"activity":-0.0003491975308641975,"bolusiob":0}
