{"iob":1.9117104524301562,"activity":0.002251827651515151,"bolusiob":1.6224550475400001}
