{"iob":-0.09777855480888889,"activity":-0.0001585185185185185,"bolusiob":0}
