{"iob":0.3281056233955556,"activity":0.0025520987654320984,"bolusiob":0.07716506336000001}
