{"iob":2.8071709706231247,"activity":0.02974767676767677,"bolusiob":1.1426503293225}
