{"iob":0.7206567645522222,"activity":0.022439999999999995,"bolusiob":0.008008544226666702}
