{"iob":-0.03711287587111112,"activity":0.0020264902998236327,"bolusiob":0}
