{"iob":1.281915674356543,"activity":0.010468518518518514,"bolusiob":0.4843581563022223}
