{"iob":0.1986208608711111,"activity":0.00016592592592592592,"bolusiob":0.1955897048177778}
