{"iob":2.0692675706071464,"activity":0.018037654444444443,"bolusiob":0.86028645444}
