{"iob":0.5957323664,"activity":0.007877777777777777,"bolusiob":0.34804117760000003}
