{"iob":0.5904247074083498,"activity":0.0030632282539682534,"bolusiob":0}
