{"iob":-0.023695001968888907,"activity":-0.001765026455026455,"bolusiob":0}
