{"iob":0.0963456376533333,"activity":0.004414109347442679,"bolusiob":0}
