{"iob":-0.01235385051259242,"activity":0.010944534231200898,"bolusiob":0}
