{"iob":1.7603900659068563,"activity":0.0014324690123456783,"bolusiob":1.8173103894755556}
