{"iob":0.5116679964731944,"activity":0.000009708994708994192,"bolusiob":0.5504952498133333}
