{"iob":0.6648547164024999,"activity":0.012082361111111111,"bolusiob":0.13761614867000002}
