{"iob":0.5772354206111111,"activity":0.009344074074074072,"bolusiob":0.1333886798666667}
