{"iob":-0.03494098833382716,"activity":-0.0003406172839506173,"bolusiob":0}
