{"iob":-0.05295439185551336,"activity":-0.0010918244633838382,"bolusiob":0}
