{"iob":0.7176222833001248,"activity":0.022019611728395054,"bolusiob":0}
