{"iob":1.2366840606522225,"activity":0.028300723104056437,"bolusiob":0.03588237899999994}
