{"iob":0.9516088244765625,"activity":0.006584690656565656,"bolusiob":0.5823544816349999}
