{"iob":0.12409950720812496,"activity":0.004469292929292929,"bolusiob":0}
