{"iob":-0.3225060674975,"activity":0.0008814772727272729,"bolusiob":0}
