{"iob":0.8094053036295,"activity":0.010796148989898988,"bolusiob":0.12008004617999998}
