{"iob":0.041105630071111114,"activity":0.0003449382716049383,"bolusiob":0}
