{"iob":-0.049990367285000004,"activity":-0.000002638888888888889,"bolusiob":0}
