{"iob":-0.15616112632958334,"activity":-0.0004066225749559083,"bolusiob":0}
