{"iob":1.0468218286707258,"activity":0.014908642716049383,"bolusiob":0}
