{"iob":0.0005509566999999382,"activity":0.0006719576719576709,"bolusiob":0}
