{"iob":4.1509294384875,"activity":0.013337424242424241,"bolusiob":3.37760457014}
