{"iob":1.8938263384730867,"activity":0.012148271604938272,"bolusiob":0.8762454733511112}
