{"iob":-0.17993816755833333,"activity":-0.0010443827160493825,"bolusiob":0}
