{"iob":-0.1472968153125926,"activity":-0.00018370370370370372,"bolusiob":0}
