{"iob":-0.09656178052,"activity":-0.00026444444444444443,"bolusiob":0}
