{"iob":-0.09635282922777778,"activity":0.0002408818342151673,"bolusiob":0}
