{"iob":0.049855634285000006,"activity":0.00002347222222222222,"bolusiob":0}
