{"iob":0.28688838210166656,"activity":0.01383289176366843,"bolusiob":0}
