{"iob":0.6086237635266665,"activity":0.00047749559082892364,"bolusiob":0.6995081746488889}
