{"iob":-0.09956130738567902,"activity":-0.00005419753086419753,"bolusiob":0}
