{"iob":-0.09858009012000002,"activity":-0.00015777777777777776,"bolusiob":0}
