{"iob":0.32787370960851514,"activity":0.015256116386083053,"bolusiob":0}
