{"iob":3.416699889805527,"activity":0.02191995278659612,"bolusiob":2.017609435893333}
