{"iob":0.556089929848889,"activity":0.013194276094276095,"bolusiob":0}
