{"iob":0.6590417933757394,"activity":0.003440330392817059,"bolusiob":0.49047067804444444}
