{"iob":-0.26927870663736114,"activity":-0.001147936507936508,"bolusiob":0}
