{"iob":1.063111933152334,"activity":0.011128342768959435,"bolusiob":0.27517538933333346}
