{"iob":0.5526180561788889,"activity":0.020905044091710758,"bolusiob":0}
