{"iob":0.4975347499377779,"activity":0.0027751851851851852,"bolusiob":0}
