{"iob":1.5447632342933335,"activity":0.01876801346801347,"bolusiob":0.3778749380622223}
