{"iob":0.17386183456000007,"activity":0.0034870145903479243,"bolusiob":0}
