{"iob":-0.09945097099999999,"activity":-0.0002683068783068782,"bolusiob":0}
