{"iob":0.05099326921249975,"activity":0.008560852272727272,"bolusiob":0}
