{"iob":0.91403698328,"activity":0.018636137566137564,"bolusiob":0.015810407760000224}
