{"iob":1.2071053700880001,"activity":0.015979823633156965,"bolusiob":0.4346247134933333}
