{"iob":3.0964631000025,"activity":0.018406527777777782,"bolusiob":2.21953293815}
