{"iob":-0.12293397825975311,"activity":-0.0017186756453423122,"bolusiob":0}
