{"iob":0.5352637100611112,"activity":0.0031846560846560843,"bolusiob":0}
