{"iob":1.2566027132508637,"activity":0.020834174915824913,"bolusiob":0.07973875128888896}
