{"iob":1.150755677446875,"activity":0.00970462436868687,"bolusiob":0.3661663943899999}
