{"iob":1.6562994449147408,"activity":0.012847487037037034,"bolusiob":0.9925931284088889}
