{"iob":-0.060718955159506184,"activity":0.002232979797979798,"bolusiob":0}
