{"iob":-0.013559417895937509,"activity":-0.0019082449494949496,"bolusiob":0}
