{"iob":0.5589667895124999,"activity":0.016552184343434348,"bolusiob":0}
