{"iob":1.5647123843727777,"activity":0.010241164021164019,"bolusiob":0.9178699733333335}
