{"iob":0.3408270607822222,"activity":0.0022567901234567898,"bolusiob":0.10081458796000002}
