{"iob":0.797359385238889,"activity":0.022700264550264547,"bolusiob":0.008886072000000023}
