{"iob":-0.0009054071599999991,"activity":-0.0007126262626262628,"bolusiob":0}
