{"iob":1.5328390405777776,"activity":0.02497488536155202,"bolusiob":0.3912426494799999}
