{"iob":0.21175559022111107,"activity":0.007585114638447969,"bolusiob":0}
