{"iob":0.9102998876799999,"activity":0.01642676767676768,"bolusiob":0.09058779893333335}
