{"iob":1.8025683718487504,"activity":0.007475063131313131,"bolusiob":1.21746415296}
