{"iob":0.9088415090014816,"activity":0.0037540740740740733,"bolusiob":0.7591588345679013}
