{"iob":0.7150268927921565,"activity":0.005066534514991179,"bolusiob":0.43518790314666667}
