{"iob":0.7291427518602105,"activity":0.016444787918871245,"bolusiob":0.005712538560000013}
