{"iob":2.3824041065016672,"activity":0.03476126984126984,"bolusiob":0.57847657928}
