{"iob":-0.04875240865975309,"activity":-0.00008901234567901235,"bolusiob":0}
