{"iob":0.8904173458933334,"activity":0.019189029982363312,"bolusiob":0.1399343639466667}
