{"iob":0.07546549823924312,"activity":0.0002538715167548506,"bolusiob":0}
