{"iob":-0.048528708531250006,"activity":0.00018141414141414138,"bolusiob":0}
