{"iob":-0.0921992954161111,"activity":-0.0016855731922398583,"bolusiob":0}
