{"iob":1.7251636613530863,"activity":0.015003827160493827,"bolusiob":0.47701532967111104}
