{"iob":0.9904295559268869,"activity":0.01222216343915344,"bolusiob":0.19952227584000004}
