{"iob":0.01510843955555556,"activity":0.00034876543209876547,"bolusiob":0}
