{"iob":1.1675847876809378,"activity":0.009301117771464645,"bolusiob":0.38861629176}
