{"iob":-0.01589966345333336,"activity":0.007069576719576718,"bolusiob":0}
