{"iob":0.23107466824333334,"activity":-0.0028795061728395053,"bolusiob":0}
