{"iob":1.1908859861472407,"activity":0.015230538007054666,"bolusiob":0.17968333066666672}
