{"iob":0.08137430482458659,"activity":-0.0013418517283950617,"bolusiob":0}
