{"iob":0.6877718580911112,"activity":0.013852292768959433,"bolusiob":0.07007527346666664}
