{"iob":0.11984501152444438,"activity":0.0031697354497354467,"bolusiob":0}
