{"iob":3.1508105838128126,"activity":0.02437268939393939,"bolusiob":1.83192222935}
