{"iob":0.5104316823800003,"activity":0.01425402116402116,"bolusiob":0}
