{"iob":-0.29333905010571826,"activity":-0.0038956083774250435,"bolusiob":0}
