{"iob":0.0022255192087499986,"activity":0.0009451199494949492,"bolusiob":0}
