{"iob":-0.09975690545111113,"activity":-0.000049012345679012336,"bolusiob":0}
