{"iob":0.09804859786352804,"activity":0.000170166225749559,"bolusiob":0}
