{"iob":0.5138783855565434,"activity":0.012665780022446688,"bolusiob":-0.0001563027199998901}
