{"iob":0.10014373406722214,"activity":0.009365061728395059,"bolusiob":0}
