{"iob":-0.11526604152875,"activity":-0.0010897916666666666,"bolusiob":0}
