{"iob":1.2500428989859376,"activity":0.01653338383838384,"bolusiob":0.30441308491000013}
