{"iob":-0.00038024950166666295,"activity":-0.00007768959435626097,"bolusiob":0}
