{"iob":1.049103370526111,"activity":0.0037983509700176355,"bolusiob":1.0562620175644446}
