{"iob":0.1831352420566914,"activity":0.0007017283950617283,"bolusiob":0}
