{"iob":0.13015136529333332,"activity":-0.001984991181657848,"bolusiob":0.29976531456}
