{"iob":0.9885017570212344,"activity":0.011898821548821548,"bolusiob":0.6525058962488889}
