{"iob":-0.3580832210548611,"activity":-0.0029290828924162264,"bolusiob":0}
