{"iob":0.4327711502983334,"activity":0.012291199294532625,"bolusiob":0}
