{"iob":-0.0994327953390625,"activity":-0.00007114583333333334,"bolusiob":0}
