{"iob":0.8911812585943674,"activity":0.014194491792929292,"bolusiob":0.04553182208000006}
