{"iob":0.5116781656855558,"activity":0.016115873015873017,"bolusiob":0}
