{"iob":1.6480442588099995,"activity":0.015616237373737372,"bolusiob":0.808555854495}
