{"iob":-0.15242352345500002,"activity":-0.0008553615520282184,"bolusiob":0}
