{"iob":-0.09938931920500002,"activity":-0.00007208333333333334,"bolusiob":0}
