{"iob":1.3235802478410128,"activity":0.010101824842171718,"bolusiob":0.562897032}
