{"iob":1.9420556486693754,"activity":0.030783440656565658,"bolusiob":0.5554178268275001}
