{"iob":0.3595980807822222,"activity":0.012642199775533108,"bolusiob":0}
