{"iob":1.3767039608633334,"activity":0.02303308641975308,"bolusiob":0.15015450278666662}
