{"iob":1.8017729750119744,"activity":0.018827591922398582,"bolusiob":0.6388581129600001}
