{"iob":0.5316322483283333,"activity":0.018339347442680776,"bolusiob":0}
