{"iob":0.6853022808225002,"activity":0.02284659090909091,"bolusiob":0.0116139226775}
