{"iob":3.042748169755218,"activity":0.02934994630681818,"bolusiob":1.2965985578249999}
