{"iob":0.30298830418981776,"activity":0.006315344038800704,"bolusiob":0.09504262528000001}
