{"iob":-0.04995306106,"activity":-0.000013703703703703702,"bolusiob":0}
