{"iob":0.5137600404081173,"activity":0.011198563762626264,"bolusiob":0}
