{"iob":1.59327816714,"activity":0.01753885361552028,"bolusiob":0.7183670040177779}
