{"iob":0.049733476371111106,"activity":0.000004761904761904852,"bolusiob":0}
