{"iob":0.10645835887374994,"activity":0.010657171717171716,"bolusiob":0.00003354767999996788}
