{"iob":0.00015204726384019927,"activity":0.00009304603174603159,"bolusiob":0}
