{"iob":0.5280975867338272,"activity":0.011327025813692479,"bolusiob":0.10893044309333334}
