{"iob":1.3022691375542226,"activity":0.01187027798611111,"bolusiob":0.4059796738499999}
