{"iob":-0.13963894846979105,"activity":-0.0006083951851851851,"bolusiob":0}
