{"iob":0.0975592387825,"activity":0.00013291666666666665,"bolusiob":0}
