{"iob":0.471568442411,"activity":0.0018086596119929453,"bolusiob":0}
