{"iob":0.0644131297622222,"activity":-0.0014098941798941797,"bolusiob":0}
