{"iob":-0.20419021382444447,"activity":-0.0010232275132275128,"bolusiob":0}
