{"iob":0.3545919898689854,"activity":0.006281375767195767,"bolusiob":0}
