{"iob":-0.0990833814088889,"activity":-0.00012246913580246915,"bolusiob":0}
