{"iob":-0.04879848310444445,"activity":-0.00011617283950617283,"bolusiob":0}
