{"iob":-0.0989355344197531,"activity":-0.00010320987654320986,"bolusiob":0}
