{"iob":-0.10776328023555556,"activity":-0.0011525044091710754,"bolusiob":0}
