{"iob":-0.09962474181530864,"activity":-0.000047654320987654325,"bolusiob":0}
