{"iob":1.2120205019022223,"activity":0.017804354657687992,"bolusiob":0.21903175872000005}
