{"iob":0.049990915940000005,"activity":0.000003333333333333333,"bolusiob":0}
