{"iob":-0.048015161184444446,"activity":-0.0001539506172839506,"bolusiob":0}
