{"iob":0.3881979589693146,"activity":0.0006639453086419754,"bolusiob":0}
