{"iob":0.009143279297777765,"activity":0.00266705467372134,"bolusiob":0}
