{"iob":-0.09926927115777774,"activity":0.00029014109347442644,"bolusiob":0}
