{"iob":0.03754140154000001,"activity":0.0004114814814814814,"bolusiob":0}
