{"iob":2.0611804568994443,"activity":0.020829373897707226,"bolusiob":1.1803758129066666}
