{"iob":1.8642437719938891,"activity":0.020751419753086416,"bolusiob":0.8872087552}
