{"iob":0.44327893080691355,"activity":0.00527641975308642,"bolusiob":0.044929848888888874}
