{"iob":3.1100295145379926,"activity":0.0040450347916666666,"bolusiob":2.8311741339000003}
