{"iob":0.3115040965083333,"activity":0.01334506172839506,"bolusiob":0}
