{"iob":0.7964865051874997,"activity":0.01268544191919192,"bolusiob":0.07402396057499998}
