{"iob":2.4856384791988893,"activity":0.01043259259259259,"bolusiob":1.9500193453511114}
