{"iob":0.6715744153911111,"activity":0.008144444444444444,"bolusiob":0.2156941646666667}
