{"iob":2.2876927352723437,"activity":0.017319333964646463,"bolusiob":1.3603610301300002}
