{"iob":-0.05427489944444443,"activity":-0.0004451499118165778,"bolusiob":0}
