{"iob":-0.04208635637333335,"activity":0.0009270546737213396,"bolusiob":0}
