{"iob":0.09822629696790126,"activity":0.003504309764309764,"bolusiob":0}
