{"iob":1.0542966958587532,"activity":0.020175537081930414,"bolusiob":0.035269288746666745}
