{"iob":-0.08385619230573771,"activity":-0.0041362258730158735,"bolusiob":0}
