{"iob":0.049232474177777784,"activity":-0.0000999470899470899,"bolusiob":0}
