{"iob":0.7076459841777779,"activity":0.007877777777777779,"bolusiob":0.44832903537777774}
