{"iob":0.14510680990385766,"activity":0.0011056967724867718,"bolusiob":0}
