{"iob":0.33322699445444426,"activity":0.013787548500881833,"bolusiob":0}
