{"iob":-0.04680944939456791,"activity":-0.00014975308641975308,"bolusiob":0}
