{"iob":0.7806761355577778,"activity":0.014036737213403877,"bolusiob":0.29044796802666667}
