{"iob":0.04937613425111111,"activity":0.0000793827160493827,"bolusiob":0}
