{"iob":1.4959772407394454,"activity":0.008655473693181818,"bolusiob":0.9531969239999999}
