{"iob":0.7393131087305373,"activity":0.012570013774250441,"bolusiob":0.18725718641777778}
