{"iob":0.6371001141372841,"activity":0.006134523007856342,"bolusiob":0.3681678158735803}
