{"iob":0.40196723652666666,"activity":0.0047020033670033675,"bolusiob":0.18204656384000004}
