{"iob":0.3056537991505555,"activity":0.013735793650793646,"bolusiob":0}
