{"iob":-0.07113239000555556,"activity":0.0007490299823633156,"bolusiob":0}
