{"iob":0.04703339238136592,"activity":0.00387557275132275,"bolusiob":0}
