{"iob":-0.04904891888197534,"activity":0.001576049382716049,"bolusiob":0}
