{"iob":0.9770876816403126,"activity":0.005546546717171716,"bolusiob":0.48029002377999996}
