{"iob":0.4287443481135328,"activity":0.0012263133396464647,"bolusiob":0}
