{"iob":1.2418246889046916,"activity":0.02067429854096521,"bolusiob":0.25771196284444453}
