{"iob":0.020032479711250106,"activity":0.008278617424242424,"bolusiob":0.007533423360000013}
