{"iob":-0.002629599555555562,"activity":-0.00023765432098765433,"bolusiob":0}
