{"iob":0.6664601934252325,"activity":0.002206066754850088,"bolusiob":0.69965204624}
