{"iob":0.03234076290000001,"activity":0.0031209595959595967,"bolusiob":0}
