{"iob":0.29648906169062506,"activity":0.005557310606060606,"bolusiob":0.0013518678224999857}
