{"iob":2.0250185681051387,"activity":0.0056726895943562585,"bolusiob":1.7714579333688887}
