{"iob":0.8029875848975849,"activity":0.017883873497474747,"bolusiob":0.191084427035}
