{"iob":0.3817272872711111,"activity":0.001059753086419753,"bolusiob":0}
