{"iob":-0.19349280971333335,"activity":-0.0004551851851851851,"bolusiob":0}
