{"iob":-0.09610709497111111,"activity":-0.00034802469135802465,"bolusiob":0}
