{"iob":0.9873077216888889,"activity":0.011888536155202821,"bolusiob":0.2999588245333334}
