{"iob":-0.056418005311111116,"activity":-0.0005491358024691356,"bolusiob":0}
