{"iob":0.06843256579550086,"activity":-0.0010666223104056432,"bolusiob":0}
