{"iob":0.43068719892666674,"activity":0.001341111111111111,"bolusiob":0}
