{"iob":0.03240981132124995,"activity":0.0026712941919191926,"bolusiob":0}
