{"iob":0.6613081673244445,"activity":0.013893804713804714,"bolusiob":0}
