{"iob":0.04997220759208334,"activity":0.00002371252204585522,"bolusiob":0}
