{"iob":2.5554727480812502,"activity":0.021604166666666667,"bolusiob":1.59979434544}
