{"iob":1.4252073950752124,"activity":0.00588440039141414,"bolusiob":0.76394236368}
