{"iob":0.7218748737421874,"activity":0.010143459595959595,"bolusiob":0.202910761075}
