{"iob":1.2859132485800002,"activity":0.025698148148148144,"bolusiob":0.16186637192000006}
