{"iob":0.8174562027061728,"activity":0.015794938271604938,"bolusiob":0.1486019828266667}
