{"iob":2.694216983948334,"activity":0.026486534391534387,"bolusiob":1.2297121950933334}
