{"iob":1.7734612137171473,"activity":0.01974671698232323,"bolusiob":1.022025988}
