{"iob":0.012037420906666686,"activity":0.002818518518518519,"bolusiob":0}
