{"iob":1.5845692388851131,"activity":0.026432142592592585,"bolusiob":0.3290381428533332}
