{"iob":0.1998863896923611,"activity":0.001644029982363314,"bolusiob":0}
