{"iob":0.9543407914044444,"activity":0.0162237037037037,"bolusiob":0.1704859504399999}
