{"iob":1.5763247051583336,"activity":0.01360731922398589,"bolusiob":0.734334853}
