{"iob":0.557014982874074,"activity":0.011669292929292927,"bolusiob":0.14683197909333331}
