{"iob":0.30388672782277765,"activity":0.009737019400352728,"bolusiob":0}
