{"iob":2.126577994031111,"activity":0.03276546737213404,"bolusiob":0.5224821222266666}
