{"iob":0.049966168304197534,"activity":0.000007901234567901233,"bolusiob":0}
