{"iob":0.1435577230366667,"activity":-0.0004452821869488531,"bolusiob":0}
