{"iob":-0.09910540992000001,"activity":-0.00008444444444444444,"bolusiob":0}
