{"iob":3.1079070650505556,"activity":0.010173553791887124,"bolusiob":2.6736527259866665}
