{"iob":1.6697588872133333,"activity":0.020175555555555554,"bolusiob":0.52886256284}
