{"iob":0.45864806500204225,"activity":0.010008374450757574,"bolusiob":0}
