{"iob":0.5706108574962964,"activity":0.0038677721661055,"bolusiob":0.409392733708642}
