{"iob":0.00626571727777777,"activity":-0.0012768783068783068,"bolusiob":0}
