{"iob":0.6057344233823498,"activity":0.0026309531216931205,"bolusiob":0}
