{"iob":0.19102301852444445,"activity":0.0005590123456790123,"bolusiob":0}
