{"iob":0.07114138438320988,"activity":0.0027722109988776653,"bolusiob":0}
