{"iob":0.9474449538737499,"activity":0.016589621212121212,"bolusiob":0.04512209145000001}
