{"iob":-0.03254461888000001,"activity":-0.0018967195767195767,"bolusiob":0}
