{"iob":-0.15581352734812498,"activity":-0.00006498106060606095,"bolusiob":0}
