{"iob":0.4646699762490676,"activity":0.012908588359788357,"bolusiob":0}
