{"iob":0.4807146442462498,"activity":0.014899646464646464,"bolusiob":0}
