{"iob":0.045534017373333326,"activity":-0.00039980599647266294,"bolusiob":0}
