{"iob":1.5041990367940459,"activity":0.02678458627865961,"bolusiob":0.25435675758666676}
