{"iob":-0.034351611855802384,"activity":0.002716094276094277,"bolusiob":0}
