{"iob":-0.19553862665777783,"activity":-0.00036765432098765434,"bolusiob":0}
