{"iob":1.6273272609055558,"activity":0.021887671957671953,"bolusiob":0.54590456}
