{"iob":-0.04490046815604939,"activity":-0.00019271604938271602,"bolusiob":0}
