{"iob":2.42154752794,"activity":0.025242169312169306,"bolusiob":1.0108496993200002}
