{"iob":-0.045465561370864195,"activity":-0.00018098765432098766,"bolusiob":0}
