{"iob":2.0004639014045433,"activity":0.007462153289141413,"bolusiob":1.33168098}
