{"iob":1.9656360988444443,"activity":0.0028740740740740736,"bolusiob":1.8817064220444446}
