{"iob":-0.09958427035654321,"activity":-0.000051481481481481486,"bolusiob":0}
