{"iob":0.27168093947444455,"activity":0.011711252204585536,"bolusiob":0}
