{"iob":-0.07628089488166669,"activity":-0.0012728218694885362,"bolusiob":0}
