{"iob":0.5042662839546566,"activity":0.012418139700176366,"bolusiob":0.017607085813333347}
