{"iob":0.7599484387611113,"activity":0.01867735449735449,"bolusiob":0.06105652499999992}
