{"iob":1.972576594093827,"activity":0.011522345679012344,"bolusiob":0.9701760550044445}
