{"iob":1.4942537319444444,"activity":0.009748518518518517,"bolusiob":1.023867544}
