{"iob":-0.029947665094374982,"activity":0.0028137500000000003,"bolusiob":0}
