{"iob":0.3916327426528395,"activity":0.0006439506172839506,"bolusiob":0.3708243181669136}
