{"iob":2.5462625869666664,"activity":0.007468218694885359,"bolusiob":2.2786681897955554}
