{"iob":0.2945397554896875,"activity":0.0004263541666666667,"bolusiob":0}
