{"iob":0.04520200119308642,"activity":0.0001865432098765432,"bolusiob":0}
