{"iob":-0.19210625744,"activity":-0.0005674074074074073,"bolusiob":0}
