{"iob":0.52207826523125,"activity":0.007347430555555556,"bolusiob":0.38385572708000004}
