{"iob":1.3416799802101094,"activity":0.013793119103535355,"bolusiob":0.44050412107000003}
