{"iob":-0.14864634747777777,"activity":-0.000155679012345679,"bolusiob":0}
