{"iob":0.03378675501,"activity":0.0022560846560846556,"bolusiob":0}
