{"iob":0.19993125376,"activity":0.000017777777777777777,"bolusiob":0.19984354304000002}
