{"iob":0.009901081322499963,"activity":-0.0015145265151515154,"bolusiob":0}
