{"iob":0.9853805963535806,"activity":0.013336554433221098,"bolusiob":0.16407609688888897}
