{"iob":0.14931688169750001,"activity":0.00009125000000000001,"bolusiob":0}
