{"iob":1.2061752873066662,"activity":0.011408765432098764,"bolusiob":0.355310032}
