{"iob":-0.11991964127103066,"activity":0.005666578395061729,"bolusiob":-0.00003048448000004811}
