{"iob":-0.18348269311611115,"activity":-0.002279647266313932,"bolusiob":0}
