{"iob":1.2297180050044443,"activity":0.011911358024691357,"bolusiob":0.5929993729066667}
