{"iob":0.8102557273788888,"activity":0.02099343915343915,"bolusiob":0}
