{"iob":0.33465374281836596,"activity":0.01024594312169312,"bolusiob":0}
