{"iob":-0.08561073513062498,"activity":0.004670820707070707,"bolusiob":0}
