{"iob":0.41901288843654516,"activity":0.01135417922348485,"bolusiob":0}
