{"iob":0.10731745965166664,"activity":0.004225520282186948,"bolusiob":0}
