{"iob":-0.00003575387333333846,"activity":0.00006578483245149678,"bolusiob":0}
