{"iob":2.1079588277325,"activity":0.012633611111111111,"bolusiob":1.1760418859175}
