{"iob":2.0757849943275004,"activity":0.017794027777777777,"bolusiob":1.0861801953099999}
