{"iob":2.3449087545372227,"activity":0.004038606701940034,"bolusiob":2.315059872}
