{"iob":0.5396193950999999,"activity":0.0067029356060606055,"bolusiob":0.41102600764999997}
