{"iob":0.65848507456,"activity":0.0158342297979798,"bolusiob":0}
