{"iob":-0.19521574837439104,"activity":-0.00038641987654320986,"bolusiob":0}
