{"iob":-0.001416000579999993,"activity":-0.00023121693121693098,"bolusiob":0}
