{"iob":0.030022726933333327,"activity":0.0024309764309764312,"bolusiob":0}
