{"iob":0.7085200826144447,"activity":0.012861569664902997,"bolusiob":0.22759492410666665}
