{"iob":-0.12156098932000003,"activity":0.0013162081128747785,"bolusiob":0}
