{"iob":1.4272463176651402,"activity":0.011065344409171075,"bolusiob":0.816987500088889}
