{"iob":0.10419804953234374,"activity":0.005058039772727271,"bolusiob":0.0008628557024999761}
