{"iob":1.0578104387298763,"activity":0.013062592592592591,"bolusiob":0.17668435683555553}
