{"iob":0.5727032257422223,"activity":0.016605016835016837,"bolusiob":0.018653222186666697}
