{"iob":-0.09941193444000002,"activity":-0.00007925925925925925,"bolusiob":0}
