{"iob":0.050606356172499756,"activity":0.008366780303030303,"bolusiob":0}
