{"iob":1.8254154813644448,"activity":0.022040820105820105,"bolusiob":1.060413593622222}
