{"iob":1.142506080928889,"activity":0.016918677248677242,"bolusiob":0.24388943973333332}
