{"iob":0.4763011198067292,"activity":0.01601105807760141,"bolusiob":0.003456459799999867}
