{"iob":1.7360045534568163,"activity":0.011916031305114635,"bolusiob":1.0735707222222222}
