{"iob":0.31201890854111125,"activity":0.013504832451499112,"bolusiob":0.015233436160000037}
