{"iob":0.3635966501333334,"activity":0.007068686868686868,"bolusiob":0}
