{"iob":0.2797549092371875,"activity":0.010966941287878786,"bolusiob":0.034281569172500005}
