{"iob":0.03521859164606526,"activity":0.005221571811868687,"bolusiob":0}
