{"iob":-0.1360327702281482,"activity":-0.0005437037037037037,"bolusiob":0}
