{"iob":1.018858809250625,"activity":0.017532891414141414,"bolusiob":0.48582013885}
