{"iob":-0.1488497423328125,"activity":-0.00012635416666666668,"bolusiob":0}
