{"iob":-0.0850051428571875,"activity":0.0008627083333333335,"bolusiob":0}
