{"iob":0.19562620107436599,"activity":0.007875572751322748,"bolusiob":0}
