{"iob":0.5386505492733334,"activity":0.012342522045855377,"bolusiob":0.12980968002666668}
