{"iob":-0.09258234749773087,"activity":0.00013345652557319153,"bolusiob":0}
