{"iob":0.5907665891869257,"activity":0.0011903711111111112,"bolusiob":0}
