{"iob":-0.03687141874172841,"activity":-0.001298125701459035,"bolusiob":0}
