{"iob":0.3724089873400003,"activity":0.013719788359788357,"bolusiob":0}
