{"iob":-0.04882804919125,"activity":-0.00008590277777777779,"bolusiob":0}
