{"iob":0.0611549972601389,"activity":-0.0002642416225749559,"bolusiob":0}
