{"iob":1.3423880081159374,"activity":0.013658759469696968,"bolusiob":0.50530114692}
