{"iob":-0.3439241825466266,"activity":-0.0034768960670194006,"bolusiob":0}
