{"iob":1.8494222460978753,"activity":0.024840934620811286,"bolusiob":0.8332822228622223}
