{"iob":-0.04996437883777778,"activity":-0.000010987654320987654,"bolusiob":0}
