{"iob":0.7177137956622223,"activity":0.004949417989417989,"bolusiob":0.44740056604444445}
