{"iob":2.6520380672325,"activity":0.018173724747474744,"bolusiob":1.5778706441800001}
