{"iob":0.049669461567777774,"activity":-0.000045308641975308654,"bolusiob":0}
