{"iob":0.04653721911308642,"activity":0.0001565432098765432,"bolusiob":0}
