{"iob":2.4503215965885787,"activity":0.019794991798941793,"bolusiob":1.1864462109422222}
