{"iob":0.04738853777777785,"activity":0.002648709315375983,"bolusiob":0}
