{"iob":1.3889314559350001,"activity":0.03182857142857142,"bolusiob":0.050851733373333395}
