{"iob":1.3497230935724451,"activity":0.010481231268939392,"bolusiob":0.6000887490000001}
