{"iob":-0.09847246525555556,"activity":-0.00017172839506172837,"bolusiob":0}
