{"iob":0.28537293178888873,"activity":0.011777689594356258,"bolusiob":0.07380662176000001}
