{"iob":-0.09973139312222223,"activity":-0.00005222222222222222,"bolusiob":0}
