{"iob":0.25286927386216956,"activity":3.703703703489714e-10,"bolusiob":0}
