{"iob":2.233450524510313,"activity":0.004329400252525251,"bolusiob":2.18832592726}
