{"iob":3.0163299915416664,"activity":0.019760326278659607,"bolusiob":1.9256727285955555}
