{"iob":-0.14638827973222496,"activity":-0.0002506945138888889,"bolusiob":0}
