{"iob":-0.243487650935,"activity":-0.0012519255050505048,"bolusiob":0}
