{"iob":-0.22859890124378435,"activity":0.00137496608305275,"bolusiob":0}
