{"iob":0.8428374478060601,"activity":0.013799074973544975,"bolusiob":0.09207483903999991}
