{"iob":0.6521819956246914,"activity":0.0021635802469135803,"bolusiob":0.3726997573530864}
