{"iob":0.17755681150833333,"activity":0.0007189241622574949,"bolusiob":0.06493335859999999}
