{"iob":-0.28984275847333335,"activity":-0.000749753086419753,"bolusiob":0}
