{"iob":1.28157939839375,"activity":0.012831180555555556,"bolusiob":0.7067233013575001}
