{"iob":-0.23096241488888888,"activity":-0.001679047619047619,"bolusiob":0}
