{"iob":1.8319321341559374,"activity":0.02827272095959596,"bolusiob":0.7857458694899999}
