{"iob":1.3580634546715697,"activity":0.016058598148148143,"bolusiob":0.5410719950399998}
