{"iob":0.07486905415458309,"activity":-0.000587856878306878,"bolusiob":0}
