{"iob":0.24269555437422224,"activity":0.0006219753086419752,"bolusiob":0}
