{"iob":0.005199999184999901,"activity":0.004708624338624334,"bolusiob":0}
