{"iob":0.7771503679727778,"activity":0.021160167548500877,"bolusiob":0}
