{"iob":1.0978722248575,"activity":0.015978030303030303,"bolusiob":0.11162373401250003}
