{"iob":0.7950524716299999,"activity":0.014020416666666667,"bolusiob":0}
