{"iob":-0.03646124756666666,"activity":0.001287389770723103,"bolusiob":0}
