{"iob":1.890997809108889,"activity":0.014685731922398583,"bolusiob":0.9982920115200001}
