{"iob":-0.13188770990179105,"activity":-0.0008306174074074073,"bolusiob":0}
