{"iob":-0.0012999398437499921,"activity":-0.000726010101010101,"bolusiob":0}
