{"iob":1.1633882287762967,"activity":0.012258698092031424,"bolusiob":0.38040700106666686}
