{"iob":2.2809094676312074,"activity":0.01104010138047138,"bolusiob":1.5112364845945678}
