{"iob":2.691858071960444,"activity":0.014998165784832448,"bolusiob":1.6065952000000003}
