{"iob":1.1006263584711111,"activity":0.012567407407407406,"bolusiob":0.17708297610666668}
