{"iob":-0.05424756779999999,"activity":-0.00044423280423280397,"bolusiob":0}
