{"iob":-0.2656522286833334,"activity":-0.006050617283950615,"bolusiob":0}
