{"iob":0.6697062180235098,"activity":0.012857028589065251,"bolusiob":0.04736435498666667}
