{"iob":-0.07939816955500001,"activity":0.0005745502645502646,"bolusiob":0}
