{"iob":0.4205488001534325,"activity":0.01706465608465607,"bolusiob":0.05960941505333333}
