{"iob":-0.09892526199308643,"activity":-0.00010382716049382715,"bolusiob":0}
