{"iob":0.7668617760512502,"activity":0.004037266414141414,"bolusiob":0}
