{"iob":0.5492734873688889,"activity":0.013435361552028218,"bolusiob":0.014090633466666613}
