{"iob":1.0254559391288889,"activity":0.008124646464646463,"bolusiob":0.569912739768889}
