{"iob":0.2363746664993221,"activity":0.012715025802469136,"bolusiob":0}
