{"iob":2.332808406559375,"activity":0.013019513888888888,"bolusiob":1.3235046417125003}
