{"iob":-0.09365955762,"activity":-0.00039444444444444444,"bolusiob":0}
