{"iob":2.5924674540831254,"activity":0.01954833333333333,"bolusiob":1.9771202622275}
