{"iob":-0.06537338908000001,"activity":0.006230299823633154,"bolusiob":0}
