{"iob":0.07656639824843976,"activity":0.00005251349206349267,"bolusiob":0}
