{"iob":-0.011142466222222225,"activity":-0.00032182940516273847,"bolusiob":0}
