{"iob":-0.19694120621111114,"activity":-0.0007087477954144621,"bolusiob":0}
