{"iob":0.5227817541922222,"activity":0.00872596119929453,"bolusiob":0.2555779339733333}
