{"iob":0.04997544202271605,"activity":0.0000060493827160493825,"bolusiob":0}
