{"iob":0.9072655144862499,"activity":0.027238964646464647,"bolusiob":0}
