{"iob":0.6834077115891358,"activity":0.001000246913580247,"bolusiob":0.6402996925787654}
