{"iob":2.073071327130864,"activity":0.009781604938271602,"bolusiob":1.2818000246834569}
