{"iob":-0.09065246649876543,"activity":-0.0011390460157126824,"bolusiob":0}
