{"iob":-0.0007676746666666678,"activity":-0.00012874779541446188,"bolusiob":0}
