{"iob":0.87716085461625,"activity":0.018708251262626263,"bolusiob":0.01412744191999984}
