{"iob":-0.1843641532103704,"activity":-0.0006389506172839506,"bolusiob":0}
