{"iob":-0.27393888132666666,"activity":-0.0013248148148148147,"bolusiob":0}
