{"iob":-0.00044104218749999594,"activity":-0.0003535353535353536,"bolusiob":0}
