{"iob":-0.08635545456093752,"activity":-0.0030889141414141416,"bolusiob":0}
