{"iob":0.1083094636488889,"activity":0.0004892416225749557,"bolusiob":0}
