{"iob":-0.049273643285,"activity":-0.00006513888888888889,"bolusiob":0}
