{"iob":0.2490308205072036,"activity":0.0007902291856060606,"bolusiob":0}
