{"iob":-0.06777324222222225,"activity":-0.0016820987654320987,"bolusiob":0}
