{"iob":0.0009490215032098709,"activity":-0.0000745679012345679,"bolusiob":0}
