{"iob":1.3245516520555558,"activity":0.0016662081128747792,"bolusiob":1.4954040767999999}
