{"iob":0.04580435664798613,"activity":0.003620485008818342,"bolusiob":0}
