{"iob":0.6959136691372956,"activity":0.013021899506172841,"bolusiob":0}
