{"iob":0.2933155073501235,"activity":0.0004337037037037037,"bolusiob":0}
