{"iob":0.061656822734444436,"activity":0.0020142504409171036,"bolusiob":0}
