{"iob":0.3142038383675,"activity":0.011416205808080808,"bolusiob":0.003435593469999976}
