{"iob":2.162097523484375,"activity":0.03126472853535353,"bolusiob":0.7147183529275001}
