{"iob":2.2073601624587504,"activity":0.005411287878787879,"bolusiob":2.14031166976}
