{"iob":0.09960673580246915,"activity":0.00004938271604938271,"bolusiob":0}
