{"iob":-0.09975467070444445,"activity":-0.0000482716049382716,"bolusiob":0}
