{"iob":0.07619418591684976,"activity":0.00013806904761904824,"bolusiob":0}
