{"iob":2.59540031936,"activity":0.014079153439153436,"bolusiob":2.17754131712}
