{"iob":1.5773183959491666,"activity":0.0029750705467372126,"bolusiob":1.66200392416}
