{"iob":0.6447905714216665,"activity":0.015603456790123456,"bolusiob":0.00006409941333342938}
