{"iob":1.7322480979053836,"activity":0.016045723844797178,"bolusiob":0.6538255001422223}
