{"iob":-0.004242645773333315,"activity":-0.0004405643738977069,"bolusiob":0}
