{"iob":0.0010038013808603198,"activity":0.0008818996632996636,"bolusiob":0}
