{"iob":2.4007606548138893,"activity":0.029366164021164015,"bolusiob":1.321196893511111}
