{"iob":0.8412600295225003,"activity":0.020100881834215167,"bolusiob":0.0455496509333333}
