{"iob":-0.09504909472000014,"activity":-0.000011111111111110122,"bolusiob":0}
