{"iob":0.3442463051222223,"activity":0.01295229276895943,"bolusiob":0.09705366976000002}
