{"iob":-0.0494673185,"activity":-0.00007222222222222222,"bolusiob":0}
