{"iob":0.9842600251733334,"activity":0.0027527160493827155,"bolusiob":0.40314885930666666}
