{"iob":0.410507810293824,"activity":0.005844490264550264,"bolusiob":0}
