{"iob":0.07772392266,"activity":-0.0007409343434343434,"bolusiob":0}
