{"iob":-0.19137164852148147,"activity":0.0041608529741863085,"bolusiob":0}
