{"iob":1.0009784513400002,"activity":0.013034229797979798,"bolusiob":0.23362708786000008}
