{"iob":1.1910274119667772,"activity":0.00940517059343434,"bolusiob":0.4374923246250002}
