{"iob":1.2270719144844446,"activity":0.015403544973544977,"bolusiob":0.3561809597333334}
