{"iob":-0.14894681226386247,"activity":-0.002182609964726631,"bolusiob":0}
