{"iob":3.3118580391999997,"activity":0.03170855379188712,"bolusiob":2.022806407751111}
