{"iob":0.6986776045475,"activity":0.01945876893939394,"bolusiob":0}
