{"iob":0.48020941892555535,"activity":0.016814497354497353,"bolusiob":0}
