{"iob":-0.14399672873876543,"activity":-0.000317037037037037,"bolusiob":0}
