{"iob":2.02467902541875,"activity":0.03087915404040404,"bolusiob":0.58407957204}
