{"iob":0.025819342953817645,"activity":-0.0038005818871252204,"bolusiob":0}
