{"iob":-0.09142324550679029,"activity":-0.0019178392416225748,"bolusiob":0}
