{"iob":0.5316221938711111,"activity":-0.0008255026455026457,"bolusiob":0}
