{"iob":0.4590067395666669,"activity":0.014096031746031742,"bolusiob":0.12347591776000001}
