{"iob":-0.27501971047069446,"activity":-0.000872804232804233,"bolusiob":0}
