{"iob":0.5627787267575,"activity":0.0015520833333333333,"bolusiob":0.49011677885}
