{"iob":1.3585256317447774,"activity":0.007056685744949494,"bolusiob":0.660950336625}
