{"iob":0.1528393691815625,"activity":0.0006892803030303031,"bolusiob":0}
