{"iob":0.19533195914413973,"activity":0.004522486966490299,"bolusiob":0}
