{"iob":0.4542376892021094,"activity":0.007825523074494953,"bolusiob":0.1093148135}
