{"iob":1.1573040661940628,"activity":0.009789198232323233,"bolusiob":0.3363007546800001}
