{"iob":0.1850673850755555,"activity":0.003312874779541444,"bolusiob":0}
