{"iob":0.12304682410271606,"activity":0.00220361391694725,"bolusiob":0}
