{"iob":0.2465247911889808,"activity":0.010494701546717172,"bolusiob":0.011676209472499921}
