{"iob":0.7523589570562499,"activity":0.017498566919191924,"bolusiob":-0.00005752500000024696}
