{"iob":0.049984626085000004,"activity":0.000004027777777777778,"bolusiob":0}
