{"iob":1.156388503,"activity":0.019857020202020202,"bolusiob":0.21306748651999996}
