{"iob":-0.00003496793999999692,"activity":-0.0000354497354497353,"bolusiob":0}
