{"iob":0.6053673147055558,"activity":0.0163673721340388,"bolusiob":0.18556884624}
