{"iob":0.4130567998958333,"activity":0.006614506172839505,"bolusiob":0}
