{"iob":1.373827746340279,"activity":0.013647999154040403,"bolusiob":0.47117334811}
