{"iob":0.30883659877761704,"activity":0.018820070176366843,"bolusiob":0}
