{"iob":1.0332448041681253,"activity":0.01420649621212121,"bolusiob":0.06210916318750004}
