{"iob":0.8129789900898401,"activity":0.010560349987373738,"bolusiob":0.13787236700000002}
