{"iob":0.10939384275000001,"activity":0.004667724867724866,"bolusiob":0}
