{"iob":1.3370329061400001,"activity":0.02330432098765432,"bolusiob":0.12615526389333337}
