{"iob":1.351374565376889,"activity":0.016482716049382715,"bolusiob":0.5482359668266666}
