{"iob":0.19797233677111112,"activity":0.00023938271604938272,"bolusiob":0}
