{"iob":1.3569283953871876,"activity":0.02123380681818182,"bolusiob":0.34786640625000004}
