{"iob":0.17778116504333347,"activity":0.006772892416225749,"bolusiob":0}
