{"iob":0.0433086110675,"activity":-0.0009497095959595961,"bolusiob":0}
