{"iob":0.5173287911277779,"activity":0.0167194885361552,"bolusiob":0}
