{"iob":0.6356354160829629,"activity":0.001065432098765432,"bolusiob":0.46217072790123453}
