{"iob":-0.09522551184722222,"activity":-0.000339074074074074,"bolusiob":0}
