{"iob":-0.05353937770340962,"activity":-0.0007893434027777777,"bolusiob":0}
