{"iob":0.18853313362555543,"activity":0.014035149911816572,"bolusiob":0}
