{"iob":-0.17645705679111112,"activity":-0.0019421693121693122,"bolusiob":0}
