{"iob":-0.19812859721333334,"activity":-0.00022814814814814817,"bolusiob":0}
