{"iob":0.11666206618777775,"activity":-0.0034571957671957663,"bolusiob":0}
