{"iob":0.09528565717837939,"activity":-0.001458914232804233,"bolusiob":0}
