{"iob":-0.049253309611111115,"activity":-0.00008827160493827159,"bolusiob":0}
