{"iob":2.3402129352450003,"activity":0.022385740740740737,"bolusiob":1.007126379}
