{"iob":2.565054686366157,"activity":0.013233113245149909,"bolusiob":1.6653120070133332}
