{"iob":-0.10344687326888888,"activity":-0.0005569841269841266,"bolusiob":0}
