{"iob":-0.04445008389790137,"activity":0.001161918560606061,"bolusiob":0}
