{"iob":-0.09944603387555556,"activity":-0.00008419753086419752,"bolusiob":0}
