{"iob":1.9724505671250485,"activity":0.023410705343915338,"bolusiob":0.9661585801022223}
