{"iob":-0.21675416905648248,"activity":-0.000643800440917108,"bolusiob":0}
