{"iob":-0.09373217634055556,"activity":-0.000393395061728395,"bolusiob":0}
