{"iob":0.18487320837222193,"activity":0.00531285714285714,"bolusiob":0}
