{"iob":-0.058706167455,"activity":-0.0010787310606060606,"bolusiob":0}
