{"iob":-0.19722083222944442,"activity":-0.00047938271604938253,"bolusiob":0}
