{"iob":1.9426933213690625,"activity":0.019524498106060606,"bolusiob":1.20678483927}
