{"iob":-0.0988879768888889,"activity":-0.00009,"bolusiob":0}
