{"iob":-0.09972717467777778,"activity":-0.0000519753086419753,"bolusiob":0}
