{"iob":0.4830685192326741,"activity":0.010355078451178449,"bolusiob":0.022676891733333315}
