{"iob":2.19407490853375,"activity":0.005876060606060607,"bolusiob":2.10870247456}
