{"iob":0.480889879251605,"activity":0.004809927048260382,"bolusiob":0.2018805974241975}
