{"iob":2.5461734323728122,"activity":0.0225690404040404,"bolusiob":1.1721331597200002}
