{"iob":2.799048448625,"activity":0.03006252525252525,"bolusiob":0.7368076102650001}
