{"iob":-0.134327804626548,"activity":-0.0005790124691358024,"bolusiob":0}
