{"iob":-0.0753177150838889,"activity":0.0011833333333333333,"bolusiob":0}
