{"iob":0.4140998990444446,"activity":0.01833104056437389,"bolusiob":0}
