{"iob":-0.08067522297333335,"activity":-0.0012226807760141094,"bolusiob":0}
