{"iob":0.7515262666655556,"activity":0.023273791887125216,"bolusiob":0.004369944959999694}
