{"iob":0.2923025488583334,"activity":0.00037279541446208123,"bolusiob":0}
