{"iob":-0.005077888194013266,"activity":0.0022765607231040545,"bolusiob":0}
