{"iob":0.3914122730237502,"activity":0.01265308080808081,"bolusiob":0.038470942719999957}
