{"iob":1.6696421086194444,"activity":0.007913615520282186,"bolusiob":0.6759904666666668}
