{"iob":0.04890746088055559,"activity":0.002701728395061728,"bolusiob":-0.000007227999999992463}
