{"iob":1.53719182411375,"activity":0.012590902777777777,"bolusiob":0.5819180954550001}
