{"iob":0.049398778037777785,"activity":0.0000776543209876543,"bolusiob":0}
