{"iob":1.7953271541477778,"activity":0.02147846560846561,"bolusiob":0.62678249996}
