{"iob":0.09785986481111111,"activity":0.00019271604938271602,"bolusiob":0}
