{"iob":2.7449898320774997,"activity":0.020519027777777775,"bolusiob":1.88256764975}
