{"iob":2.5550663366600004,"activity":0.01449820105820105,"bolusiob":2.07234845792}
