{"iob":0.3487514661690278,"activity":-0.0010980423280423281,"bolusiob":0}
