{"iob":-0.18711275833437507,"activity":0.0010725126262626265,"bolusiob":0}
