{"iob":0.8026317696618749,"activity":0.011295435606060604,"bolusiob":0.32949123190999996}
