{"iob":-0.1971133351092618,"activity":-0.00022192259259259256,"bolusiob":0}
