{"iob":0.38562201066666674,"activity":0.0027111111111111108,"bolusiob":0}
