{"iob":0.04977307958444445,"activity":0.000042345679012345674,"bolusiob":0}
