{"iob":0.0829783271390625,"activity":0.003720517676767677,"bolusiob":0}
