{"iob":-0.009643433479951776,"activity":0.00468410890652557,"bolusiob":0}
