{"iob":0.9000465098666668,"activity":0.006518249158249159,"bolusiob":0.5220500285155555}
