{"iob":0.966947268165625,"activity":0.01482114898989899,"bolusiob":0.47277742885}
