{"iob":-0.3259281829477778,"activity":-0.0013671604938271602,"bolusiob":0}
