{"iob":-0.0470671265,"activity":-0.00019074074074074073,"bolusiob":0}
