{"iob":1.2537216268246913,"activity":0.012213591470258139,"bolusiob":0.69961419136}
