{"iob":0.25371307797937503,"activity":0.012815246212121214,"bolusiob":0}
