{"iob":1.5231905271850974,"activity":0.004841051414141415,"bolusiob":0.7839903860000002}
