{"iob":0.48380393193499993,"activity":0.0014731628787878783,"bolusiob":0.356880552}
