{"iob":0.68505587433,"activity":0.0024183333333333327,"bolusiob":0.356880552}
