{"iob":0.12305870321888897,"activity":0.004657267115600449,"bolusiob":0}
