{"iob":1.5934181553030453,"activity":0.008564059551767677,"bolusiob":1.1270775}
