{"iob":0.09142337272250002,"activity":0.004020928030303032,"bolusiob":0}
