{"iob":1.0311612598266668,"activity":0.029184409171075832,"bolusiob":-0.000653720319999962}
