{"iob":0.1487407168237037,"activity":0.00012740740740740738,"bolusiob":0}
