{"iob":-0.0036011972412499926,"activity":-0.000119854797979798,"bolusiob":0}
