{"iob":1.58932311335728,"activity":0.013658683712121209,"bolusiob":0.5710369496650001}
