{"iob":-0.033754862788888895,"activity":-0.0019253262786596114,"bolusiob":0}
