{"iob":1.2915845070371876,"activity":0.0208588952020202,"bolusiob":0.5071349538525}
