{"iob":0.24530391018222225,"activity":-0.0031131040564373893,"bolusiob":0}
