{"iob":-0.19393768057679014,"activity":-0.00033728395061728396,"bolusiob":0}
