{"iob":0.32021357016979757,"activity":0.003969012839506172,"bolusiob":0}
