{"iob":1.6569802939161795,"activity":0.012349135517676767,"bolusiob":0.66083351971}
