{"iob":0.079886234451875,"activity":0.0034361679292929295,"bolusiob":0}
