{"iob":0.24867119618444444,"activity":0.00018370370370370364,"bolusiob":0}
