{"iob":-0.049981581860000006,"activity":-0.000006296296296296296,"bolusiob":0}
