{"iob":0.09931160336888889,"activity":0.00009012345679012344,"bolusiob":0}
