{"iob":0.22012437644833333,"activity":0.002640299823633157,"bolusiob":0.03721645199999999}
