{"iob":-0.14469971316375002,"activity":-0.00031020833333333334,"bolusiob":0}
