{"iob":0.2546925214011111,"activity":0.0010296649029982359,"bolusiob":0}
