{"iob":0.5843318917421875,"activity":0.01211882575757576,"bolusiob":0.116048606375}
