{"iob":0.711857805937778,"activity":0.015393968253968252,"bolusiob":0.07001272874666667}
