{"iob":-0.09189472217062494,"activity":0.004562537878787878,"bolusiob":0}
