{"iob":0.000010747306666669676,"activity":-0.000010934744268077582,"bolusiob":0}
