{"iob":-0.24379490728841566,"activity":-0.0005423842487373737,"bolusiob":0}
