{"iob":-0.13575449660666666,"activity":0.0006841093474426802,"bolusiob":0}
