{"iob":1.9312470298372224,"activity":0.03658665784832451,"bolusiob":0.25295970249333355}
