{"iob":1.41606751264,"activity":0.016353333333333334,"bolusiob":0.22164481855999998}
