{"iob":1.9524732261614721,"activity":0.0037902117283950603,"bolusiob":1.7441151687111112}
