{"iob":-0.09390430147777779,"activity":-0.00042506172839506173,"bolusiob":0}
