{"iob":0.1348338211286401,"activity":-0.003043809647266314,"bolusiob":0.3274815734755556}
