{"iob":-0.026158738241666674,"activity":-0.0012226631393298056,"bolusiob":0}
