{"iob":1.9589163044475,"activity":0.020040858585858586,"bolusiob":1.0697516245499998}
