{"iob":1.3746347137106172,"activity":0.02018783389450056,"bolusiob":0.4519817238202469}
