{"iob":0.520981353317778,"activity":0.01068225749559083,"bolusiob":0.0075366268799999196}
