{"iob":1.8040090231502193,"activity":0.011427311117424241,"bolusiob":0.8508174445500001}
