{"iob":1.1279916744700003,"activity":0.01996747474747475,"bolusiob":0.19072906892}
