{"iob":-0.23370544317555558,"activity":-0.001227407407407408,"bolusiob":0}
