{"iob":0.049867106204444456,"activity":-0.00004550264550264539,"bolusiob":0}
