{"iob":0.45639072831875005,"activity":0.005812392676767677,"bolusiob":0.047012026822500004}
