{"iob":0.09307616720249995,"activity":0.00041374999999999995,"bolusiob":0.35395187200000006}
