{"iob":1.9423971535960496,"activity":0.016144444444444447,"bolusiob":0.9498676362864198}
