{"iob":0.1979364110577778,"activity":0.00024197530864197527,"bolusiob":0}
