{"iob":-0.055578090828888926,"activity":0.0032386067019400345,"bolusiob":0}
