{"iob":0.16838383450888894,"activity":0.00453824354657688,"bolusiob":0}
