{"iob":1.1594438642944442,"activity":0.024334567901234568,"bolusiob":0.12330451347999999}
