{"iob":0.011051657166666663,"activity":0.0010070546737213394,"bolusiob":0}
