{"iob":-0.14452024935506172,"activity":-0.0003192592592592593,"bolusiob":0}
