{"iob":-0.14898664630444444,"activity":-0.00014580246913580244,"bolusiob":0}
