{"iob":0.8842027747318519,"activity":0.0012499999999999998,"bolusiob":0.9197715063308642}
