{"iob":-0.01425006849,"activity":-0.0011349206349206345,"bolusiob":0}
