{"iob":-0.00007528911999999943,"activity":-0.00005925925925925908,"bolusiob":0}
