{"iob":-0.1910722940334722,"activity":-0.0012270811287477953,"bolusiob":0}
