{"iob":-0.14608059510320992,"activity":-0.0015808978675645343,"bolusiob":0}
