{"iob":-0.03114179644888892,"activity":-0.0006055555555555553,"bolusiob":0}
