{"iob":0.5308869215844186,"activity":0.009781480599747474,"bolusiob":0}
