{"iob":-0.05466337417875002,"activity":-0.0018862436868686873,"bolusiob":0}
