{"iob":1.1501321064156254,"activity":0.005524053030303031,"bolusiob":0.9422805217}
