{"iob":-0.07736092603555556,"activity":0.00005770723104056436,"bolusiob":0}
