{"iob":-0.04807507647111112,"activity":-0.00015135802469135802,"bolusiob":0}
