{"iob":1.6779741500690442,"activity":0.017338200934744263,"bolusiob":1.156282227502222}
