{"iob":1.739191816055,"activity":0.014412039141414142,"bolusiob":1.0983645848425}
