{"iob":-0.10388523888187498,"activity":-0.00005444444444444447,"bolusiob":0}
