{"iob":0.2823734928344445,"activity":0.003222010582010581,"bolusiob":0}
