{"iob":-0.19141150893777778,"activity":-0.0023138095238095235,"bolusiob":0}
