{"iob":0.33662571363875005,"activity":0.01160366792929293,"bolusiob":0.005729474080000019}
