{"iob":0.6098933497793411,"activity":0.003957655061728395,"bolusiob":0}
