{"iob":0.8768587087091357,"activity":0.007883580246913581,"bolusiob":0.4959022602271605}
