{"iob":-0.07496872094171877,"activity":0.0005445991161616163,"bolusiob":0}
