{"iob":-0.09560772863611111,"activity":-0.0003214197530864197,"bolusiob":0}
