{"iob":0.047562300796250026,"activity":-0.000637878787878788,"bolusiob":0}
