{"iob":2.1959335904675,"activity":0.011111666666666666,"bolusiob":1.3474000844200003}
