{"iob":0.0003706529066666686,"activity":0.00007689594356261017,"bolusiob":0}
