{"iob":2.7988938851061116,"activity":0.017301375661375656,"bolusiob":2.1683102222222224}
