{"iob":2.355698947000625,"activity":0.011287998737373737,"bolusiob":1.8242487604300002}
