{"iob":-0.03005421190666667,"activity":-0.0011679012345679012,"bolusiob":0}
