{"iob":1.013346232509245,"activity":0.01062106992945326,"bolusiob":0.22683108522666667}
