{"iob":0.19709080705614868,"activity":0.0001378661552028221,"bolusiob":0}
