{"iob":0.05444377213555559,"activity":0.0030521340388007055,"bolusiob":0}
