{"iob":0.9700597525333333,"activity":0.017730546737213405,"bolusiob":0.1931603319466667}
