{"iob":2.000836739785,"activity":0.011965740740740737,"bolusiob":0.9932998755555555}
