{"iob":0.8851524390612501,"activity":0.009434854797979798,"bolusiob":0.26303953867999985}
