{"iob":0.5182467758790626,"activity":0.014105160984848484,"bolusiob":0}
