{"iob":0.13631944367777774,"activity":0.005972927689594354,"bolusiob":0}
