{"iob":-0.1830368221294445,"activity":-0.0019370987654320983,"bolusiob":0}
