{"iob":0.9726709298322223,"activity":0.023414320987654315,"bolusiob":0.04548410168000003}
