{"iob":0.8927002427570614,"activity":0.018380705088383836,"bolusiob":0.13758709429999993}
