{"iob":1.04769355204375,"activity":0.024231231060606054,"bolusiob":0.10885251090999992}
