{"iob":0.5410546167416281,"activity":0.0190750614638448,"bolusiob":0}
