{"iob":1.6117296072194447,"activity":0.030244179894179886,"bolusiob":0.3296026169333335}
