{"iob":1.301056189505215,"activity":0.008340380530303034,"bolusiob":0.34471909545000007}
