{"iob":1.4968063721377174,"activity":0.005500824141414142,"bolusiob":0.7658063017600001}
