{"iob":-0.06255320816888893,"activity":0.002079982363315696,"bolusiob":0}
