{"iob":-0.1043235959346875,"activity":-0.0003096338383838384,"bolusiob":0}
