{"iob":-0.08635488532361114,"activity":0.0016938977072310393,"bolusiob":0}
