{"iob":0.8262572850644446,"activity":0.017687266313932977,"bolusiob":0.000517572239999975}
