{"iob":0.9074894629716667,"activity":0.022290652557319223,"bolusiob":0.047299130200000095}
