{"iob":2.2384900651681248,"activity":0.013036597222222224,"bolusiob":1.4705336845499999}
