{"iob":1.4238743487488892,"activity":0.012429594356261023,"bolusiob":0.6448188224}
