{"iob":0.04998116721777778,"activity":0.0000064197530864197525,"bolusiob":0}
