{"iob":0.3867897892386944,"activity":0.003312204585537917,"bolusiob":0}
