{"iob":1.820828686847222,"activity":0.0024394532627865957,"bolusiob":1.838287442631111}
