{"iob":1.108397172191134,"activity":0.010333704320987657,"bolusiob":0.3330143444266668}
