{"iob":-0.16821569014125,"activity":0.0009609406565656564,"bolusiob":0}
