{"iob":0.040149587151250006,"activity":-0.000045984848484848515,"bolusiob":0}
