{"iob":-0.16781663142833333,"activity":-0.001383544973544973,"bolusiob":0}
