{"iob":0.21915730533611116,"activity":0.0011447442680776005,"bolusiob":0.1788722717866667}
