{"iob":-0.04997863615111112,"activity":-0.000007160493827160493,"bolusiob":0}
