{"iob":1.729165756637823,"activity":0.023973633033509703,"bolusiob":0.7066459949022226}
