{"iob":2.4450038531027776,"activity":0.030313686067019393,"bolusiob":0.8235485791733334}
