{"iob":0.3941136205625,"activity":0.0004962500000000001,"bolusiob":0.18484981586000002}
