{"iob":0.25903302292435504,"activity":0.014270257800224468,"bolusiob":0}
