{"iob":2.56103478544296,"activity":0.0032230867901234567,"bolusiob":2.140763813779753}
