{"iob":1.1208764859422218,"activity":0.01459654320987654,"bolusiob":0.3489592125866667}
