{"iob":-0.07235401227021376,"activity":-0.00255548492063492,"bolusiob":0}
