{"iob":0.7973745098666667,"activity":0.007154612794612793,"bolusiob":0.35089270122666677}
