{"iob":0.18260023536765627,"activity":0.005526038510101009,"bolusiob":0.04985505103749999}
