{"iob":0.13918455907777774,"activity":0.006031816578483243,"bolusiob":0}
