{"iob":0.1327484062362622,"activity":0.0072582717283950614,"bolusiob":0.034932337280000024}
