{"iob":0.10405108589385603,"activity":0.0013390294532627854,"bolusiob":0}
