{"iob":-0.13294806912875,"activity":-0.0017885227272727271,"bolusiob":0}
