{"iob":0.18101201002861111,"activity":0.0009529012345679009,"bolusiob":0}
