{"iob":0.06351775456651071,"activity":0.0063352583774250425,"bolusiob":0}
