{"iob":1.563837828867778,"activity":0.01944396825396825,"bolusiob":0.4804111174799999}
