{"iob":0.013507091551111093,"activity":-0.001281111111111111,"bolusiob":0}
