{"iob":0.4840736415968751,"activity":0.010396672979797978,"bolusiob":0.060964999722499996}
