{"iob":0.19488575961777777,"activity":0.00042271604938271597,"bolusiob":0}
