{"iob":0.04334646134444445,"activity":-0.0005047971781305115,"bolusiob":0}
