{"iob":1.5102201069281944,"activity":0.00040053791887125184,"bolusiob":1.5302121622755556}
