{"iob":0.18833592807111105,"activity":0.008703063973063972,"bolusiob":0.00006202709333331668}
