{"iob":-0.17448678358166672,"activity":-0.0020347795414462078,"bolusiob":0}
