{"iob":-0.12884601225284856,"activity":-0.0027645768077601417,"bolusiob":0}
