{"iob":-0.043869484339157,"activity":0.0007728063131313132,"bolusiob":0}
