{"iob":0.9797568331417286,"activity":0.017060527497194163,"bolusiob":-0.0003813333333333446}
