{"iob":0.2710401193125,"activity":0.008461944444444446,"bolusiob":0.0006056164200000103}
