{"iob":0.2881797067959375,"activity":0.0006767708333333334,"bolusiob":0}
