{"iob":0.6265432193688889,"activity":0.027063862433862423,"bolusiob":0}
