{"iob":2.494083638284445,"activity":0.015110264550264547,"bolusiob":1.897763216497778}
