{"iob":0.17993847146250003,"activity":0.007979545454545454,"bolusiob":0}
