{"iob":1.65001492738339,"activity":0.003498686331569664,"bolusiob":1.3192771406755557}
