{"iob":-0.0995626258925,"activity":-0.00005638888888888889,"bolusiob":0}
