{"iob":-0.09861350534444444,"activity":-0.00015469135802469134,"bolusiob":0}
