{"iob":1.1622545065044443,"activity":0.013089259259259255,"bolusiob":0.4516070998400002}
