{"iob":0.2192439844867643,"activity":0.006785573315696649,"bolusiob":0.0613833062533333}
