{"iob":0.050781023346666655,"activity":0.00015520282186948844,"bolusiob":0}
