{"iob":0.9276515367412501,"activity":0.018575808080808078,"bolusiob":0.074911902575}
