{"iob":0.038375117637530876,"activity":0.00029765432098765427,"bolusiob":0}
