{"iob":-0.043292029688749865,"activity":0.007296799242424242,"bolusiob":0.00017140895999998574}
