{"iob":1.7344295224887498,"activity":0.02285825126262626,"bolusiob":0.38612722906999997}
