{"iob":-0.04996289415111111,"activity":-0.000008518518518518517,"bolusiob":0}
