{"iob":-0.15026579962468753,"activity":-0.0017632133838383843,"bolusiob":0}
