{"iob":0.38746438366081437,"activity":-0.00013573162257495607,"bolusiob":0}
