{"iob":0.053842363353333346,"activity":0.002211992945326278,"bolusiob":0}
