{"iob":0.603016094217284,"activity":0.002977098765432099,"bolusiob":0}
