{"iob":2.3491630686900002,"activity":0.007260670194003528,"bolusiob":2.162547362666667}
