{"iob":0.16073685813393318,"activity":0.0017734392768959432,"bolusiob":0}
