{"iob":1.2438837889575,"activity":0.013198276515151514,"bolusiob":0.2848373364899999}
