{"iob":0.97011933195125,"activity":0.012055252525252524,"bolusiob":0.6951902263599999}
