{"iob":0.05679988090311107,"activity":0.004127665544332211,"bolusiob":0}
