{"iob":-0.09798078459555556,"activity":0.0001499470899470898,"bolusiob":0}
