{"iob":0.6308018474793751,"activity":0.01210320707070707,"bolusiob":0.14338355867000002}
