{"iob":0.7662266677886421,"activity":0.007877777777777779,"bolusiob":0.4786388765234568}
