{"iob":-0.029689658240000007,"activity":0.0019175757575757575,"bolusiob":0}
