{"iob":0.8835423252055556,"activity":0.006332804232804232,"bolusiob":0.6356818107777777}
