{"iob":1.993861682808333,"activity":0.01926532627865961,"bolusiob":0.8948990724266668}
