{"iob":0.7167222762666667,"activity":0.002281481481481481,"bolusiob":0}
