{"iob":0.03561251145944451,"activity":0.006707663139329806,"bolusiob":0}
