{"iob":-0.06921934306,"activity":-0.0011297537878787879,"bolusiob":0}
