{"iob":0.09705544243777778,"activity":0.00019493827160493824,"bolusiob":0}
