{"iob":2.7309678064154,"activity":0.021416602116402114,"bolusiob":1.4949552541333333}
