{"iob":0.48587480712715636,"activity":0.00780227720959596,"bolusiob":0.14399187350000006}
