{"iob":1.0998448834883952,"activity":0.013042648709315376,"bolusiob":0.25940449319111114}
