{"iob":0.047628770965000004,"activity":0.00012736111111111113,"bolusiob":0}
