{"iob":1.57194981480375,"activity":0.003473213383838383,"bolusiob":1.55839874225}
