{"iob":0.5508851259649999,"activity":0.0018145767195767186,"bolusiob":0.5163292745955554}
