{"iob":0.04561560659277779,"activity":0.00010657848324514985,"bolusiob":0}
