{"iob":0.33405988344888893,"activity":0.013154994388327722,"bolusiob":0}
