{"iob":0.7469333113696168,"activity":0.02705287440917107,"bolusiob":0}
