{"iob":-0.10203861372375,"activity":-0.0007865214646464646,"bolusiob":0}
