{"iob":3.063419791822223,"activity":0.012302469135802468,"bolusiob":2.5802745479111113}
