{"iob":0.29112136430619984,"activity":0.000747531111111111,"bolusiob":0}
