{"iob":0.10166410596,"activity":0.0026715343915343906,"bolusiob":0}
