{"iob":-0.09965293083111113,"activity":0.00001940035273368599,"bolusiob":0}
