{"iob":1.1540597617145831,"activity":0.007016647916666662,"bolusiob":0.5011243200000002}
