{"iob":0.3922435466666667,"activity":0.0005812345679012346,"bolusiob":0.37744886272}
