{"iob":0.24552847466656258,"activity":0.0044237247474747474,"bolusiob":0.000044272702500003365}
