{"iob":1.7855954186959104,"activity":0.004242064558080807,"bolusiob":1.3350881433600001}
