{"iob":-0.14552464906333334,"activity":-0.0011160582010582014,"bolusiob":0}
