{"iob":0.14670556285500003,"activity":0.00017458333333333334,"bolusiob":0}
