{"iob":1.6076835111962502,"activity":0.023766635101010097,"bolusiob":0.24674676267999995}
