{"iob":0.8261460960243752,"activity":0.010861420454545455,"bolusiob":0.4087393664}
