{"iob":0.6556068245577776,"activity":0.0035830687830687782,"bolusiob":0.4335377287111111}
