{"iob":0.09976452334444445,"activity":0.000046543209876543206,"bolusiob":0}
