{"iob":0.7831668666111111,"activity":-0.0001435273368606703,"bolusiob":0.9196268216888889}
