{"iob":0.06434416825666664,"activity":0.0017357848324514981,"bolusiob":0}
