{"iob":0.7465934040853127,"activity":0.0036585921717171713,"bolusiob":0.5390996578825001}
