{"iob":0.19576642523,"activity":0.00029138888888888894,"bolusiob":0}
