{"iob":0.2570313627340777,"activity":0.006782413298059964,"bolusiob":0}
