{"iob":1.1066867757212502,"activity":0.028833964646464646,"bolusiob":0}
