{"iob":0.17043335105888888,"activity":0.011746525573192234,"bolusiob":0}
