{"iob":0.07321326507687492,"activity":0.0033054861111111115,"bolusiob":0}
