{"iob":-0.14811137704296296,"activity":-0.00014901234567901234,"bolusiob":0}
