{"iob":0.15230841471333328,"activity":0.000544867724867725,"bolusiob":0}
