{"iob":-0.049984326871250005,"activity":-0.000004097222222222222,"bolusiob":0}
