{"iob":0.06923557060888888,"activity":-0.0011318871252204582,"bolusiob":0}
