{"iob":0.241214095795,"activity":0.0004918055555555556,"bolusiob":0}
