{"iob":0.525138042281111,"activity":0.014785202821869486,"bolusiob":0.00015487540000003186}
