{"iob":2.8832077164742222,"activity":0.0143389594356261,"bolusiob":2.556422891613333}
