{"iob":-0.04985250614125,"activity":-0.000023819444444444443,"bolusiob":0}
