{"iob":0.09459842744444444,"activity":0.0019063139329805992,"bolusiob":0}
