{"iob":2.5596520757325,"activity":0.01902978535353535,"bolusiob":1.52204366818}
