{"iob":0.3705722547400001,"activity":0.011565731922398586,"bolusiob":0.06109756471999997}
