{"iob":1.707792552050605,"activity":0.012350105379188708,"bolusiob":0.9820136499866665}
