{"iob":2.703873222078889,"activity":0.016371225749559078,"bolusiob":1.98039221376}
