{"iob":-0.02118540828444445,"activity":-0.00038389450056116724,"bolusiob":0}
