{"iob":1.3529084203372221,"activity":0.012793765432098763,"bolusiob":0.60996029736}
