{"iob":0.06968068664888898,"activity":0.010961257014590347,"bolusiob":0}
