{"iob":0.09927771325468751,"activity":0.0010582481060606062,"bolusiob":0}
