{"iob":2.113636742232778,"activity":0.028563271604938267,"bolusiob":0.9008609536000001}
