{"iob":-0.05212469821111111,"activity":-0.000305238095238095,"bolusiob":0}
