{"iob":-0.002570609773333338,"activity":-0.0003347442680776012,"bolusiob":0}
