{"iob":1.18172853013,"activity":0.01855372474747475,"bolusiob":0.18521140375000006}
