{"iob":-0.2595635944328898,"activity":-0.0008022574426807756,"bolusiob":0}
