{"iob":1.7058304351142048,"activity":0.02965543241792929,"bolusiob":0.2479848754500001}
