{"iob":0.024281233887499996,"activity":-0.0011073737373737374,"bolusiob":0}
