{"iob":0.16782594252786293,"activity":0.0008194359964726597,"bolusiob":0}
