{"iob":-0.12510204143561443,"activity":-0.0011519842504409176,"bolusiob":0}
