{"iob":0.458996807909375,"activity":0.01578324494949495,"bolusiob":0}
