{"iob":1.0100189937230146,"activity":0.003282212522045855,"bolusiob":0.26303246734222224}
