{"iob":3.1224837151632645,"activity":0.01567167358585858,"bolusiob":1.6988985064}
