{"iob":-0.0003893580799999963,"activity":-0.00012592592592592587,"bolusiob":0}
