{"iob":0.07904491331777777,"activity":0.0005407936507936507,"bolusiob":0}
