{"iob":0.1947815253481943,"activity":0.0010173280423280409,"bolusiob":0}
