{"iob":-0.09788410852,"activity":-0.00019037037037037037,"bolusiob":0}
