{"iob":0.04598009816125001,"activity":0.000005119949494949505,"bolusiob":0}
