{"iob":0.3183123871200001,"activity":0.012393121693121692,"bolusiob":0}
