{"iob":-0.24428327436861036,"activity":0.006931698023989899,"bolusiob":0}
