{"iob":0.14373524685468753,"activity":0.005748623737373738,"bolusiob":0}
