{"iob":0.5628512664812501,"activity":0.021743592171717174,"bolusiob":0.00018275490999986044}
