{"iob":2.37303378151875,"activity":0.012384791666666665,"bolusiob":1.3985616672125}
