{"iob":0.4203310420905557,"activity":0.007940158730158731,"bolusiob":0}
