{"iob":1.5149317995295835,"activity":0.018503747795414454,"bolusiob":0.9247630350222222}
