{"iob":-0.0938803667977778,"activity":0.00045585537918871186,"bolusiob":0}
