{"iob":2.9995824990816673,"activity":0.03097328924162257,"bolusiob":1.889438329471111}
