{"iob":0.04961769569125,"activity":0.00004423611111111112,"bolusiob":0}
