{"iob":0.01696993704110143,"activity":0.002324723015873013,"bolusiob":0}
