{"iob":0.14818989864664878,"activity":0.00016654333333333333,"bolusiob":0}
