{"iob":-0.0493728665,"activity":-0.00007962962962962962,"bolusiob":0}
