{"iob":-0.05487675366249996,"activity":-0.0003010858585858588,"bolusiob":0}
