{"iob":-0.14787526933555556,"activity":-0.0002425925925925926,"bolusiob":0}
