{"iob":0.48595719510140634,"activity":0.018217976641414144,"bolusiob":-0.00010610696249996332}
