{"iob":-0.007727413086666669,"activity":-0.001562768959435626,"bolusiob":0}
