{"iob":-0.00018749630666666797,"activity":0.0002553791887125209,"bolusiob":0}
