{"iob":-0.03591100923968404,"activity":0.0013252552910052906,"bolusiob":0}
