{"iob":1.1621209717925927,"activity":0.00877341189674523,"bolusiob":0.532465499385679}
