{"iob":-0.2586363729303704,"activity":-0.001236172839506173,"bolusiob":0}
