{"iob":1.634293556504028,"activity":0.01482390652557319,"bolusiob":0.7889365687466667}
