{"iob":-0.0165040010190278,"activity":-0.0017689682539682539,"bolusiob":0}
