{"iob":1.4950106598047221,"activity":0.01167753086419753,"bolusiob":0.39235730282666664}
