{"iob":-0.11859754915950618,"activity":-0.0011351627384960721,"bolusiob":0}
