{"iob":-0.018264606045035436,"activity":0.0057524161022927695,"bolusiob":0}
