{"iob":1.9979967053612495,"activity":0.03332219696969697,"bolusiob":0.13616301949999993}
