{"iob":1.878646188697222,"activity":0.014425061728395057,"bolusiob":1.16787831008}
