{"iob":2.4110565289249997,"activity":0.03228626262626263,"bolusiob":0.3634449096650001}
