{"iob":2.041537518381512,"activity":0.025844903615520283,"bolusiob":0.6339926362533335}
