{"iob":0.46242251045312505,"activity":0.010336041666666665,"bolusiob":0.014989231074999942}
