{"iob":2.275477144289375,"activity":0.01224546085858586,"bolusiob":1.73438529511}
