{"iob":1.7634862839544445,"activity":0.022404021164021157,"bolusiob":0.7128302944711111}
