{"iob":0.16386589912843752,"activity":0.00427448547979798,"bolusiob":0}
