{"iob":-0.0006006816199999987,"activity":-0.00014338624338624325,"bolusiob":0}
