{"iob":-0.09859949908000001,"activity":-0.00015629629629629628,"bolusiob":0}
