{"iob":0.24661700790249996,"activity":0.004262998737373737,"bolusiob":0}
