{"iob":0.6293422749511113,"activity":0.015475645342312008,"bolusiob":0}
