{"iob":2.188079410756111,"activity":0.027403703703703697,"bolusiob":1.05474228448}
