{"iob":-0.0789416731872632,"activity":-0.0012113678472222222,"bolusiob":0}
