{"iob":-0.2916565071043055,"activity":0.002225255731922398,"bolusiob":0}
