{"iob":-0.185236270385,"activity":-0.0006781944444444445,"bolusiob":0}
