{"iob":0.05046502588222222,"activity":-0.000028024691358024687,"bolusiob":0}
