{"iob":0.21121659116833327,"activity":0.0019600881834215145,"bolusiob":0.02304071860000001}
