{"iob":-0.14728411379358028,"activity":-0.00019716049382716047,"bolusiob":0}
