{"iob":0.23776091030250004,"activity":0.00266322601010101,"bolusiob":0}
