{"iob":-0.10021880082222222,"activity":-0.00023178130511463806,"bolusiob":0}
