{"iob":0.29526237798277777,"activity":0.014619417989417986,"bolusiob":0}
