{"iob":0.04996745235753086,"activity":0.000007654320987654322,"bolusiob":0}
