{"iob":0.15413798049000002,"activity":0.002036190476190476,"bolusiob":0}
