{"iob":1.14173900839,"activity":0.00921338624338624,"bolusiob":0.9346769968}
