{"iob":0.9611845177425001,"activity":0.020113907828282828,"bolusiob":0.03596361139749987}
