{"iob":1.4539635586040625,"activity":0.011129049873737373,"bolusiob":0.6997082715000001}
