{"iob":0.004154779018333436,"activity":0.010726772486772486,"bolusiob":0}
