{"iob":0.0672889811005554,"activity":0.0032229276895943534,"bolusiob":0}
