{"iob":-0.21971324542059106,"activity":-0.0015382011816578477,"bolusiob":0}
