{"iob":0.1836371726814815,"activity":-0.0012980359147025816,"bolusiob":0}
