{"iob":-0.3380445539288889,"activity":-0.0008298765432098765,"bolusiob":0}
