{"iob":0.6930468016066668,"activity":0.012209999999999997,"bolusiob":0.09540169600000005}
