{"iob":0.44577237651624996,"activity":0.0004177083333333333,"bolusiob":0.19081407074}
