{"iob":0.8708042675851067,"activity":0.013556073703703703,"bolusiob":0.10856254464}
