{"iob":2.1691588836587505,"activity":0.006650681818181818,"bolusiob":2.04135264256}
