{"iob":-0.0473556145264197,"activity":0.0017917059483726152,"bolusiob":0}
