{"iob":0.09855725907555557,"activity":0.00015950617283950618,"bolusiob":0}
