{"iob":1.098868066515556,"activity":0.020324779541446205,"bolusiob":0.10066533022666661}
