{"iob":-0.24313222428444445,"activity":-0.0005649382716049382,"bolusiob":0}
