{"iob":0.7629616141037039,"activity":0.01413314253647587,"bolusiob":0}
