{"iob":0.14775761800163573,"activity":-0.0000419928395061728,"bolusiob":0}
