{"iob":0.059491823259999986,"activity":0.0014261868686868688,"bolusiob":0}
