{"iob":0.061291912729445085,"activity":-0.0016124687654320983,"bolusiob":0}
