{"iob":0.6940426321133335,"activity":0.004607530864197531,"bolusiob":0.27843294208}
