{"iob":0.14187356204999998,"activity":0.009350405643738976,"bolusiob":0.013261089653333348}
