{"iob":-0.09931964722222222,"activity":-0.00009876543209876541,"bolusiob":0}
