{"iob":0.015366686882229013,"activity":0.0039376260732323235,"bolusiob":0}
