{"iob":2.18305484454,"activity":0.019045837742504408,"bolusiob":1.1027361640533333}
