{"iob":0.9258997874979278,"activity":0.013467998606701937,"bolusiob":0.13162182528000005}
