{"iob":0.6267556354751069,"activity":0.01021743059483726,"bolusiob":0}
