{"iob":0.0018294365655555714,"activity":0.0018885361552028214,"bolusiob":0}
