{"iob":1.52431822059,"activity":0.006218869949494949,"bolusiob":1.30408673225}
