{"iob":-0.18301501906888892,"activity":-0.0021947971781305113,"bolusiob":0}
