{"iob":-0.1842095533868055,"activity":-0.00006645502645502633,"bolusiob":0}
