{"iob":0.07667568397249996,"activity":0.0007419444444444445,"bolusiob":0.25394942800000003}
