{"iob":0.6736669084955554,"activity":0.008648271604938269,"bolusiob":0.19143804680000004}
