{"iob":2.5713101235706066,"activity":0.021806631130050505,"bolusiob":0.9106544456000001}
