{"iob":-0.1712484618088889,"activity":-0.00180031746031746,"bolusiob":0}
