{"iob":0.86263928576375,"activity":0.018391710858585857,"bolusiob":0.05443031875000004}
