{"iob":0.0969532699644444,"activity":0.003915873015873015,"bolusiob":0}
