{"iob":-0.010553885704444446,"activity":0.0011097178130511465,"bolusiob":0}
