{"iob":-0.09754108878250001,"activity":0.004460176767676767,"bolusiob":0}
