{"iob":1.618173700005,"activity":0.020691502525252526,"bolusiob":0.6249888796125}
