{"iob":1.0615024093736696,"activity":0.014327039204545453,"bolusiob":0.28526709988}
