{"iob":0.06490040735333336,"activity":0.00242363315696649,"bolusiob":0}
