{"iob":1.7014725260037502,"activity":0.030584154040404044,"bolusiob":0.46916270567499985}
