{"iob":-0.04657248119308643,"activity":-0.000155679012345679,"bolusiob":0}
