{"iob":-0.08351074328666669,"activity":-0.00323668430335097,"bolusiob":0}
