{"iob":1.7085552230987502,"activity":0.009319760101010101,"bolusiob":0.8864202969600001}
