{"iob":0.016194012888888887,"activity":0.00035549943883277216,"bolusiob":0}
