{"iob":1.10716586898875,"activity":0.019288825757575758,"bolusiob":0.57691790358}
