{"iob":0.09931283803555555,"activity":0.00009950617283950617,"bolusiob":0}
