{"iob":2.3975429143237785,"activity":0.021908571428571427,"bolusiob":0.8563702000000001}
