{"iob":0.9408161445451851,"activity":0.006108148148148147,"bolusiob":0.4613445333333333}
