{"iob":1.6963720657555557,"activity":0.0008913580246913579,"bolusiob":1.78776435456}
