{"iob":0.821375861803889,"activity":0.0162542328042328,"bolusiob":0}
