{"iob":1.7014517671004028,"activity":0.01962458753156566,"bolusiob":0.8998124339199999}
