{"iob":-0.26128710129625005,"activity":-0.0004260101010101007,"bolusiob":0}
