{"iob":2.7179351880270124,"activity":0.016813786067019398,"bolusiob":1.8231127729422223}
