{"iob":0.12037251626222223,"activity":-0.001191111111111111,"bolusiob":0}
