{"iob":0.04947285037827161,"activity":0.000053827160493827156,"bolusiob":0}
