{"iob":0.000080484444444473,"activity":0.0016470258136924805,"bolusiob":0}
