{"iob":1.5428486806133335,"activity":0.025093844797178123,"bolusiob":0.32643961226666673}
