{"iob":-0.09867744050000002,"activity":-0.00010972222222222224,"bolusiob":0}
