{"iob":2.0908602016493756,"activity":0.014233566919191924,"bolusiob":1.4331848670400003}
