{"iob":0.07831057735111115,"activity":-0.00018234567901234797,"bolusiob":0}
