{"iob":0.24719426280841256,"activity":0.0002323859082892417,"bolusiob":0}
