{"iob":1.2179520492044447,"activity":0.025534779541446204,"bolusiob":0.013969200000000237}
