{"iob":0.04704966111111111,"activity":0.000191358024691358,"bolusiob":0}
