{"iob":0.3500904060450001,"activity":0.0009493827160493824,"bolusiob":0}
