{"iob":0.5487530516333333,"activity":0.016208447971781302,"bolusiob":0}
