{"iob":-0.047422016000000004,"activity":-0.00013333333333333334,"bolusiob":0}
