{"iob":-0.14641213562000002,"activity":0.00003190476190476143,"bolusiob":0}
