{"iob":1.253837269951389,"activity":0.016076402116402124,"bolusiob":0.3602885704000002}
