{"iob":0.42213479368230783,"activity":0.01032521169823232,"bolusiob":0}
