{"iob":-0.00023522457777777617,"activity":0.00003975308641975308,"bolusiob":0}
