{"iob":2.48201187406875,"activity":0.010247291666666665,"bolusiob":1.6283469557124999}
