{"iob":2.0886337047269636,"activity":0.020222089457070706,"bolusiob":1.41533900608}
