{"iob":-0.04926336311308643,"activity":-0.00006567901234567902,"bolusiob":0}
