{"iob":2.751132965662222,"activity":0.027657195767195768,"bolusiob":1.6446661287644444}
