{"iob":2.0295746792090217,"activity":0.006073738536155201,"bolusiob":1.8707398486755555}
