{"iob":0.05634665167055555,"activity":0.001123932980599647,"bolusiob":0}
