{"iob":0.23234257105777778,"activity":0.000925679012345679,"bolusiob":0}
