{"iob":1.4356573222713065,"activity":0.02656109603174603,"bolusiob":0.2870008562666668}
