{"iob":-0.13799500342231824,"activity":-0.0027715259659090914,"bolusiob":0}
