{"iob":1.3752692158334991,"activity":0.016882021040564372,"bolusiob":0.2960800914133333}
