{"iob":-0.3041273646434376,"activity":-0.000548055555555556,"bolusiob":0}
