{"iob":-0.23857205337283952,"activity":-0.0005487654320987654,"bolusiob":0}
