{"iob":-0.29324429234125,"activity":-0.00043243055555555553,"bolusiob":0}
