{"iob":0.09938827925555554,"activity":0.00008061728395061728,"bolusiob":0}
