{"iob":-0.0038617728888888873,"activity":-0.00025448933782267115,"bolusiob":0}
