{"iob":0.743450774731852,"activity":0.0045833333333333325,"bolusiob":0.3708594732444445}
