{"iob":0.05343868754425406,"activity":-0.0012966930335096992,"bolusiob":0}
