{"iob":1.481256200440647,"activity":0.010396509002525249,"bolusiob":0.44468269537500005}
