{"iob":1.6051661094576795,"activity":0.01258966582070707,"bolusiob":0.6385456257100001}
