{"iob":-0.0347915655177778,"activity":0.000925414462081128,"bolusiob":0}
