{"iob":0.07079081203250004,"activity":0.005090063131313132,"bolusiob":0}
