{"iob":-0.16544101344000003,"activity":-0.003588271604938271,"bolusiob":0}
