{"iob":0.09932711284000001,"activity":0.0000874074074074074,"bolusiob":0}
