{"iob":-0.049857497281249996,"activity":-0.00002326388888888889,"bolusiob":0}
