{"iob":0.18687041084125,"activity":0.008166224747474745,"bolusiob":0}
