{"iob":1.8466917397140623,"activity":-0.0004208333333333336,"bolusiob":1.77441720354}
