{"iob":-0.13726298872656184,"activity":-0.0005039507407407406,"bolusiob":0}
