{"iob":1.8273737506575003,"activity":0.01561268939393939,"bolusiob":1.0196053709625001}
