{"iob":-0.10740995475250215,"activity":-0.001128573042929294,"bolusiob":0.04823016920250003}
