{"iob":-0.09969120728666668,"activity":-0.003554144620811287,"bolusiob":0}
