{"iob":-0.14926169711333334,"activity":-0.00011493827160493826,"bolusiob":0}
