{"iob":1.6355086346050003,"activity":0.016157209595959593,"bolusiob":0.79632163021}
