{"iob":-0.19442546765333335,"activity":-0.00040370370370370365,"bolusiob":0}
