{"iob":-0.21767572663159107,"activity":0.0015285713051146383,"bolusiob":0}
