{"iob":0.49978536971944454,"activity":0.010533915343915339,"bolusiob":0.003386128319999826}
