{"iob":-0.18337767573218752,"activity":-0.00013683712121212113,"bolusiob":0}
