{"iob":1.02683474362625,"activity":0.01082125,"bolusiob":0.6013123310425001}
