{"iob":0.5200041576177779,"activity":0.014701234567901235,"bolusiob":0}
