{"iob":4.285718490323751,"activity":0.00939340909090909,"bolusiob":3.85006279558}
