{"iob":1.689358602654445,"activity":0.001811728395061728,"bolusiob":1.1697102113955555}
