{"iob":0.27842241876625,"activity":0.009028996212121212,"bolusiob":0}
