{"iob":1.0226797572288606,"activity":0.00418679074074074,"bolusiob":0.2726071050074074}
