{"iob":0.02701505799666664,"activity":0.004868800705467371,"bolusiob":0}
