{"iob":0.1471144888538889,"activity":0.00015447971781305125,"bolusiob":0}
