{"iob":0.3610947878571875,"activity":0.01062834595959596,"bolusiob":0}
