{"iob":2.5617100780533333,"activity":0.00665795414462081,"bolusiob":2.348608796942222}
