{"iob":0.24892843742333337,"activity":0.004536543209876543,"bolusiob":0}
