{"iob":2.376922928454516,"activity":0.009111975679012344,"bolusiob":1.739169783557531}
