{"iob":2.1580980448704,"activity":0.024384162874779538,"bolusiob":0.5555134200977776}
