{"iob":0.9574647018270861,"activity":0.021062080335097003,"bolusiob":0.026363362520000003}
