{"iob":0.28716051629874995,"activity":0.011227607323232323,"bolusiob":0.0013965940800000354}
