{"iob":-0.1979657976311111,"activity":-0.0005562786596119927,"bolusiob":0}
