{"iob":0.3555511620162499,"activity":0.010943358585858586,"bolusiob":0}
