{"iob":-0.10526677763333332,"activity":-0.0035863315696649024,"bolusiob":0}
