{"iob":2.503229855127778,"activity":0.0342811287477954,"bolusiob":0.6586425285866667}
