{"iob":1.896549748593125,"activity":0.030650795454545455,"bolusiob":0.5169882990275001}
