{"iob":-0.09094017154179745,"activity":-0.0011699369381313132,"bolusiob":0}
