{"iob":0.005720517815694451,"activity":0.000758236331569665,"bolusiob":0}
