{"iob":0.4700583603734374,"activity":0.01768744002525252,"bolusiob":0.07290393114999999}
