{"iob":-0.012780897351111112,"activity":0.0023283501683501687,"bolusiob":0}
