{"iob":0.38077726764347225,"activity":0.0037808112874779536,"bolusiob":0}
