{"iob":2.4762229677679466,"activity":0.006326543333333333,"bolusiob":2.1479467262400003}
