{"iob":-0.00012516113999999634,"activity":-0.00005132275132275124,"bolusiob":0}
