{"iob":-0.17194899442625006,"activity":0.0005726957070707067,"bolusiob":0}
