{"iob":-0.04330127896,"activity":-0.000297037037037037,"bolusiob":0}
