{"iob":1.5406904699349997,"activity":0.011956363636363636,"bolusiob":1.01155689995}
