{"iob":0.6113373276751827,"activity":0.019592379981060604,"bolusiob":0.2071883596775}
