{"iob":1.6419250367762497,"activity":0.015690189393939395,"bolusiob":0.7573060892425001}
