{"iob":1.3822838360244445,"activity":0.02025248677248677,"bolusiob":0.17510169152000027}
