{"iob":-0.015654418997777794,"activity":-0.000731904761904762,"bolusiob":0}
