{"iob":2.106420923668889,"activity":0.012294197530864194,"bolusiob":1.48710208512}
