{"iob":0.3347386485644444,"activity":0.0015523809523809516,"bolusiob":0}
