{"iob":-0.045989494,"activity":-0.00022592592592592591,"bolusiob":0}
