{"iob":0.14006159182222222,"activity":0.008997755331088663,"bolusiob":0}
