{"iob":-0.08077670882333327,"activity":0.0038239857671957646,"bolusiob":0}
