{"iob":0.8772658850156945,"activity":0.020646834215167543,"bolusiob":0.16617364739999993}
