{"iob":0.34650353434833336,"activity":0.0004259876543209876,"bolusiob":0}
