{"iob":0.05003828985666666,"activity":0.00005795414462081119,"bolusiob":0}
