{"iob":0.09767553422222222,"activity":0.00013703703703703705,"bolusiob":0}
