{"iob":1.408833709337284,"activity":0.00819716049382716,"bolusiob":0.8094574972681481}
