{"iob":0.23846566477555556,"activity":0.000721111111111111,"bolusiob":0}
