{"iob":-0.12312691923358018,"activity":0.004764309764309765,"bolusiob":0}
