{"iob":0.9185193924544446,"activity":0.01859996472663139,"bolusiob":0.28135542869333335}
