{"iob":2.0787441384644443,"activity":0.005986049382716049,"bolusiob":1.8491510941866667}
