{"iob":0.4996445918022222,"activity":0.008550493827160492,"bolusiob":0.10959773952}
