{"iob":0.7730518891560991,"activity":0.006269934656084656,"bolusiob":0.45308743905333343}
