{"iob":0.1286911104509374,"activity":0.003945306186868687,"bolusiob":0}
