{"iob":0.32993962971669116,"activity":0.0012030635273368607,"bolusiob":0}
