{"iob":1.9879830879272222,"activity":0.019494276895943553,"bolusiob":1.1451410076444446}
