{"iob":0.33758677839802465,"activity":0.0006776543209876544,"bolusiob":0}
