{"iob":-0.013635767084444417,"activity":0.0037290123456790113,"bolusiob":0}
