{"iob":-0.14794278788246915,"activity":-0.00016018518518518516,"bolusiob":0}
