{"iob":0.05863427835125001,"activity":-0.0003396031746031748,"bolusiob":0}
