{"iob":0.6314878494660823,"activity":0.00472107544973545,"bolusiob":0.3746411374800001}
