{"iob":-0.04961866394,"activity":-0.00004416666666666667,"bolusiob":0}
