{"iob":1.1086764839877778,"activity":0.02545134038800705,"bolusiob":0.10214281226666665}
