{"iob":0.10379347030333327,"activity":0.008824197530864197,"bolusiob":0}
