{"iob":-0.2039682658,"activity":-0.001082367424242424,"bolusiob":0}
