{"iob":2.11109053009442,"activity":0.02593576768959435,"bolusiob":0.4839177903333333}
