{"iob":0.2545245155222222,"activity":0.006933262786596119,"bolusiob":0}
