{"iob":-0.01736043929003997,"activity":-0.004136913703703703,"bolusiob":0}
