{"iob":1.57437054830125,"activity":0.014988516414141414,"bolusiob":0.78176209664}
