{"iob":0.7704205560010513,"activity":0.013754602910052907,"bolusiob":0.4949862656}
