{"iob":1.0187537619733333,"activity":0.004584823633156964,"bolusiob":0.88511872056}
