{"iob":-0.04995466304,"activity":-0.00001,"bolusiob":0}
