{"iob":0.2971539932690006,"activity":0.004226807231040564,"bolusiob":0}
