{"iob":0.6048681580555556,"activity":0.015974603174603176,"bolusiob":0}
