{"iob":0.4013199689912697,"activity":0.00028843086419753087,"bolusiob":0}
