{"iob":0.36201975545031256,"activity":0.008555549242424243,"bolusiob":0.06619787756250002}
