{"iob":0.5180626008123553,"activity":0.01735106588103255,"bolusiob":0}
