{"iob":0.47991015366320994,"activity":0.002178395061728395,"bolusiob":0}
