{"iob":1.125944850876109,"activity":0.014755240315656564,"bolusiob":0.24247138807000007}
