{"iob":0.9471786789408945,"activity":0.025295167283950613,"bolusiob":0.018843220479999888}
