{"iob":0.6764333493870147,"activity":0.001308078253968254,"bolusiob":0}
