{"iob":-0.04821386740111099,"activity":0.0010431393298059915,"bolusiob":0}
