{"iob":1.3958291991975003,"activity":0.016034886363636366,"bolusiob":0.74201447264}
