{"iob":-0.09968505939753086,"activity":-0.000042345679012345674,"bolusiob":0}
