{"iob":-0.1772698051847199,"activity":0.00310000869488536,"bolusiob":0}
