{"iob":-0.11565372251654321,"activity":0.0024923232323232325,"bolusiob":0}
