{"iob":0.4805749528221111,"activity":0.0014751499118165782,"bolusiob":0}
