{"iob":0.09940071543555556,"activity":0.00007975308641975307,"bolusiob":0}
