{"iob":-0.2283663872111111,"activity":-0.00148604938271605,"bolusiob":0}
