{"iob":-0.3778958138259722,"activity":-0.0030674426807760138,"bolusiob":0}
