{"iob":0.20062095833944443,"activity":0.0005946737213403874,"bolusiob":0}
