{"iob":0.04999235638444444,"activity":0.0000028395061728395062,"bolusiob":0}
