{"iob":0.8798998643694446,"activity":0.023942522045855372,"bolusiob":-0.00008471936000000736}
