{"iob":2.6174656416514823,"activity":0.029447995549242427,"bolusiob":0.9550391149499999}
