{"iob":0.76733853467375,"activity":0.010968554292929294,"bolusiob":0.32731745965}
