{"iob":0.04994487924444445,"activity":-0.00003319223985890647,"bolusiob":0}
