{"iob":0.039534079396562505,"activity":-0.0010223358585858585,"bolusiob":0}
