{"iob":1.6391506697774596,"activity":0.007760145366161617,"bolusiob":0.785915850375}
