{"iob":0.042706451032777856,"activity":0.0071138977072310395,"bolusiob":0.005226074186666674}
