{"iob":0.018180649581400594,"activity":-0.00011783031746031742,"bolusiob":0}
