{"iob":-0.14828145932958336,"activity":-0.0009145590828924161,"bolusiob":0}
