{"iob":1.163104862364848,"activity":0.018398573162878785,"bolusiob":0.23547839197500003}
