{"iob":0.35759623672888896,"activity":0.007573501683501684,"bolusiob":0.03357744768000002}
