{"iob":0.009966416470817654,"activity":-0.003269435502645503,"bolusiob":0}
