{"iob":-0.19771795171000003,"activity":-0.00018861111111111113,"bolusiob":0}
