{"iob":0.13172224837111113,"activity":0.0032707760141093465,"bolusiob":0}
