{"iob":0.979419626905899,"activity":0.01570077901234568,"bolusiob":0.0007080321777777621}
