{"iob":-0.2622356259494589,"activity":-0.0007276982892416219,"bolusiob":0}
