{"iob":2.2848817030050004,"activity":0.008644955908289238,"bolusiob":2.0252531859866667}
