{"iob":0.04650290729611112,"activity":-0.00043373897707231035,"bolusiob":0}
