{"iob":0.6047952090957802,"activity":0.01948599620811287,"bolusiob":0}
