{"iob":-0.04087865400481183,"activity":0.0009983064373897698,"bolusiob":0}
