{"iob":0.027827393253333436,"activity":0.007874832451499116,"bolusiob":0.00037624448000004305}
