{"iob":3.82093732468625,"activity":0.018382196969696972,"bolusiob":2.65972462711}
