{"iob":1.6015581420429168,"activity":0.00852331569664903,"bolusiob":0.6220871333733335}
