{"iob":0.5104755941977779,"activity":0.011145273368606701,"bolusiob":0}
