{"iob":0.40063913481875,"activity":0.005914665404040404,"bolusiob":0.024647773822500007}
