{"iob":0.3876950499618887,"activity":0.005199902998236326,"bolusiob":0.028995013840000007}
