{"iob":0.3830331954905556,"activity":0.001195432098765432,"bolusiob":0}
