{"iob":-0.004039081826666668,"activity":-0.00042927689594356237,"bolusiob":0}
