{"iob":-0.22936902414402782,"activity":-0.0006265608465608465,"bolusiob":0}
