{"iob":-0.33200912345351447,"activity":-0.0031294533862433857,"bolusiob":0}
