{"iob":0.89843657847375,"activity":0.011273478535353538,"bolusiob":0.42245006965}
