{"iob":-0.3792730778794445,"activity":-0.006569470899470899,"bolusiob":0}
