{"iob":0.25690500561777785,"activity":0.012378002244668913,"bolusiob":0}
