{"iob":1.5210507851791712,"activity":0.024655264285714282,"bolusiob":0.3100031267200001}
