{"iob":0.24023948227555555,"activity":-0.0009167901234567902,"bolusiob":0}
