{"iob":0.02964785878222228,"activity":0.004373968253968254,"bolusiob":0}
