{"iob":1.158336464165926,"activity":0.002166172839506173,"bolusiob":0.6401695093254322}
