{"iob":0.48984384356750005,"activity":0.009843371212121213,"bolusiob":0.0914055989025}
