{"iob":-0.09923268347555556,"activity":-0.0001148148148148148,"bolusiob":0}
