{"iob":-0.0517936191411111,"activity":-0.0006978659611992939,"bolusiob":0}
