{"iob":1.2556215610451007,"activity":0.008301578630050505,"bolusiob":0.5253252500000001}
