{"iob":0.099382045285,"activity":0.00007211640211640206,"bolusiob":0}
