{"iob":-0.05074891014444443,"activity":-0.00024379188712522006,"bolusiob":0}
