{"iob":1.36478200073875,"activity":0.008128497474747476,"bolusiob":0.9238217381875}
