{"iob":1.6751194455265033,"activity":0.011534939135802467,"bolusiob":0.7162843257777778}
