{"iob":0.04932655906666667,"activity":0.00004456790123456788,"bolusiob":0}
