{"iob":-0.04701926590419753,"activity":-0.00014432098765432099,"bolusiob":0}
