{"iob":0.917420062809284,"activity":0.006765521885521884,"bolusiob":0.4195715421866668}
