{"iob":1.7485030251616671,"activity":0.03679014991181657,"bolusiob":0.15827533638666674}
