{"iob":0.48380904770562505,"activity":0.01623322601010101,"bolusiob":0}
