{"iob":0.04992743801562499,"activity":0.0009493055555555553,"bolusiob":0}
