{"iob":-0.04075902629777777,"activity":0.0005461552028218696,"bolusiob":0}
