{"iob":0.2623023085492585,"activity":0.007994814691358024,"bolusiob":-0.00023267199999990054}
