{"iob":-0.09520366379780346,"activity":-0.0023419400176366845,"bolusiob":0}
