{"iob":0.09948817202,"activity":0.00006638888888888889,"bolusiob":0}
