{"iob":-0.2221404761034375,"activity":-0.00025289141414141413,"bolusiob":0}
