{"iob":0.9501689101309119,"activity":0.0048163586419753095,"bolusiob":0.26296237056}
