{"iob":0.7309992408633333,"activity":0.01314275132275132,"bolusiob":0.23636962602666667}
