{"iob":0.09944298059061729,"activity":0.00007024691358024691,"bolusiob":0}
