{"iob":-0.1285019213450822,"activity":-0.0007973014814814815,"bolusiob":0}
