{"iob":0.08698127313819992,"activity":-0.001125643615520282,"bolusiob":0}
