{"iob":1.4960270654999999,"activity":0.024232878787878793,"bolusiob":0.17783499706250017}
