{"iob":0.49385129629865443,"activity":0.010004445334595961,"bolusiob":0}
