{"iob":1.4757193584732982,"activity":0.025178721075837733,"bolusiob":0.26720823008000005}
