{"iob":0.05877946180958337,"activity":0.0006873192239858906,"bolusiob":0}
