{"iob":1.8124824866125004,"activity":0.015594760101010104,"bolusiob":1.1006944410900001}
