{"iob":0.028571049379032674,"activity":0.0030093470017636664,"bolusiob":0}
