{"iob":0.48801735326623985,"activity":0.005221040687830685,"bolusiob":0.26475806976}
