{"iob":0.9218642841133332,"activity":0.019622627865961195,"bolusiob":0.09553256826666656}
