{"iob":0.22924665277444456,"activity":0.006455359147025814,"bolusiob":0}
