{"iob":0.8955305495778699,"activity":0.010965813737373742,"bolusiob":0.665478859014321}
