{"iob":1.3516621269,"activity":0.01565296296296296,"bolusiob":0.34382455944}
