{"iob":0.0045699660444444845,"activity":0.0019147025813692482,"bolusiob":0}
