{"iob":1.5794726403696107,"activity":0.01851638620811287,"bolusiob":0.44759407341333335}
