{"iob":-0.10687053172835995,"activity":-0.0020105468606701946,"bolusiob":0}
