{"iob":2.7968570619667643,"activity":0.019342151553030304,"bolusiob":1.2498377696}
