{"iob":0.11237871424666668,"activity":0.0028210758377425036,"bolusiob":0.002931407786666629}
