{"iob":0.054821802678749816,"activity":0.009808977272727273,"bolusiob":0}
