{"iob":-0.14183990691555556,"activity":-0.0003955555555555555,"bolusiob":0}
