{"iob":0.05152084679125002,"activity":0.008642405303030306,"bolusiob":0.013660547002500023}
