{"iob":-0.22934649535625,"activity":-0.0018378314393939395,"bolusiob":0}
