{"iob":0.8524616037530865,"activity":0.004213254769921436,"bolusiob":0.6391543023723456}
