{"iob":-0.14189536819079493,"activity":-0.0003938272839506173,"bolusiob":0}
