{"iob":-0.05195682334444446,"activity":-0.0003121164021164018,"bolusiob":0}
