{"iob":0.9417409308681484,"activity":0.002938271604938271,"bolusiob":0.8853143308641976}
