{"iob":2.3974301966175,"activity":0.011937499999999998,"bolusiob":1.446009489485}
