{"iob":1.1173575716096131,"activity":0.011817228630050504,"bolusiob":0.248753582}
