{"iob":1.119710263489892,"activity":0.013979497724867724,"bolusiob":0.24371507022222222}
