{"iob":0.26944229478437504,"activity":0.011093566919191916,"bolusiob":0.007038060802500012}
