{"iob":0.37510844487321865,"activity":0.01455421543209876,"bolusiob":0.018553384760000017}
