{"iob":2.2093717912359376,"activity":0.011110284090909093,"bolusiob":1.43682265455}
