{"iob":0.04958274696555566,"activity":0.008457566137566139,"bolusiob":0.004745441653333327}
