{"iob":0.320276229358125,"activity":0.012222916666666667,"bolusiob":0}
