{"iob":0.7600436957455555,"activity":0.015495502645502644,"bolusiob":0}
