{"iob":-0.14604188792047504,"activity":0.002160498667929293,"bolusiob":0}
