{"iob":1.1421051909391111,"activity":0.008601604938271603,"bolusiob":0.4685383641200001}
