{"iob":2.343427658982716,"activity":0.001077901234567901,"bolusiob":2.2816385787575304}
