{"iob":0.9255511796671709,"activity":0.013006681463844793,"bolusiob":0.14576788042666666}
