{"iob":-0.2837087205588603,"activity":0.006234936660353536,"bolusiob":0}
