{"iob":0.534750682073125,"activity":0.014116527777777776,"bolusiob":0}
