{"iob":0.4278790030301237,"activity":0.015823827160493825,"bolusiob":0.005260933333333306}
