{"iob":0.6264716311177777,"activity":0.009424814814814813,"bolusiob":0.13321146453333332}
