{"iob":-0.047664735004444445,"activity":-0.0001262962962962963,"bolusiob":0}
