{"iob":-0.10078864237000001,"activity":-0.0007903219696969698,"bolusiob":0}
