{"iob":1.6580739384739844,"activity":0.01280463068181818,"bolusiob":0.6535840638600001}
