{"iob":-0.2325285753801389,"activity":-0.00033915343915343906,"bolusiob":0}
