{"iob":0.13304355601555554,"activity":0.00649222222222222,"bolusiob":0}
