{"iob":0.34622683292,"activity":-0.0016029982363315691,"bolusiob":0}
