{"iob":-0.14930836909555556,"activity":-0.00063320987654321,"bolusiob":0}
