{"iob":-0.02943250573499999,"activity":0.0029535714285714282,"bolusiob":0.01137573404000003}
