{"iob":2.1088126098228126,"activity":0.008202506313131313,"bolusiob":1.85127118726}
