{"iob":0.26377829128333335,"activity":0.003188977072310405,"bolusiob":0}
