{"iob":-0.21419807156656248,"activity":-0.0031833270202020203,"bolusiob":0}
