{"iob":-0.03770404597000001,"activity":0.0005255026455026454,"bolusiob":0}
