{"iob":1.6705414633294788,"activity":0.014916863668430331,"bolusiob":0.9933966734222223}
