{"iob":1.709791387180247,"activity":0.006333333333333332,"bolusiob":1.2624622637827163}
