{"iob":1.6714408235224625,"activity":0.00947894,"bolusiob":0.7313204536125002}
