{"iob":-0.018763059224188562,"activity":-0.002099315167548501,"bolusiob":0}
