{"iob":0.1348005878333125,"activity":0.00858872474747475,"bolusiob":0}
