{"iob":0.024495709738666667,"activity":0.003556228956228957,"bolusiob":0}
