{"iob":-0.00022870662999999736,"activity":-0.00008783068783068776,"bolusiob":0}
