{"iob":1.5532168236406947,"activity":0.010039082892416226,"bolusiob":0.5027923109733334}
