{"iob":0.5653007548494446,"activity":0.004207169312169311,"bolusiob":0}
