{"iob":0.7098257648276542,"activity":0.0018588888888888887,"bolusiob":0.25621768836740744}
