{"iob":0.8044111433281251,"activity":0.009843112373737374,"bolusiob":0.313179271075}
