{"iob":0.03741205786000001,"activity":0.00041370370370370367,"bolusiob":0}
