{"iob":-0.14726510175604937,"activity":-0.00020358024691358027,"bolusiob":0}
