{"iob":-0.07066194949500001,"activity":-0.0004725252525252525,"bolusiob":0}
