{"iob":-0.09979470467777778,"activity":0.00010961199294532689,"bolusiob":0}
