{"iob":0.7800164975565432,"activity":0.00498250280583614,"bolusiob":0.5363475108266667}
