{"iob":-0.02350839932000002,"activity":-0.0018025396825396822,"bolusiob":0}
