{"iob":0.017307702684444443,"activity":0.00036217732884399553,"bolusiob":0}
