{"iob":0.24454951084888887,"activity":0.0019263139329805993,"bolusiob":0.08105505061333336}
