{"iob":-0.04956614055777778,"activity":0.000048500881834215045,"bolusiob":0}
