{"iob":0.006143575503437512,"activity":-0.00028343749999999994,"bolusiob":0}
