{"iob":-0.20067471655000002,"activity":-0.0011278219696969696,"bolusiob":0}
