{"iob":-0.08701791837823146,"activity":0.002347600881834213,"bolusiob":0}
