{"iob":1.0078060636762498,"activity":0.007579387626262626,"bolusiob":0.7216390292}
