{"iob":0.5819137519244445,"activity":0.012969929453262787,"bolusiob":0.001974313466666544}
