{"iob":0.7850187247138056,"activity":0.0007436861728395063,"bolusiob":0.4991735232790124}
