{"iob":0.9663677330935778,"activity":0.008199788483245147,"bolusiob":0.3931248405333334}
