{"iob":0.5817781900668749,"activity":0.0038826893939393945,"bolusiob":0.5705766463199999}
