{"iob":1.1194737416414817,"activity":0.016744276094276096,"bolusiob":0.145449265528889}
