{"iob":0.21975906183773142,"activity":0.009418765238095237,"bolusiob":-0.0002225201333333482}
