{"iob":2.3980112220533334,"activity":0.00582412698412698,"bolusiob":2.2273009506133334}
