{"iob":0.974917873359798,"activity":0.012428159911816576,"bolusiob":0.18562222709333334}
