{"iob":0.2430460804105556,"activity":0.0003064373897707234,"bolusiob":0}
