{"iob":-0.09190513585124996,"activity":0.005827733585858588,"bolusiob":0}
