{"iob":0.24860520606944447,"activity":0.00021339506172839503,"bolusiob":0}
