{"iob":-0.23399945790625,"activity":-0.0006368750000000001,"bolusiob":0}
