{"iob":-0.3176191220250001,"activity":0.0007249735449735444,"bolusiob":0}
