{"iob":1.062972594097778,"activity":0.01663427609427609,"bolusiob":0.1242139723733333}
