{"iob":1.7129850612005555,"activity":0.02993332451499118,"bolusiob":0.20047578876000002}
