{"iob":1.8005064661788883,"activity":0.01691455026455026,"bolusiob":1.5074941246755553}
