{"iob":0.8838558324622224,"activity":0.00935023569023569,"bolusiob":0.39977113621333343}
