{"iob":0.06229301805045642,"activity":-0.0013604494708994704,"bolusiob":0}
