{"iob":0.18577738469527777,"activity":0.0007782980599647266,"bolusiob":0}
