{"iob":1.0805420018252343,"activity":0.0015403125,"bolusiob":0.67324891564}
