{"iob":1.2798171554665625,"activity":0.013649258207070707,"bolusiob":0.48032196137500005}
