{"iob":0.3433814746755556,"activity":0.0006343209876543208,"bolusiob":0}
