{"iob":1.4579971138862498,"activity":0.003998484848484849,"bolusiob":1.41541155818}
