{"iob":0.05606272722687501,"activity":0.0013900820707070708,"bolusiob":0}
