{"iob":0.041437122364375,"activity":-0.00008589015151515148,"bolusiob":0}
