{"iob":3.123824939613889,"activity":0.03129632275132274,"bolusiob":1.953630289351111}
