{"iob":0.049987936277777784,"activity":0.0000043209876543209875,"bolusiob":0}
