{"iob":-0.13990567254222225,"activity":-0.0007819047619047619,"bolusiob":0}
