{"iob":0.2773654958733332,"activity":0.008538447971781302,"bolusiob":0}
