{"iob":1.0953158450964844,"activity":0.0005304513888888889,"bolusiob":0.69824956831}
