{"iob":-0.05982727107166668,"activity":-0.0006149559082892418,"bolusiob":0}
