{"iob":-0.16076446788999998,"activity":-0.0017525925925925925,"bolusiob":0}
