{"iob":0.15855847796390626,"activity":0.005430672348484849,"bolusiob":0.03414328500000002}
