{"iob":2.7993315191605563,"activity":0.030497627865961194,"bolusiob":1.0307517224000002}
