{"iob":1.1593282884462504,"activity":0.024424917929292928,"bolusiob":0.038123114679999966}
