{"iob":-0.0012502869999999888,"activity":-0.00021693121693121655,"bolusiob":0}
