{"iob":0.09858682111111111,"activity":0.00015679012345679011,"bolusiob":0}
