{"iob":0.991671885085,"activity":0.011554962121212122,"bolusiob":0.4800364586}
