{"iob":0.2867235058689761,"activity":0.0017231440340909087,"bolusiob":0.16294691901}
