{"iob":-0.0657710399838666,"activity":0.004395414338624336,"bolusiob":0}
