{"iob":1.9253363770785186,"activity":0.01196124579124579,"bolusiob":1.2707598351960494}
