{"iob":0.04815355188444445,"activity":0.00014790123456790121,"bolusiob":0}
