{"iob":0.6546898868872223,"activity":0.014987257495590827,"bolusiob":0}
