{"iob":1.6156931216977113,"activity":0.01181638268939394,"bolusiob":1.1945417300399999}
