{"iob":0.7445664035121078,"activity":0.006645766049382714,"bolusiob":0.36965348918666674}
