{"iob":1.2639578989976563,"activity":0.009168576388888888,"bolusiob":0.4789030044899999}
