{"iob":1.9016988969112492,"activity":0.02143917119929453,"bolusiob":0.9221466601599999}
