{"iob":0.34809537426250003,"activity":0.0002401388888888889,"bolusiob":0.19578555176}
