{"iob":-0.37058291710837765,"activity":-0.003602116525573192,"bolusiob":0}
