{"iob":1.1059441245456247,"activity":0.021993131313131315,"bolusiob":0.2080041562499999}
