{"iob":0.041344511067500006,"activity":-0.0011050126262626262,"bolusiob":0}
