{"iob":0.35784589207499995,"activity":0.019135732323232322,"bolusiob":0}
