{"iob":0.5829557850202031,"activity":0.0007135102292768962,"bolusiob":0}
