{"iob":-0.10179668374444445,"activity":-0.00045329805996472647,"bolusiob":0}
