{"iob":0.9380705518933335,"activity":0.0011597530864197528,"bolusiob":1.0485327425738271}
