{"iob":0.605206688312851,"activity":0.009593033680555554,"bolusiob":0}
