{"iob":3.1858026002171718,"activity":0.014941559949494948,"bolusiob":1.7692340954125}
