{"iob":-0.04014668807125,"activity":-0.00027298611111111116,"bolusiob":0}
