{"iob":-0.000028652910000015462,"activity":0.0009234848484848483,"bolusiob":0}
