{"iob":-0.049336828315000004,"activity":0.00014899470899470908,"bolusiob":0}
