{"iob":0.5620383722444443,"activity":0.0012525485008818337,"bolusiob":0.58674701456}
