{"iob":0.20237819725846898,"activity":0.006035732228535353,"bolusiob":0}
