{"iob":0.07978002515999999,"activity":-0.0005818434343434341,"bolusiob":0}
