{"iob":1.3733386706061113,"activity":0.024694382716049377,"bolusiob":0.18235389952000006}
