{"iob":0.22873071542437495,"activity":0.01125746212121212,"bolusiob":0.00377104962999999}
