{"iob":-0.09876797005888888,"activity":-0.0006079012345679008,"bolusiob":0}
