{"iob":0.29333782890819443,"activity":-0.0008418783068783068,"bolusiob":0}
