{"iob":1.6780378786350003,"activity":0.01251046717171717,"bolusiob":0.7006418518725002}
