{"iob":-0.2042340583616667,"activity":-0.0023206525573192236,"bolusiob":0}
