{"iob":0.5731395373608937,"activity":0.002668958994708992,"bolusiob":0.3882928577422222}
