{"iob":-0.05478159026375,"activity":-0.000863213383838384,"bolusiob":0}
