{"iob":0.9629032320662501,"activity":0.012090315656565657,"bolusiob":0.11890637167999998}
