{"iob":2.4298663896707886,"activity":0.017054365449735445,"bolusiob":1.3361968884977777}
