{"iob":0.15556716221250003,"activity":0.007695454545454547,"bolusiob":0}
