{"iob":0.0499395785,"activity":0.000016666666666666664,"bolusiob":0}
