{"iob":-0.13601527937723104,"activity":-0.000720247037037037,"bolusiob":0}
