{"iob":0.5439041086182717,"activity":0.0004112345679012345,"bolusiob":0.2996977097007407}
