{"iob":0.859528746337411,"activity":0.00854769142536476,"bolusiob":0.45861181193481476}
