{"iob":1.659065341094719,"activity":0.013679482228535355,"bolusiob":0.8670004766}
