{"iob":0.04999279977125,"activity":0.000002013888888888889,"bolusiob":0}
