{"iob":0.40336921717374996,"activity":0.0014088194444444445,"bolusiob":0.26023258275}
