{"iob":0.2893345388066667,"activity":0.0006601234567901235,"bolusiob":0}
