{"iob":0.7795757519933333,"activity":0.0016465432098765429,"bolusiob":0.39426617507555556}
