{"iob":-0.18330846268049383,"activity":-0.0005609876543209877,"bolusiob":0}
