{"iob":-0.27411067333247047,"activity":-0.0038586947971781297,"bolusiob":0}
