{"iob":0.4998281344,"activity":0.00004444444444444444,"bolusiob":0.4996088576}
