{"iob":1.4168823650038889,"activity":0.011534506172839507,"bolusiob":0.77198650536}
