{"iob":-0.03442323080531247,"activity":0.0025099305555555556,"bolusiob":0}
