{"iob":1.42698589239625,"activity":0.003349280303030303,"bolusiob":1.47696648218}
