{"iob":1.7561504409068747,"activity":0.030361155303030306,"bolusiob":0.44619223216749987}
