{"iob":1.583414870955313,"activity":0.011345852272727271,"bolusiob":0.5831955330850003}
