{"iob":1.4052693830765626,"activity":0.013730489267676766,"bolusiob":0.5270828245000001}
