{"iob":-0.02458452085555557,"activity":-0.0017784303350970017,"bolusiob":0}
