{"iob":1.1794211581214815,"activity":0.011723580246913579,"bolusiob":0.3165558586666667}
