{"iob":3.156283147350109,"activity":0.015285524595959592,"bolusiob":1.7372277717125002}
