{"iob":1.2679656731409261,"activity":0.01059227562610229,"bolusiob":0.5315998798666667}
