{"iob":0.8043781251688891,"activity":0.016327689594356258,"bolusiob":0.016408159560000104}
