{"iob":-0.14701674901333334,"activity":-0.00021222222222222223,"bolusiob":0}
