{"iob":-0.14049628344141324,"activity":-0.0008702823104056434,"bolusiob":0}
