{"iob":0.9347580826581251,"activity":0.02288200757575757,"bolusiob":0.0002803937825000213}
