{"iob":2.508187017439686,"activity":0.009667262013888886,"bolusiob":1.6896680930525}
