{"iob":-0.1657518710434375,"activity":0.00021597853535353507,"bolusiob":0}
