{"iob":2.8388073052184724,"activity":0.0189371164021164,"bolusiob":1.8807218954133333}
