{"iob":-0.054229427907187516,"activity":-0.0018832512626262628,"bolusiob":0}
