{"iob":0.6303400308333336,"activity":0.01491305114638448,"bolusiob":0}
