{"iob":-0.09976767174444445,"activity":-0.00004530864197530864,"bolusiob":0}
