{"iob":-0.04997335177777778,"activity":-0.000008641975308641975,"bolusiob":0}
