{"iob":0.9463532102422307,"activity":0.0013395994708994656,"bolusiob":0.8908159320000001}
