{"iob":-0.09715183691722223,"activity":-0.00025943562610229265,"bolusiob":0}
