{"iob":1.2483663842059376,"activity":0.00831215593434343,"bolusiob":0.5590379906874999}
