{"iob":-0.10570659396375001,"activity":-0.0010064583333333334,"bolusiob":0}
