{"iob":0.3582978860211398,"activity":0.0033012350617283946,"bolusiob":0}
