{"iob":0.49881685393317027,"activity":0.007787301199294533,"bolusiob":0.11297737248000007}
