{"iob":1.5129082227827777,"activity":0.026994647266313933,"bolusiob":0.2792020750933334}
