{"iob":1.9179951622050002,"activity":0.020118396464646464,"bolusiob":1.02068103255}
