{"iob":0.35804209736666665,"activity":0.01042275132275132,"bolusiob":0.017267070800000006}
