{"iob":0.343325227635,"activity":0.00046402777777777783,"bolusiob":0}
