{"iob":-0.1804869448675,"activity":-0.0008020833333333334,"bolusiob":0}
