{"iob":1.77099940473679,"activity":0.013906419753086418,"bolusiob":0.6711634884266668}
