{"iob":1.794797270960582,"activity":0.02138097014109347,"bolusiob":0.8034223491599999}
