{"iob":-0.016054519664444447,"activity":0.005815537918871253,"bolusiob":0}
