{"iob":-0.09982648149000001,"activity":-0.000029444444444444445,"bolusiob":0}
