{"iob":0.14619244094181771,"activity":0.0003498766666666666,"bolusiob":0}
