{"iob":0.41522909767744587,"activity":0.016614373633156966,"bolusiob":0}
