{"iob":0.226826862510366,"activity":0.008468165343915344,"bolusiob":0}
