{"iob":0.049984857080493834,"activity":-0.0001612457912457912,"bolusiob":0}
