{"iob":1.970369923422819,"activity":0.0280420637037037,"bolusiob":0.3365812}
