{"iob":0.1809553349483335,"activity":0.000057760141093472425,"bolusiob":0.1478570834}
