{"iob":0.8177402071427162,"activity":0.015693782267115604,"bolusiob":0}
