{"iob":0.8749443425356251,"activity":0.01653895202020202,"bolusiob":0.014573870079999907}
