{"iob":0.24856506891996394,"activity":0.00021606074074074073,"bolusiob":0}
