{"iob":0.5415511149066667,"activity":0.00365358024691358,"bolusiob":0.039751133760000015}
