{"iob":0.43870163426179215,"activity":0.01027425196969697,"bolusiob":0}
