{"iob":1.4800060509094444,"activity":0.020914126984126973,"bolusiob":0.28242563082666655}
