{"iob":0.45509030815666673,"activity":0.013896155202821864,"bolusiob":0}
