{"iob":-0.08788078046024694,"activity":0.00235996632996633,"bolusiob":0}
