{"iob":1.5191682808800002,"activity":0.015433661616161616,"bolusiob":0.36935718338999995}
