{"iob":1.9710631985804827,"activity":0.007583756172839504,"bolusiob":1.7685102635555556}
