{"iob":-0.04172709657875,"activity":0.001946641414141414,"bolusiob":0}
