{"iob":0.35637211153000004,"activity":0.012437727272727274,"bolusiob":0.017535750750000023}
