{"iob":1.0099618108168056,"activity":0.02112893298059964,"bolusiob":0.22330746920000002}
