{"iob":-0.14861518860666667,"activity":-0.00017222222222222218,"bolusiob":0}
