{"iob":0.043150367346782986,"activity":0.007139840758377423,"bolusiob":0}
