{"iob":-0.07355397001980137,"activity":-0.0014235976190476187,"bolusiob":0}
