{"iob":-0.10026591782722222,"activity":-0.00018945326278659608,"bolusiob":0}
