{"iob":0.6189417419266668,"activity":0.010894567901234569,"bolusiob":0.009410353919999982}
