{"iob":1.2777610333087501,"activity":0.01904830808080808,"bolusiob":0.59746857528}
