{"iob":1.0316618855734376,"activity":0.009368724747474749,"bolusiob":0.37160866038999996}
