{"iob":0.9866631156666666,"activity":0.003963932980599647,"bolusiob":0.21150970000000002}
