{"iob":0.25787432446111136,"activity":0.010730070546737209,"bolusiob":0}
