{"iob":0.34274387314567895,"activity":0.000529753086419753,"bolusiob":0.27456536182518515}
