{"iob":0.04877819444444445,"activity":0.00011728395061728394,"bolusiob":0}
