{"iob":-0.2784533669422223,"activity":-0.0011123456790123455,"bolusiob":0}
