{"iob":1.029229164882633,"activity":0.009930805230078563,"bolusiob":0.050412123626666666}
