{"iob":0.20850635567111114,"activity":0.0016120987654320985,"bolusiob":0}
