{"iob":0.04865533585111112,"activity":0.00012382716049382712,"bolusiob":0}
