{"iob":-0.02915727190123458,"activity":-0.0004030864197530864,"bolusiob":0}
