{"iob":0.09739377171388888,"activity":0.00023351851851851848,"bolusiob":0}
