{"iob":1.9849964013777777,"activity":0.009706719576719574,"bolusiob":1.4788568405511109}
