{"iob":0.40413935116222205,"activity":0.0030768606701940017,"bolusiob":0.12875974176}
