{"iob":0.12408658577277773,"activity":0.0035236243386243373,"bolusiob":0}
