{"iob":-0.05331747270500001,"activity":-0.0008029608585858586,"bolusiob":0}
