{"iob":-0.0013785906043749963,"activity":-0.0003928661616161616,"bolusiob":0}
