{"iob":0.4083106056266667,"activity":0.010856472663139329,"bolusiob":0}
