{"iob":-0.09857381961382716,"activity":-0.00012450617283950617,"bolusiob":0}
