{"iob":2.66421948554625,"activity":0.01884047348484848,"bolusiob":2.09453468809}
