{"iob":2.3425547576205306,"activity":0.02950471903409091,"bolusiob":0.7150271134500001}
