{"iob":1.2667144781866666,"activity":0.022816790123456786,"bolusiob":0.09819851274666652}
