{"iob":0.09929588192777788,"activity":0.000986155202821865,"bolusiob":0}
