{"iob":0.10749571322782797,"activity":0.0073690120811287455,"bolusiob":0}
