{"iob":0.46188111932049386,"activity":0.0022576543209876544,"bolusiob":0.020833291306666668}
