{"iob":1.6915545876534421,"activity":0.019098508035914705,"bolusiob":0.23892634965333334}
