{"iob":-0.1382736063444444,"activity":-0.002278677248677248,"bolusiob":0}
