{"iob":-0.09975065083555557,"activity":-0.000048148148148148135,"bolusiob":0}
