{"iob":1.1716154025600003,"activity":0.016844276094276092,"bolusiob":0.1705749355733336}
