{"iob":0.0680643483239742,"activity":-0.0015516223104056434,"bolusiob":0}
