{"iob":2.6661587461594443,"activity":0.0074367636684303335,"bolusiob":2.353023260488889}
