{"iob":0.22704226139717962,"activity":0.010937495855379184,"bolusiob":0.0017434982399999854}
