{"iob":0.15661596167444447,"activity":0.006567389770723103,"bolusiob":0}
