{"iob":-0.09971395139777779,"activity":-0.00005246913580246913,"bolusiob":0}
