{"iob":0.09940460052,"activity":0.00007925925925925925,"bolusiob":0}
