{"iob":-0.0996411269027778,"activity":2.9982363315694815e-7,"bolusiob":0}
