{"iob":1.7230752691039841,"activity":0.011891979166666667,"bolusiob":0.741701303665}
