{"iob":1.0910239328755555,"activity":-0.0013192239858906521,"bolusiob":1.2901721191822222}
