{"iob":0.0973659936066667,"activity":-0.00026701940035273345,"bolusiob":0}
