{"iob":-0.24356867483555555,"activity":-0.0005459259259259258,"bolusiob":0}
