{"iob":0.013031185426955083,"activity":0.005091501763668428,"bolusiob":0}
