{"iob":0.5478794407117258,"activity":0.0028792600000000002,"bolusiob":0}
