{"iob":4.19787881946375,"activity":0.012098560606060606,"bolusiob":3.5438417813400003}
