{"iob":0.06448501357166667,"activity":0.0012364197530864197,"bolusiob":0}
