{"iob":-0.09974060373555557,"activity":-0.000049259259259259254,"bolusiob":0}
