{"iob":0.8391995488420938,"activity":0.006283324074074075,"bolusiob":0.7000764531200001}
