{"iob":-0.21534404005833338,"activity":-0.0021773544973544977,"bolusiob":0}
