{"iob":1.1261070600928396,"activity":0.013368271604938269,"bolusiob":0.24047240458666658}
