{"iob":-0.06244296002111112,"activity":-0.0005882539682539683,"bolusiob":0}
