{"iob":1.26330351550255,"activity":0.0077270584280303,"bolusiob":0.51383488512}
