{"iob":-0.022343049365665994,"activity":-0.0016601230864197534,"bolusiob":0}
