{"iob":0.7585139759988889,"activity":0.020556754850088177,"bolusiob":0.00566075768000005}
