{"iob":1.1258736543901564,"activity":0.009281631944444443,"bolusiob":0.36846699351}
