{"iob":0.006710823288888834,"activity":0.001984287317620651,"bolusiob":0}
