{"iob":0.0010680418015623847,"activity":0.0063589898989899,"bolusiob":0}
