{"iob":-0.049385888117777776,"activity":-0.00007864197530864198,"bolusiob":0}
