{"iob":1.1838675322856693,"activity":0.008070041338383837,"bolusiob":0.4986905434}
