{"iob":2.0387604961480323,"activity":0.005803756172839504,"bolusiob":1.8813919600355555}
