{"iob":2.8890288778862505,"activity":0.017186363636363635,"bolusiob":1.74040895911}
