{"iob":1.6488419354305552,"activity":0.025958509700176362,"bolusiob":0.3179383483466666}
