{"iob":0.1973719362175931,"activity":0.00010289261022927721,"bolusiob":0}
