{"iob":0.6571241552318146,"activity":0.005408889629629629,"bolusiob":0}
