{"iob":-0.15921997304888894,"activity":-0.0025223633156966486,"bolusiob":0}
