{"iob":0.898312673261528,"activity":0.017380608465608464,"bolusiob":0.04505879180000005}
