{"iob":-0.0993710525688889,"activity":-0.00008345679012345677,"bolusiob":0}
