{"iob":-0.3154084474454611,"activity":-0.0033302823104056412,"bolusiob":0}
