{"iob":-0.19166598765333337,"activity":-0.0005518518518518519,"bolusiob":0}
