{"iob":-0.13980928034123474,"activity":0.00902750280583614,"bolusiob":0}
