{"iob":1.5944438721605554,"activity":0.0010411728395061726,"bolusiob":1.4894338461333334}
