{"iob":0.048921407196111114,"activity":0.0000951499118165785,"bolusiob":0}
