{"iob":1.5139481916588888,"activity":0.020320670194003524,"bolusiob":0.35835065642666675}
