{"iob":-0.09750823910111112,"activity":0.00018844797178130496,"bolusiob":0}
