{"iob":0.8925916464075001,"activity":0.008711578282828283,"bolusiob":0.3233296095425001}
