{"iob":-0.2621920971318056,"activity":-0.0014218430335097001,"bolusiob":0}
