{"iob":-0.24339059757611115,"activity":-0.0005663580246913579,"bolusiob":0}
