{"iob":-0.01991670009575216,"activity":-0.0014047599116161621,"bolusiob":0.0780720182025}
