{"iob":0.8617390253333334,"activity":0.010647890011223342,"bolusiob":0.23316079263999998}
