{"iob":0.17673731722222216,"activity":0.009759964726631386,"bolusiob":0.036838125759999986}
