{"iob":0.20975993682749994,"activity":0.01191654671717172,"bolusiob":0.008530930719999974}
