{"iob":0.5213507764393505,"activity":0.013414173615520277,"bolusiob":0}
