{"iob":-0.09926241669250001,"activity":-0.00006791666666666667,"bolusiob":0}
