{"iob":2.296974331785938,"activity":0.028361142676767676,"bolusiob":0.6241026767249999}
