{"iob":1.9927140815303124,"activity":0.010521205808080808,"bolusiob":1.4301420181399997}
