{"iob":0.5531063928444444,"activity":0.0020031481481481476,"bolusiob":0.35368607360000004}
