{"iob":0.9235797593044445,"activity":0.022944426807760133,"bolusiob":0.013194019306666603}
