{"iob":0.6123101457066668,"activity":0.010635361552028218,"bolusiob":0.12132777154666671}
