{"iob":0.6364746400937501,"activity":0.01046748106060606,"bolusiob":0.11645625107499996}
