{"iob":2.3428466127400753,"activity":0.019869504488636364,"bolusiob":0.617616968025}
