{"iob":0.049953597111111116,"activity":0.000013580246913580245,"bolusiob":0}
