{"iob":-0.04998362420444445,"activity":-0.0000056790123456790125,"bolusiob":0}
