{"iob":-0.06235245887996005,"activity":-0.002597028095238095,"bolusiob":0}
