{"iob":2.85438522453,"activity":0.02825652777777777,"bolusiob":0.932177700605}
