{"iob":0.5469463263624443,"activity":0.007519832451499115,"bolusiob":0.08350416189333335}
