{"iob":0.3026876927455551,"activity":0.012638430335096993,"bolusiob":0}
