{"iob":-0.030590765344687527,"activity":-0.0016787058080808084,"bolusiob":0}
