{"iob":-0.03641247299555549,"activity":0.0021444893378226716,"bolusiob":0}
