{"iob":-0.020115328764236134,"activity":0.0021411375661375648,"bolusiob":0}
