{"iob":3.033732459075555,"activity":0.008113862433862432,"bolusiob":2.941469728711111}
