{"iob":2.4600981819442462,"activity":0.023015536212121213,"bolusiob":0.7702115454}
