{"iob":1.15397682138875,"activity":0.014496685606060607,"bolusiob":0.1977309744899999}
