{"iob":0.4548770279190124,"activity":0.011013894500561165,"bolusiob":0.07667370709333335}
