{"iob":-0.22614820230437502,"activity":0.0015106628787878783,"bolusiob":0}
