{"iob":1.68262671352,"activity":0.01386820707070707,"bolusiob":0.5948030318300002}
