{"iob":0.8738569103688889,"activity":0.012839153439153438,"bolusiob":0.16831120792000004}
