{"iob":-0.09200564934055555,"activity":-0.00044919753086419747,"bolusiob":0}
