{"iob":0.31459020015897665,"activity":0.0035690008017676775,"bolusiob":0.27314735195999995}
