{"iob":0.04997425308444445,"activity":0.00000839506172839506,"bolusiob":0}
