{"iob":-0.15028304090125,"activity":-0.0010713194444444446,"bolusiob":0}
