{"iob":1.6448791596375,"activity":0.0006630113636363635,"bolusiob":1.68491908529}
