{"iob":0.03776884242562503,"activity":0.0016869318181818183,"bolusiob":0}
