{"iob":1.321021401485,"activity":-0.0007825,"bolusiob":1.69861816724}
