{"iob":0.39646012470123476,"activity":0.013680056116722784,"bolusiob":0}
