{"iob":0.00042657218888888376,"activity":-0.00003617283950617283,"bolusiob":0}
