{"iob":-0.06401359321222222,"activity":0.0014723104056437388,"bolusiob":0}
