{"iob":0.5631404572625003,"activity":0.01725174873737374,"bolusiob":-0.000018069999999981157}
