{"iob":0.9682804286675,"activity":0.006437537878787878,"bolusiob":0.60949882518}
