{"iob":-0.21721919747618823,"activity":-0.0037473367724867716,"bolusiob":0}
