{"iob":0.07083440476125,"activity":-0.0009798358585858585,"bolusiob":0}
