{"iob":0.27462355799111127,"activity":0.00697121693121693,"bolusiob":0}
