{"iob":-0.09969143576493827,"activity":-0.00003975308641975309,"bolusiob":0}
