{"iob":0.4835350237675,"activity":0.0023293560606060604,"bolusiob":0.35310304085}
