{"iob":0.19717158901728393,"activity":0.0002162962962962963,"bolusiob":0}
