{"iob":-0.09284927752500001,"activity":-0.0004227777777777777,"bolusiob":0}
