{"iob":-0.09987015365111114,"activity":0.00007705467372133878,"bolusiob":0}
