{"iob":0.979642895858619,"activity":0.0020993600529100524,"bolusiob":0.83228673152}
