{"iob":0.06623300810111107,"activity":0.0013213932980599638,"bolusiob":0}
