{"iob":0.29353469509530866,"activity":0.007877777777777777,"bolusiob":0.0273844055111111}
