{"iob":1.45408001112625,"activity":0.007520486111111111,"bolusiob":1.06325845364}
