{"iob":0.025996240180336787,"activity":0.006720158465608465,"bolusiob":0}
