{"iob":0.5870611112799999,"activity":0.003658322109988777,"bolusiob":0.4518416711901234}
