{"iob":0.11205642861847223,"activity":-0.00017575837742504405,"bolusiob":0}
