{"iob":1.9795733275417282,"activity":0.01076148148148148,"bolusiob":1.0529059776316052}
