{"iob":3.11941854930555,"activity":0.003515659791666666,"bolusiob":2.8663509755999996}
