{"iob":-0.007439188146253981,"activity":-0.0007040403724747476,"bolusiob":0}
