{"iob":-0.15462104686111108,"activity":-0.005028677248677246,"bolusiob":0}
