{"iob":0.7513023194633333,"activity":0.006856966490299822,"bolusiob":0.3522249152}
