{"iob":0.42301051416888896,"activity":0.011327138047138047,"bolusiob":0}
