{"iob":0.22837603795781594,"activity":0.012378412257495587,"bolusiob":0}
