{"iob":-0.0885636466361111,"activity":-0.0005436419753086419,"bolusiob":0}
