{"iob":0.5147074358856251,"activity":0.011491875,"bolusiob":0}
