{"iob":1.3090841083333193,"activity":0.012180586553030306,"bolusiob":0.39540585472}
