{"iob":0.18323570324983032,"activity":0.010449122960858584,"bolusiob":0.01931982783249997}
