{"iob":0.32653162216968756,"activity":0.010010684974747474,"bolusiob":0}
