{"iob":0.8662504841244446,"activity":0.01465547699214366,"bolusiob":0.000342529635555211}
