{"iob":1.3793607009625,"activity":0.009761172839506171,"bolusiob":0.7903937450400002}
