{"iob":1.1396165251555557,"activity":0.007514074074074073,"bolusiob":0.6589366082133334}
