{"iob":0.38610239863308665,"activity":0.015013333333333333,"bolusiob":0.008946306844444418}
