{"iob":-0.10754166286902779,"activity":-0.00025027336860670193,"bolusiob":0}
