{"iob":0.29517178044,"activity":0.0004149999999999999,"bolusiob":0.28345400975999996}
