{"iob":1.0075949942544444,"activity":0.02424899470899471,"bolusiob":0.09809042628000016}
