{"iob":-0.09912523043555556,"activity":-0.00008296296296296296,"bolusiob":0}
