{"iob":-0.05228807191689523,"activity":-0.0006264583017676767,"bolusiob":0}
