{"iob":0.16909096278861113,"activity":0.0012711728395061728,"bolusiob":0}
