{"iob":0.099520533405,"activity":0.00005569444444444444,"bolusiob":0}
