{"iob":-0.23851671813777778,"activity":-0.0007751851851851851,"bolusiob":0}
