{"iob":0.19768195471671268,"activity":0.00027619074074074066,"bolusiob":0}
