{"iob":0.09760844208611108,"activity":0.006494347442680774,"bolusiob":0}
