{"iob":-0.04996935100049383,"activity":-0.00000728395061728395,"bolusiob":0}
