{"iob":0.42185010350350866,"activity":0.00786021644570707,"bolusiob":0.07930880376}
