{"iob":-0.03745979726,"activity":0.0011894708994708984,"bolusiob":0}
