{"iob":0.08040755021249997,"activity":0.00655909090909091,"bolusiob":0}
