{"iob":0.32480999477888894,"activity":0.009509347442680772,"bolusiob":0}
