{"iob":0.7542179894644446,"activity":0.017339523809523805,"bolusiob":0}
