{"iob":2.757023296954871,"activity":0.02941968115530303,"bolusiob":1.065408885825}
