{"iob":0.8570317935272221,"activity":0.01225917989417989,"bolusiob":0}
