{"iob":0.3963254727688889,"activity":-0.00021262786596119921,"bolusiob":0.3994542444088889}
