{"iob":1.210794665847222,"activity":0.01812927689594356,"bolusiob":0.22625199999999993}
