{"iob":0.6917242819055556,"activity":0.021128835978835976,"bolusiob":0.0004897920000000889}
