{"iob":0.3603863025500001,"activity":0.01548248677248677,"bolusiob":0}
