{"iob":-0.184876593465,"activity":-0.000687638888888889,"bolusiob":0}
