{"iob":1.1099811257675,"activity":0.016770858585858587,"bolusiob":0.10818324523999989}
