{"iob":-0.28357888267166664,"activity":-0.00097652557319224,"bolusiob":0}
