{"iob":0.880476109617778,"activity":0.017024466891133558,"bolusiob":-0.00037346204444466125}
