{"iob":-0.131925037215,"activity":0.0013499621212121208,"bolusiob":0}
