{"iob":-0.2378269366123457,"activity":-0.0005458024691358024,"bolusiob":0}
