{"iob":1.1960351987990125,"activity":0.0040274074074074075,"bolusiob":0.5215577934380247}
