{"iob":0.7826416371981251,"activity":0.01570705808080808,"bolusiob":0.004074357112499816}
