{"iob":0.30700439304533333,"activity":0.00220358024691358,"bolusiob":0.01395511111111114}
