{"iob":0.3570650042819682,"activity":0.015004832186948851,"bolusiob":0}
