{"iob":-0.0487894865,"activity":-0.00011666666666666665,"bolusiob":0}
