{"iob":-0.04834618686419753,"activity":-0.000104320987654321,"bolusiob":0}
