{"iob":1.6356517894777776,"activity":0.0021401234567901234,"bolusiob":1.74802784256}
