{"iob":-0.1466628595722977,"activity":-0.0003143211111111111,"bolusiob":0}
