{"iob":0.21231138550944448,"activity":-0.0041062610229276875,"bolusiob":0}
