{"iob":1.9239815550419754,"activity":0.004508641975308641,"bolusiob":1.725986237945679}
