{"iob":-0.24548764309125,"activity":-0.00032131944444444444,"bolusiob":0}
