{"iob":0.5270703202366668,"activity":0.012902186948853613,"bolusiob":0}
