{"iob":-0.3967470589580555,"activity":-0.000928059964726631,"bolusiob":0}
