{"iob":-0.22818785213333334,"activity":-0.0026023809523809524,"bolusiob":0}
