{"iob":0.16959853541793332,"activity":0.0020326985361552017,"bolusiob":0}
