{"iob":-0.1488211878788889,"activity":-0.000043553791887125326,"bolusiob":0}
