{"iob":0.010398763519999998,"activity":0.0024464646464646468,"bolusiob":0}
