{"iob":0.18885919283833308,"activity":0.01521067901234567,"bolusiob":0}
