{"iob":0.815732640050746,"activity":0.008679833288439956,"bolusiob":0.4073787424237037}
