{"iob":1.1138253867026933,"activity":0.009221587566137565,"bolusiob":0.5436726637111111}
