{"iob":-0.09340302578222223,"activity":-0.00040320987654320984,"bolusiob":0}
