{"iob":0.005950980785000004,"activity":0.005049595959595959,"bolusiob":0}
