{"iob":-0.0995380275377778,"activity":0.000029329805996472658,"bolusiob":0}
