{"iob":0.0064460166324213815,"activity":0.0011798939153439144,"bolusiob":0}
