{"iob":2.0091866928619155,"activity":0.020633880194003522,"bolusiob":1.03943811616}
