{"iob":1.2022771115833335,"activity":0.005681075837742502,"bolusiob":0.72652212224}
