{"iob":-0.09901617733423534,"activity":-0.00002605449735449772,"bolusiob":0}
