{"iob":0.19691556122074075,"activity":0.00024382716049382714,"bolusiob":0}
