{"iob":0.675673573017284,"activity":0.0013274074074074074,"bolusiob":0.2785513706666667}
