{"iob":1.0879253247174998,"activity":0.006214078282828283,"bolusiob":0.8631703508}
