{"iob":0.04998442673777778,"activity":0.0000054320987654320975,"bolusiob":0}
