{"iob":0.5648896947565257,"activity":0.0023459266666666662,"bolusiob":0}
