{"iob":-0.1468662182371028,"activity":0.008859252457912456,"bolusiob":0}
