{"iob":2.7354132390111117,"activity":0.01851850970017637,"bolusiob":2.087717503715556}
