{"iob":-0.049774856255000006,"activity":-0.00004878306878306862,"bolusiob":0}
