{"iob":-0.14809910522596884,"activity":-0.00018511719576719596,"bolusiob":0}
