{"iob":0.5922704676488889,"activity":0.007926172839506172,"bolusiob":0.15991301700000002}
