{"iob":0.0982896800488889,"activity":-0.00013638447971781297,"bolusiob":0}
