{"iob":2.04759553456,"activity":0.014020707070707069,"bolusiob":1.645813159205}
