{"iob":1.1758764378785185,"activity":0.0008985409652076318,"bolusiob":1.1305842962962962}
