{"iob":-0.04887797094444445,"activity":-0.00011172839506172839,"bolusiob":0}
