{"iob":-0.0978591978178125,"activity":-0.0001871875,"bolusiob":0}
