{"iob":0.29260410887901234,"activity":0.00046604938271604935,"bolusiob":0}
