{"iob":0.9281637660977778,"activity":0.019387425044091706,"bolusiob":0.15964323438666667}
