{"iob":-0.1949278064197531,"activity":-0.000308641975308642,"bolusiob":0}
