{"iob":0.10355553562,"activity":0.000764603174603175,"bolusiob":0}
