{"iob":-0.2656109902798681,"activity":-0.0026790675820707074,"bolusiob":0}
