{"iob":0.5364015832803659,"activity":0.012912609788359786,"bolusiob":0.0001237094400000416}
