{"iob":1.49282604746,"activity":0.008288024691358023,"bolusiob":1.1127359444444445}
