{"iob":0.48634276690430533,"activity":0.0053381481481481466,"bolusiob":0}
