{"iob":0.8803223470380247,"activity":0.006954320987654319,"bolusiob":0.32906584576000014}
