{"iob":0.28436998160009364,"activity":0.010512072469135802,"bolusiob":0.0010422013333332813}
