{"iob":0.9327467978666668,"activity":0.006306127946127947,"bolusiob":0.5673790866488888}
