{"iob":-0.005005112371111106,"activity":0.0011361728395061729,"bolusiob":0}
