{"iob":-0.15166552908269132,"activity":-0.00048114603174603387,"bolusiob":0}
