{"iob":0.7987633642722223,"activity":0.006607936507936505,"bolusiob":0.4551231121111111}
