{"iob":-0.09071938209555558,"activity":-0.0005598765432098766,"bolusiob":0}
