{"iob":0.6914001264671608,"activity":0.013457250280583614,"bolusiob":0}
