{"iob":0.2328695021953125,"activity":0.007399081439393939,"bolusiob":0.0012611285375000447}
