{"iob":0.23660093336875002,"activity":0.0007077083333333334,"bolusiob":0}
