{"iob":0.09968287936750003,"activity":0.005375435606060607,"bolusiob":0}
