{"iob":1.4210788522903706,"activity":0.010518148148148148,"bolusiob":0.7208854076800002}
