{"iob":0.319522234291111,"activity":0.003296825396825394,"bolusiob":0.15894989376}
