{"iob":0.37677638020722226,"activity":0.007086737213403879,"bolusiob":0}
