{"iob":0.02121024035777779,"activity":0.0027519921436588105,"bolusiob":0}
