{"iob":-0.19100258803888898,"activity":0.003965097001763667,"bolusiob":0}
