{"iob":2.877745591623889,"activity":0.024870476190476186,"bolusiob":1.7772938374888891}
