{"iob":-0.004030945961527772,"activity":0.000918447971781305,"bolusiob":0}
