{"iob":0.961033137254375,"activity":0.01871808080808081,"bolusiob":0.10577572257500001}
