{"iob":0.4176529562946667,"activity":0.0032304320987654313,"bolusiob":0}
