{"iob":0.35062260748888896,"activity":-0.000875714285714285,"bolusiob":0}
