{"iob":-0.060322214159375005,"activity":-0.0027754229797979798,"bolusiob":0}
