{"iob":1.4906996888099997,"activity":0.006889602272727271,"bolusiob":1.1909804622500002}
