{"iob":1.4923913287187498,"activity":0.012383200757575756,"bolusiob":0.89085798266}
