{"iob":0.15644854141722234,"activity":0.012892451499118166,"bolusiob":0}
