{"iob":1.4937696139488705,"activity":0.015405764356261021,"bolusiob":0.54599083792}
