{"iob":-0.22142368020295103,"activity":0.0018086594885361553,"bolusiob":0}
