{"iob":0.05072038981777778,"activity":0.0008994003527336868,"bolusiob":0}
