{"iob":0.26833519742640277,"activity":0.004464091181657848,"bolusiob":0}
