{"iob":0.9202578686270504,"activity":0.013362683175505048,"bolusiob":0.09295395199999994}
