{"iob":-0.20868778436875993,"activity":-0.004004162380952381,"bolusiob":0}
