{"iob":1.7988571514239065,"activity":0.0051378377525252514,"bolusiob":1.59305988928}
