{"iob":0.09253705411,"activity":0.0026435978835978834,"bolusiob":0}
