{"iob":0.09427546205530865,"activity":0.0002817901234567901,"bolusiob":0}
