{"iob":0.3352719120474074,"activity":-0.0003374747474747475,"bolusiob":0}
