{"iob":1.3424204350955555,"activity":0.004133386243386243,"bolusiob":1.2040658333333334}
