{"iob":-0.09480180759078763,"activity":0.00800629138047138,"bolusiob":0}
