{"iob":-0.2341223072361111,"activity":-0.000846331569664903,"bolusiob":0}
