{"iob":0.8315833611400002,"activity":0.016276136363636368,"bolusiob":0.006130516920000062}
