{"iob":0.30326990032777795,"activity":0.006652698412698413,"bolusiob":0.4876912376}
