{"iob":-0.09970658219555556,"activity":-0.00001744268077601406,"bolusiob":0}
