{"iob":0.04976386588444445,"activity":0.00004345679012345678,"bolusiob":0}
