{"iob":-0.23666727241000002,"activity":-0.001939993686868687,"bolusiob":0}
