{"iob":0.9397648476898769,"activity":0.014246296296296292,"bolusiob":0.08669758030222226}
