{"iob":1.0413795022222223,"activity":0.013418967452300786,"bolusiob":0.2949238311111111}
