{"iob":-0.03489894016000001,"activity":-0.0003411111111111111,"bolusiob":0}
