{"iob":0.15061420480691104,"activity":0.0011531570899470896,"bolusiob":0}
