{"iob":0.1157523548763873,"activity":-0.0005815340211640209,"bolusiob":0}
