{"iob":0.42816737176888886,"activity":0.007557710437710436,"bolusiob":0.041666582613333336}
