{"iob":0.27318410388555564,"activity":0.006823260381593716,"bolusiob":0}
