{"iob":-0.226277676034375,"activity":0.0013144507575757575,"bolusiob":0}
