{"iob":0.22118475149531247,"activity":0.007291505681818181,"bolusiob":0.00035522753750000247}
