{"iob":-0.16119829985593753,"activity":0.00006635732323232287,"bolusiob":0}
