{"iob":0.14749222189037037,"activity":0.0001725925925925926,"bolusiob":0}
