{"iob":-0.23745051391555558,"activity":-0.002401507936507936,"bolusiob":0}
