{"iob":-0.18547103649166669,"activity":-0.0007350440917107584,"bolusiob":0}
