{"iob":2.067248908197891,"activity":0.028445422979797977,"bolusiob":0.3229955456}
