{"iob":0.48294884632624996,"activity":0.01180316919191919,"bolusiob":0}
