{"iob":-0.13136251121069445,"activity":0.0006604673721340391,"bolusiob":0}
