{"iob":-0.020058156506666674,"activity":-0.0007268783068783066,"bolusiob":0}
