{"iob":1.401458301005556,"activity":-0.0006949382716049381,"bolusiob":1.28063230256}
