{"iob":-0.14523216497234376,"activity":-0.0003198263888888889,"bolusiob":0}
