{"iob":2.3283034249777774,"activity":0.017338835978835978,"bolusiob":1.3629165000533334}
