{"iob":0.3163290413072222,"activity":0.0023730511463844793,"bolusiob":0}
