{"iob":0.07794908068125012,"activity":0.00937294506172839,"bolusiob":0}
