{"iob":-0.0016296962844444486,"activity":-0.00022076318742985407,"bolusiob":0}
