{"iob":0.8217448744066667,"activity":0.010335925925925924,"bolusiob":0.23459199999999994}
