{"iob":-0.29035274159125,"activity":-0.0005574305555555556,"bolusiob":0}
