{"iob":-0.049783940093333326,"activity":-0.00005109347442680768,"bolusiob":0}
