{"iob":0.16381366806666675,"activity":0.005450934744268075,"bolusiob":0}
