{"iob":1.006177780265625,"activity":0.012822796717171717,"bolusiob":0.1445018952274999}
