{"iob":0.13518837215209878,"activity":0.008137194163860832,"bolusiob":0}
