{"iob":-0.17340862105375,"activity":-0.0033991919191919194,"bolusiob":0}
