{"iob":-0.11552652161928112,"activity":0.005630541710758378,"bolusiob":0}
