{"iob":1.954292820237299,"activity":0.012191710493827158,"bolusiob":1.32275212412}
