{"iob":1.4116223064351563,"activity":0.004339965277777775,"bolusiob":1.2966304552399999}
