{"iob":-0.21561442937944447,"activity":-0.002332821869488536,"bolusiob":0}
