{"iob":2.004740091755431,"activity":0.0206931208305275,"bolusiob":0.41558226399999987}
