{"iob":0.022266836102642767,"activity":0.004127651325757577,"bolusiob":0}
