{"iob":0.10980419599124999,"activity":-0.00030880952380952386,"bolusiob":0}
