{"iob":-0.09710797916666666,"activity":0.0005325749559082889,"bolusiob":0}
