{"iob":0.7714933706365625,"activity":0.012546303661616161,"bolusiob":0}
