{"iob":3.2089314198983336,"activity":0.004188227513227512,"bolusiob":3.0055018362133334}
