{"iob":1.2659660460924997,"activity":0.012020151515151515,"bolusiob":0.3880096683750001}
