{"iob":2.5863063587468753,"activity":0.030789892676767676,"bolusiob":1.1704444358024997}
