{"iob":0.4222735165505846,"activity":0.007699929735449735,"bolusiob":0}
