{"iob":-0.047561958550123476,"activity":0.0007328843995510662,"bolusiob":0}
