{"iob":2.213294145083333,"activity":0.009947266313932978,"bolusiob":1.831738922666667}
