{"iob":-0.2887810231856533,"activity":-0.00304315708994709,"bolusiob":0}
