{"iob":-0.04321157094111111,"activity":0.0003526807760141094,"bolusiob":0}
