{"iob":0.5040653900142236,"activity":0.00397957746031746,"bolusiob":0}
