{"iob":-0.03668259137333333,"activity":0.0007479012345679008,"bolusiob":0}
