{"iob":-0.04976489786,"activity":-0.00004333333333333333,"bolusiob":0}
