{"iob":2.7318521620693748,"activity":0.030101641414141414,"bolusiob":1.078080356725}
