{"iob":-0.0497652413945679,"activity":-0.00003246913580246914,"bolusiob":0}
