{"iob":-0.20483055021111113,"activity":-0.003792751322751322,"bolusiob":0}
