{"iob":3.477396843136323,"activity":0.025935628226010102,"bolusiob":1.6824808028249998}
