{"iob":0.191690475901111,"activity":0.006097583774250439,"bolusiob":0}
