{"iob":0.09893328938333334,"activity":0.000003633156966490428,"bolusiob":0}
