{"iob":0.019368116593000646,"activity":-0.0016171601234567898,"bolusiob":0}
