{"iob":1.9781143156331251,"activity":0.014656717171717171,"bolusiob":0.9599453612200001}
