{"iob":-0.0006760361293749962,"activity":-0.0003663510101010101,"bolusiob":0}
