{"iob":0.10992158917555558,"activity":0.0040668630751964086,"bolusiob":0}
