{"iob":0.6010393585876543,"activity":0.0032006172839506167,"bolusiob":0.2368654487111112}
