{"iob":0.1350696357059375,"activity":-0.0007271969696969698,"bolusiob":0}
