{"iob":0.17726646086500003,"activity":0.00697217803030303,"bolusiob":0}
