{"iob":0.047338933993888895,"activity":0.00020981481481481478,"bolusiob":0}
