{"iob":-0.04971529718444445,"activity":-0.000049012345679012336,"bolusiob":0}
