{"iob":1.9993521462666668,"activity":0.031638641975308614,"bolusiob":0.3490076422}
