{"iob":0.7815628578749643,"activity":0.013598844791666667,"bolusiob":0.03061047681999995}
