{"iob":0.9216097918857403,"activity":0.016247420928030297,"bolusiob":0.0013680000000000359}
