{"iob":0.047122670037777786,"activity":0.00018876543209876543,"bolusiob":0}
