{"iob":1.0945434996599996,"activity":0.007358765432098757,"bolusiob":0.63919371776}
