{"iob":0.6320890032592592,"activity":0.004639124579124579,"bolusiob":0.33592639851851847}
