{"iob":0.08184656412444441,"activity":0.011511739618406285,"bolusiob":0}
