{"iob":0.6437988391757172,"activity":0.0047377795061728355,"bolusiob":0}
