{"iob":0.36237165779875,"activity":0.01317518308080808,"bolusiob":0}
