{"iob":-0.0876905178638889,"activity":-0.0005543386243386242,"bolusiob":0}
