{"iob":1.2348547192855557,"activity":0.005223403880070545,"bolusiob":0.7668948662044445}
