{"iob":0.7304280677978128,"activity":0.003948604797979798,"bolusiob":0.48293000456250007}
