{"iob":0.11426150331944446,"activity":0.00217042328042328,"bolusiob":0}
