{"iob":-0.01640399066777777,"activity":-0.004374567901234567,"bolusiob":0}
