{"iob":1.3733306258624731,"activity":0.010781393791887124,"bolusiob":0.7358452067555555}
