{"iob":0.03538480204166672,"activity":0.003059391534391534,"bolusiob":0.02148803804}
