{"iob":0.07826161809999999,"activity":-0.0013153086419753087,"bolusiob":0}
