{"iob":1.5662521108272223,"activity":0.0034115432098765423,"bolusiob":1.4002415261333332}
