{"iob":0.42850745031875004,"activity":0.00586352904040404,"bolusiob":0.034936875322499984}
