{"iob":2.9842501868755558,"activity":0.014765934744268076,"bolusiob":2.301310687586667}
