{"iob":1.91695522541,"activity":0.024409047619047615,"bolusiob":0.7130803760666666}
