{"iob":0.7762386535138889,"activity":0.0018064814814814814,"bolusiob":0}
