{"iob":2.4524533740940537,"activity":0.0072406176543209876,"bolusiob":1.912673070763457}
