{"iob":-0.19403773139000002,"activity":-0.0003713888888888889,"bolusiob":0}
