{"iob":-0.1470331083940498,"activity":-0.0012980477954144631,"bolusiob":0}
