{"iob":1.1157485568079013,"activity":0.009354006734006732,"bolusiob":0.481632772831605}
