{"iob":-0.1903579701977778,"activity":-0.0005186067019400354,"bolusiob":0}
