{"iob":0.01941379344444443,"activity":-0.001174320987654321,"bolusiob":0}
