{"iob":-0.09944192700839508,"activity":-0.00005580246913580248,"bolusiob":0}
