{"iob":-0.09539045339654321,"activity":-0.00022765432098765433,"bolusiob":0}
