{"iob":0.25646589740246906,"activity":0.014295937149270483,"bolusiob":0}
