{"iob":-0.03416209966777782,"activity":-0.00464537918871252,"bolusiob":0}
