{"iob":0.010340688804374998,"activity":0.0005374368686868686,"bolusiob":0}
