{"iob":0.08324457504777782,"activity":0.002437619047619046,"bolusiob":0}
