{"iob":-0.048686006000000004,"activity":-0.00012222222222222221,"bolusiob":0}
