{"iob":-0.09976417352222222,"activity":-0.00004604938271604938,"bolusiob":0}
