{"iob":1.9791729831051388,"activity":0.007818721340388005,"bolusiob":1.5755236449688887}
