{"iob":-0.008962642951111113,"activity":-0.0003049382716049383,"bolusiob":0}
