{"iob":0.592391721856875,"activity":0.010906193181818182,"bolusiob":0.1022066927225}
