{"iob":0.8024335611755555,"activity":0.007285061728395061,"bolusiob":0.28967283552}
