{"iob":0.0038818631466662756,"activity":0.006627609427609429,"bolusiob":0}
