{"iob":-0.049616726285,"activity":-0.000044305555555555556,"bolusiob":0}
