{"iob":0.8497772885997865,"activity":0.009660123580246913,"bolusiob":0.19143804680000004}
