{"iob":-0.06057697536000002,"activity":-0.0011333333333333334,"bolusiob":0}
