{"iob":1.4230783789066668,"activity":0.010998024691358023,"bolusiob":0.5626299728000002}
