{"iob":-0.08369985533333334,"activity":-0.0012990299823633156,"bolusiob":0}
