{"iob":2.4440900124375,"activity":0.011034999999999998,"bolusiob":1.542516761765}
