{"iob":-0.1966267167844445,"activity":-0.00032086419753086414,"bolusiob":0}
