{"iob":-0.09928397050000001,"activity":-0.00010851851851851851,"bolusiob":0}
