{"iob":0.8602069390301232,"activity":0.011082895622895626,"bolusiob":0.6782472146488889}
