{"iob":-0.040748080637777795,"activity":0.0006482716049382713,"bolusiob":0}
