{"iob":1.9064188737814787,"activity":0.01574924310886644,"bolusiob":0.6915557442488891}
