{"iob":1.4759585882555428,"activity":0.015465785485008817,"bolusiob":0.40414173301333334}
