{"iob":1.6858604922822222,"activity":0.02953467372134038,"bolusiob":0.3693491769333334}
