{"iob":0.46269986299077787,"activity":0.006834082892416223,"bolusiob":0.06569964266666665}
