{"iob":0.764196512500625,"activity":0.008151666666666663,"bolusiob":0.12926135801250002}
