{"iob":0.9197056882172839,"activity":0.001988765432098765,"bolusiob":0.9824963160493829}
