{"iob":2.4728326736531248,"activity":0.03151772727272727,"bolusiob":0.8829935394225}
