{"iob":-0.2071189744468056,"activity":0.0005493386243386243,"bolusiob":0}
