{"iob":0.34370715230347226,"activity":0.00421410934744268,"bolusiob":0}
