{"iob":-0.02114684186562185,"activity":0.004916734567901232,"bolusiob":0}
