{"iob":-0.023022579507222238,"activity":0.00037721340388006995,"bolusiob":0}
