{"iob":0.9278503328999999,"activity":0.008191900252525253,"bolusiob":0.399307562675}
