{"iob":0.09887594483358025,"activity":0.0000906172839506173,"bolusiob":0}
