{"iob":0.7466332485850004,"activity":0.022366455026455023,"bolusiob":0}
