{"iob":-0.220359538269375,"activity":0.0013667866161616161,"bolusiob":0}
