{"iob":1.0697093041605557,"activity":0.015263395061728392,"bolusiob":0.19743272780000015}
