{"iob":0.04187038601555555,"activity":-0.0015220282186948853,"bolusiob":0}
