{"iob":0.6935249223283333,"activity":0.021679329805996468,"bolusiob":0}
