{"iob":1.1833090170492513,"activity":0.011215903033509698,"bolusiob":0.5270855787911111}
