{"iob":1.4229363131130501,"activity":0.006586564962121213,"bolusiob":1.062695908}
