{"iob":1.1692266544752774,"activity":0.016698500881834208,"bolusiob":0.3121659669333332}
