{"iob":-0.013550639555555558,"activity":-0.00033866442199775534,"bolusiob":0}
