{"iob":1.8213395475500003,"activity":0.01182142857142857,"bolusiob":0.9511523888000001}
