{"iob":0.07466559210858659,"activity":-0.0015587829453262785,"bolusiob":0}
