{"iob":-0.20463825132718752,"activity":-0.002419494949494949,"bolusiob":0}
