{"iob":-0.09973879803555556,"activity":-0.00005061728395061728,"bolusiob":0}
