{"iob":2.8810457641722222,"activity":0.029731031746031734,"bolusiob":1.131942354}
