{"iob":-0.10564992525666667,"activity":-0.001096463844797178,"bolusiob":0}
