{"iob":0.05297825474750001,"activity":0.0013539772727272728,"bolusiob":0}
