{"iob":0.03734506542999999,"activity":-0.001858737373737374,"bolusiob":0}
