{"iob":0.03557807373432104,"activity":0.005472581369248035,"bolusiob":0}
