{"iob":1.3223773412796875,"activity":0.020853541666666666,"bolusiob":0.5257672162125}
