{"iob":0.9456026513266668,"activity":0.01962550264550264,"bolusiob":0.0858508646933333}
