{"iob":-0.16162937598561328,"activity":0.003443042204585537,"bolusiob":0}
