{"iob":-0.04460396650000001,"activity":-0.0002648148148148148,"bolusiob":0}
