{"iob":-0.0694333644632098,"activity":0.0019897474747474753,"bolusiob":0}
