{"iob":2.337729674967222,"activity":0.02748761904761904,"bolusiob":1.2948644394844444}
