{"iob":-0.177895920263,"activity":-0.004490626102292768,"bolusiob":0}
