{"iob":0.07832348379625001,"activity":-0.00029203282828282813,"bolusiob":0}
