{"iob":-0.016184810951111118,"activity":-0.0003554433221099888,"bolusiob":0}
