{"iob":-0.029313582514567924,"activity":0.0026329068462401795,"bolusiob":0}
