{"iob":0.608205811555625,"activity":0.0034314078282828278,"bolusiob":0.44568540582000005}
