{"iob":0.5685539067358025,"activity":0.0037191358024691356,"bolusiob":0.1747938220444445}
