{"iob":1.240652020783801,"activity":0.007845344532627864,"bolusiob":0.5631560992711112}
