{"iob":-0.01563317111158332,"activity":0.003819973544973545,"bolusiob":0}
