{"iob":0.04841452019135103,"activity":-0.0015645531746031741,"bolusiob":0}
