{"iob":-0.06563993644,"activity":-0.0017111111111111107,"bolusiob":0}
