{"iob":-0.04999103723456791,"activity":-0.000002469135802469136,"bolusiob":0}
