{"iob":-0.09990495478125001,"activity":-0.000018402777777777778,"bolusiob":0}
