{"iob":0.14731934420666667,"activity":0.00026111111111111105,"bolusiob":0}
