{"iob":-0.051060781348084616,"activity":-0.001080650220959596,"bolusiob":0}
