{"iob":0.04096371428345679,"activity":0.0002608641975308642,"bolusiob":0}
