{"iob":1.0533145739693828,"activity":0.0035690123456790118,"bolusiob":0.3384578464474074}
