{"iob":-0.06357133657625001,"activity":0.004800700757575756,"bolusiob":0}
