{"iob":0.4883965337488891,"activity":0.015489726631393294,"bolusiob":0}
