{"iob":0.8118125483662499,"activity":0.018143857323232322,"bolusiob":0.0022761939199998694}
