{"iob":0.5319969840622222,"activity":0.0024446296296296295,"bolusiob":0.2854744534123457}
