{"iob":0.09917635062569444,"activity":0.007162865961199294,"bolusiob":0}
