{"iob":1.6989105404222222,"activity":0.00038765432098765423,"bolusiob":1.7961916953600001}
