{"iob":-0.09911087903604937,"activity":-0.00007901234567901235,"bolusiob":0}
