{"iob":-0.00035033593749999036,"activity":-0.00034722222222222224,"bolusiob":0}
