{"iob":1.5697179953179157,"activity":0.02124298072310405,"bolusiob":0.5626637328}
