{"iob":0.3359413448777777,"activity":0.003565767195767195,"bolusiob":0.19144862522666664}
