{"iob":0.9792549002265625,"activity":0.0063391351010101,"bolusiob":0.627827117955}
