{"iob":0.06926906312111103,"activity":0.010235273368606695,"bolusiob":0}
