{"iob":-0.21982104178722223,"activity":0.0013516666666666672,"bolusiob":0}
