{"iob":-0.047119214,"activity":-0.00018888888888888886,"bolusiob":0}
