{"iob":0.8246048235000001,"activity":0.018206349206349205,"bolusiob":0.006717234000000016}
