{"iob":2.004117449804717,"activity":0.009926535132275129,"bolusiob":1.090497414808889}
