{"iob":-0.05898871072790124,"activity":0.0016182716049382715,"bolusiob":0}
