{"iob":-0.024460685617777783,"activity":-0.0004007295173961841,"bolusiob":0}
