{"iob":-0.09140845523555559,"activity":0.0009816931216931205,"bolusiob":0}
