{"iob":-0.04544822116345679,"activity":-0.00018135802469135804,"bolusiob":0}
