{"iob":0.0986147605888889,"activity":0.00015469135802469134,"bolusiob":0}
