{"iob":0.9943849999825001,"activity":0.02054296717171717,"bolusiob":0.06414882279749995}
