{"iob":0.5351455163955555,"activity":0.012268289241622573,"bolusiob":0.012142283999999925}
