{"iob":0.6928056539131252,"activity":0.01783881313131313,"bolusiob":0.0180414425749999}
