{"iob":1.7464420761771873,"activity":0.010201448863636362,"bolusiob":1.5736651446600003}
