{"iob":0.06953157583711203,"activity":0.003052802645502644,"bolusiob":0}
