{"iob":0.924651347536875,"activity":0.011022708333333332,"bolusiob":0.46441880891}
