{"iob":0.08383979228656253,"activity":0.004360991161616161,"bolusiob":0}
