{"iob":0.20365172634000006,"activity":0.009030634920634918,"bolusiob":0}
