{"iob":0.071669412001875,"activity":0.004737310606060607,"bolusiob":0}
