{"iob":0.6473680319008333,"activity":0.003687345679012343,"bolusiob":0}
