{"iob":-0.06874046978250004,"activity":0.003713251262626265,"bolusiob":0}
