{"iob":-0.09860165128691359,"activity":-0.00012271604938271605,"bolusiob":0}
