{"iob":1.573747295430625,"activity":0.024105542929292928,"bolusiob":0.2962670641775}
