{"iob":-0.2856439916575,"activity":-0.0006406944444444444,"bolusiob":0}
