{"iob":-0.0929871244966667,"activity":-0.0008095238095238096,"bolusiob":0}
