{"iob":0.8739529469319822,"activity":0.010778497495590827,"bolusiob":0}
