{"iob":-0.17076993666625,"activity":-0.0010086805555555556,"bolusiob":0}
