{"iob":-0.049640300444444445,"activity":-0.00004259259259259259,"bolusiob":0}
