{"iob":-0.14274668653827163,"activity":0.0020592368125701456,"bolusiob":0}
