{"iob":-0.04997059847111111,"activity":-0.000007037037037037037,"bolusiob":0}
