{"iob":-0.0486155106953125,"activity":0.00016454545454545457,"bolusiob":0}
