{"iob":1.1639044275350126,"activity":0.006523512906846239,"bolusiob":0.4466068418488889}
