{"iob":0.40853407019999977,"activity":0.019847853535353534,"bolusiob":0}
