{"iob":1.22037276197375,"activity":0.013156382575757576,"bolusiob":0.6362036948375001}
