{"iob":1.4386059956338888,"activity":0.008156234567901233,"bolusiob":0.9546497088}
