{"iob":0.22991758541097226,"activity":0.0010727248677248676,"bolusiob":0}
