{"iob":0.26219684474666677,"activity":0.011240740740740742,"bolusiob":0}
