{"iob":-0.1096151224646875,"activity":-0.0018117108585858587,"bolusiob":0}
