{"iob":0.1970861934295626,"activity":0.008706597222222221,"bolusiob":0}
