{"iob":-0.09555322350444445,"activity":-0.00032358024691358026,"bolusiob":0}
