{"iob":0.8489029164462499,"activity":0.022237039141414148,"bolusiob":0}
