{"iob":-0.0486324372578125,"activity":0.0001342424242424243,"bolusiob":0}
