{"iob":-0.023373147841111178,"activity":0.004364021164021164,"bolusiob":0}
