{"iob":-0.12319844898928026,"activity":-0.0014628568783068782,"bolusiob":0}
