{"iob":0.09964448184888888,"activity":0.00006123456790123456,"bolusiob":0}
