{"iob":-0.04998561510444444,"activity":-0.000005061728395061728,"bolusiob":0}
