{"iob":-0.023311814908088965,"activity":-0.0059525748324515,"bolusiob":0}
