{"iob":-0.07979018197366214,"activity":0.00014082880070546728,"bolusiob":0}
