{"iob":2.012570350962706,"activity":0.010812733421516752,"bolusiob":1.5182811899155557}
