{"iob":0.7169849731537501,"activity":0.021333428030303032,"bolusiob":0}
