{"iob":0.04360497642666673,"activity":0.00616902356902357,"bolusiob":0}
