{"iob":1.8507017940563948,"activity":0.010631105309343435,"bolusiob":0.9724186302}
