{"iob":-0.12857485942833335,"activity":-0.0007527777777777777,"bolusiob":0}
