{"iob":0.9721472491685414,"activity":0.01731104938271605,"bolusiob":0.10383791615999986}
