{"iob":0.04600780796500001,"activity":0.0001690277777777778,"bolusiob":0}
