{"iob":0.694279699788125,"activity":0.01894526515151515,"bolusiob":-0.0002108437500002447}
