{"iob":1.703127633191111,"activity":0.014654579124579122,"bolusiob":0.5192483483733336}
