{"iob":1.7645282760691359,"activity":0.004925925925925925,"bolusiob":1.4226697600790126}
