{"iob":0.6285807548828969,"activity":0.0029337210758377417,"bolusiob":0.6483240555555555}
