{"iob":0.10532612700088895,"activity":0.004701964085297419,"bolusiob":0}
