{"iob":0.4211331239984374,"activity":0.017248046085858584,"bolusiob":0.05354271115000003}
