{"iob":-0.14812990596000003,"activity":-0.00022716049382716047,"bolusiob":0}
