{"iob":0.49055817265000007,"activity":0.01549005291005291,"bolusiob":0.0031753733333332868}
