{"iob":-0.09976968116444446,"activity":-0.000045679012345679005,"bolusiob":0}
