{"iob":0.011848654791805552,"activity":0.00010900352733686062,"bolusiob":0}
