{"iob":2.4589183610775,"activity":0.022144027777777776,"bolusiob":1.4365185565625}
