{"iob":2.9787554597063592,"activity":0.017232494292929293,"bolusiob":1.5165938306000002}
