{"iob":-0.043094586500000004,"activity":-0.0003018518518518518,"bolusiob":0}
