{"iob":0.641477594152366,"activity":0.01409779497354497,"bolusiob":0.01459395583999994}
