{"iob":3.242924532694063,"activity":0.023926660353535356,"bolusiob":1.957689111985}
