{"iob":0.727080954776007,"activity":0.014591955820105817,"bolusiob":0.03967153663999987}
