{"iob":-0.042656665769444435,"activity":0.0015624250440917104,"bolusiob":0}
