{"iob":1.9839745963150004,"activity":0.013209082892416221,"bolusiob":1.360627968}
