{"iob":1.4466088234375,"activity":0.0058986111111111105,"bolusiob":1.05676904564}
