{"iob":0.3451669891160494,"activity":0.007877777777777777,"bolusiob":0.06111370204444444}
