{"iob":1.409599622796667,"activity":0.020843527336860672,"bolusiob":0.34531660548000015}
