{"iob":-0.20404842270611112,"activity":-0.00237673721340388,"bolusiob":0}
