{"iob":0.152753804651212,"activity":-0.0013730597001763672,"bolusiob":0}
