{"iob":0.6166846551498946,"activity":0.020399929188712515,"bolusiob":0}
