{"iob":-0.04996222577111111,"activity":-0.000023280423280423326,"bolusiob":0}
