{"iob":1.4994245526644445,"activity":0.007501358024691358,"bolusiob":1.0409486913200001}
