{"iob":-0.0993968138888889,"activity":-0.0000802469135802469,"bolusiob":0}
