{"iob":1.0762760878544448,"activity":0.023540846560846554,"bolusiob":0.1386434221200001}
