{"iob":0.9640531846712497,"activity":0.023574242424242425,"bolusiob":0.5529677655}
