{"iob":1.561794015455,"activity":0.018198737373737374,"bolusiob":0.4151071819800001}
