{"iob":-0.09895046414055557,"activity":-0.0001380864197530864,"bolusiob":0}
