{"iob":1.3186042712666666,"activity":0.013612751322751322,"bolusiob":0.5188725437333334}
