{"iob":0.7243750326004939,"activity":0.013708866442199779,"bolusiob":0}
