{"iob":0.774436993003125,"activity":0.009295915404040404,"bolusiob":0.09136768700000003}
