{"iob":1.281357063981111,"activity":0.024778888888888885,"bolusiob":0.18721562547999998}
