{"iob":-0.15671391730166667,"activity":0.0008081305114638448,"bolusiob":0}
