{"iob":0.2786556709275002,"activity":0.013195353535353537,"bolusiob":0}
