{"iob":0.7859864403350001,"activity":0.007813882575757575,"bolusiob":0.15355837545000003}
