{"iob":-0.09720472198320987,"activity":-0.0001825925925925926,"bolusiob":0}
