{"iob":-0.09530002503802469,"activity":-0.0002509259259259259,"bolusiob":0}
