{"iob":-0.28383043260444446,"activity":-0.0016776366843033502,"bolusiob":0}
