{"iob":-0.047198182251111116,"activity":-0.00018604938271604937,"bolusiob":0}
