{"iob":0.21683470629648438,"activity":-0.002198424873737374,"bolusiob":0}
