{"iob":1.4398007415775,"activity":0.014272487373737375,"bolusiob":0.41561197860250004}
