{"iob":-0.04857591900444445,"activity":-0.00009592592592592593,"bolusiob":0}
