{"iob":0.11210055541234573,"activity":0.004257222222222223,"bolusiob":0}
