{"iob":-0.029269363843651815,"activity":-0.002284470987654321,"bolusiob":0}
