{"iob":0.05398523364666652,"activity":0.004297001763668429,"bolusiob":0}
