{"iob":-0.09977112881111112,"activity":-0.00004456790123456789,"bolusiob":0}
