{"iob":1.7187252321400002,"activity":0.012528838383838383,"bolusiob":0.6315581465600002}
