{"iob":-0.16445654063333334,"activity":-0.0021865432098765432,"bolusiob":0}
