{"iob":0.11914495493837085,"activity":-0.001501622310405643,"bolusiob":0}
