{"iob":-0.09742250620839507,"activity":-0.0001780246913580247,"bolusiob":0}
