{"iob":-0.006159802406666659,"activity":-0.0005340388007054669,"bolusiob":0}
