{"iob":1.2882909490171501,"activity":0.003486319375,"bolusiob":1.1903227278}
