{"iob":0.5177527881925,"activity":0.008742260101010101,"bolusiob":0.09379793078999997}
