{"iob":0.16677537815888893,"activity":0.0016046913580246903,"bolusiob":0}
