{"iob":0.049172638579591366,"activity":0.00038309147025813686,"bolusiob":0}
