{"iob":0.8486269813491358,"activity":0.014581526374859707,"bolusiob":0.1723277773155556}
