{"iob":3.0413211414616668,"activity":0.019088580246913574,"bolusiob":1.9902163407555558}
