{"iob":1.3098096537382806,"activity":0.012209947632575754,"bolusiob":0.59837086968}
