{"iob":-0.08258437825179901,"activity":-0.0025036331393298063,"bolusiob":0}
