{"iob":-0.09491825094833331,"activity":-0.0025565961199294526,"bolusiob":0}
