{"iob":-0.15442312293833332,"activity":-0.0007586243386243384,"bolusiob":0}
