{"iob":0.038408548523543744,"activity":0.007091710317460317,"bolusiob":0}
