{"iob":1.486257456102222,"activity":0.012555802469135798,"bolusiob":0.7761121276800002}
