{"iob":-0.09234440594555557,"activity":0.0006097001763668424,"bolusiob":0}
