{"iob":0.34188131927593757,"activity":0.010136253156565656,"bolusiob":0}
