{"iob":1.9684861757109693,"activity":0.008253068693181818,"bolusiob":1.26068356455}
