{"iob":1.3856388772350001,"activity":0.03553859788359788,"bolusiob":0.04246135570666665}
