{"iob":-0.09583361527555556,"activity":-0.000308395061728395,"bolusiob":0}
