{"iob":0.2782493888925,"activity":0.006799842171717171,"bolusiob":-0.00006270024000007979}
