{"iob":0.45186005679772234,"activity":0.003173262786596118,"bolusiob":0}
