{"iob":0.48895166752375013,"activity":0.013043232323232323,"bolusiob":0.07033795072000003}
