{"iob":0.153356720129375,"activity":0.002873541666666667,"bolusiob":0}
