{"iob":-0.15018425692,"activity":-0.0017230158730158723,"bolusiob":0}
