{"iob":-0.042815590302222206,"activity":0.002179074074074074,"bolusiob":0}
