{"iob":0.04810328860444445,"activity":0.00011259259259259259,"bolusiob":0}
