{"iob":-0.1693905489825,"activity":0.00039217171717171744,"bolusiob":0}
