{"iob":1.0221691360305558,"activity":0.020278253968253966,"bolusiob":0.0401047009066666}
