{"iob":1.5710283862005552,"activity":0.019192089947089944,"bolusiob":0.8249699999999999}
