{"iob":0.006138401660857891,"activity":0.005079047495590829,"bolusiob":0}
