{"iob":0.5101471981338886,"activity":0.009939029982363314,"bolusiob":0.11967755803999999}
