{"iob":0.9958514432727781,"activity":0.02385247795414462,"bolusiob":0.00748087551999994}
