{"iob":0.21548341874172885,"activity":0.01265507295173962,"bolusiob":0}
