{"iob":-0.1148775980046875,"activity":-0.0016941603535353534,"bolusiob":0}
