{"iob":1.3700638064533708,"activity":0.019741437328843994,"bolusiob":0.11405743125333331}
