{"iob":0.6507835368022222,"activity":0.012681781305114636,"bolusiob":0.17521751415999998}
