{"iob":-0.11592041331750003,"activity":-0.002618497474747475,"bolusiob":0}
