{"iob":0.573858711282179,"activity":0.0020140748148148153,"bolusiob":0}
