{"iob":-0.016433146975555563,"activity":-0.001636049382716049,"bolusiob":0}
