{"iob":0.2648985315605325,"activity":0.004037836190476187,"bolusiob":0}
