{"iob":-0.19416012544,"activity":-0.00034222222222222217,"bolusiob":0}
