{"iob":0.09977326478444445,"activity":0.00004530864197530864,"bolusiob":0}
