{"iob":1.0823322375700002,"activity":0.022505202821869488,"bolusiob":0.006987768959999985}
