{"iob":3.608634866360228,"activity":0.023944182518939396,"bolusiob":1.82135382705}
