{"iob":0.17343852753937497,"activity":0.007872815656565656,"bolusiob":0}
