{"iob":0.027307632995555546,"activity":-0.0008158024691358023,"bolusiob":0}
