{"iob":2.1469327594744443,"activity":0.0016744091710758373,"bolusiob":2.0846810461866667}
