{"iob":-0.14184659000078606,"activity":-0.00039530876543209876,"bolusiob":0}
