{"iob":1.634746110567394,"activity":0.013924179198232323,"bolusiob":0.8104621646}
