{"iob":0.17175710919350667,"activity":-0.0019712699647266314,"bolusiob":0.20785717285333338}
