{"iob":-0.07574020289250001,"activity":-0.001548314393939394,"bolusiob":0}
