{"iob":1.991740574450166,"activity":0.011323103791887121,"bolusiob":1.4475398361200005}
