{"iob":3.086501382673333,"activity":0.008276719576719577,"bolusiob":2.68111493376}
