{"iob":1.3628273831996895,"activity":0.013697708749999999,"bolusiob":0.46053490451}
