{"iob":0.3852406419946204,"activity":0.000803055763888889,"bolusiob":0}
