{"iob":1.6806726099272222,"activity":0.02098634038800705,"bolusiob":0.8134877276444443}
