{"iob":0.01547186556444444,"activity":0.0029072951739618413,"bolusiob":0}
