{"iob":-0.10305433849718751,"activity":-0.0003418308080808081,"bolusiob":0}
