{"iob":0.0030593473885006666,"activity":0.0010979234567901235,"bolusiob":0}
