{"iob":1.7403200876037817,"activity":0.0053110763888888895,"bolusiob":1.586071108}
