{"iob":-0.16991565170246725,"activity":-0.0007165516931216928,"bolusiob":0}
