{"iob":-0.04976283185111111,"activity":-0.000043580246913580246,"bolusiob":0}
