{"iob":0.010643674890000003,"activity":0.0008587301587301587,"bolusiob":0}
