{"iob":0.043270736802500015,"activity":-0.001010864898989899,"bolusiob":0}
