{"iob":0.810001572426875,"activity":0.012286470959595959,"bolusiob":0}
