{"iob":1.1137971199312688,"activity":0.020523322154882152,"bolusiob":0.1292205893333334}
