{"iob":-0.0517311526311111,"activity":-0.0002990652557319221,"bolusiob":0}
