{"iob":-0.19927764333083337,"activity":-0.0008164638447971777,"bolusiob":0}
