{"iob":0.3992474300344444,"activity":0.00451400352733686,"bolusiob":0}
