{"iob":-0.05821579158444444,"activity":-0.0007439858906525573,"bolusiob":0}
