{"iob":1.468913868560156,"activity":0.0024649652777777777,"bolusiob":1.55391770324}
