{"iob":1.3207622669917123,"activity":0.007645764027777777,"bolusiob":0.6070468216799999}
