{"iob":0.3929780668911112,"activity":0.0007092592592592591,"bolusiob":0}
