{"iob":2.20676340355192,"activity":0.02953322282196969,"bolusiob":0.6061108090125}
