{"iob":0.9804904891220412,"activity":0.010801666966490299,"bolusiob":0.3975296460088889}
