{"iob":0.9327625739851851,"activity":0.01306996632996633,"bolusiob":0.2795252318340741}
