{"iob":0.24121143381333343,"activity":0.004712380952380949,"bolusiob":0.4351001993777778}
