{"iob":1.02939162949,"activity":0.008041603535353535,"bolusiob":0.44936750703249995}
