{"iob":0.08332715171368846,"activity":0.006124466554433222,"bolusiob":0}
