{"iob":2.6173863424288886,"activity":0.009724788359788357,"bolusiob":2.156954790222222}
