{"iob":-0.019920925420555548,"activity":-0.0013556613756613755,"bolusiob":0}
