{"iob":-0.09555222663542265,"activity":-0.0028802735273368617,"bolusiob":0}
