{"iob":-0.0935647928377778,"activity":-0.0003976543209876543,"bolusiob":0}
