{"iob":2.0122187371365627,"activity":0.019093538510101007,"bolusiob":1.372987276125}
