{"iob":1.8517524011088886,"activity":0.006844567901234566,"bolusiob":1.5480607277688887}
