{"iob":0.08760856536500004,"activity":0.002331388888888889,"bolusiob":0}
