{"iob":0.14996207008555557,"activity":0.00017497354497354492,"bolusiob":0}
