{"iob":-0.07493181366125001,"activity":0.0034355113636363632,"bolusiob":0}
