{"iob":0.09960764222500001,"activity":0.000046805555555555556,"bolusiob":0}
