{"iob":0.04976592777777778,"activity":0.00004320987654320987,"bolusiob":0}
