{"iob":0.003768130810000013,"activity":0.0015315909090909093,"bolusiob":0.003930484239999999}
