{"iob":-0.09193984989875001,"activity":-0.0007676325757575758,"bolusiob":0}
