{"iob":-0.14814460158,"activity":-0.0002033333333333333,"bolusiob":0}
