{"iob":2.0550428346190626,"activity":0.018827528409090907,"bolusiob":1.46876011527}
