{"iob":-0.0512745166961111,"activity":-0.00022781305114638413,"bolusiob":0}
