{"iob":-0.001881279317500005,"activity":0.001552310606060606,"bolusiob":0}
