{"iob":1.744741365873889,"activity":0.0038455379188712512,"bolusiob":1.7650537984}
