{"iob":0.009969238491966601,"activity":0.001807864021164021,"bolusiob":0}
