{"iob":0.2967886819171875,"activity":0.00030052083333333336,"bolusiob":0}
