{"iob":0.13566469862666666,"activity":-0.001018765432098765,"bolusiob":0}
