{"iob":-0.049539664565,"activity":-0.00004958333333333334,"bolusiob":0}
