{"iob":0.8875538133515625,"activity":0.007126357323232323,"bolusiob":0.48516285163500006}
