{"iob":0.803821533965763,"activity":0.012699488800705467,"bolusiob":0.23073273108000003}
