{"iob":-0.0993790532088889,"activity":-0.00008246913580246912,"bolusiob":0}
