{"iob":1.3006341353777777,"activity":0.019274885361552023,"bolusiob":0.59408886048}
