{"iob":0.7702964114201312,"activity":0.003699166944444445,"bolusiob":0.09844520714999999}
