{"iob":-0.04997365312790124,"activity":-0.0000064197530864197525,"bolusiob":0}
