{"iob":1.098835004773125,"activity":0.012959659090909091,"bolusiob":0.393022006375}
