{"iob":1.5733926263168747,"activity":0.011583983585858586,"bolusiob":1.0880490313525}
