{"iob":2.3488418372899997,"activity":0.032198194444444446,"bolusiob":0.8029057685649998}
