{"iob":-0.03799405078218752,"activity":-0.0017468876262626263,"bolusiob":0}
