{"iob":-0.08538860558888889,"activity":-0.0005725925925925925,"bolusiob":0}
