{"iob":0.9597768155203126,"activity":0.005223611111111111,"bolusiob":0.532921108355}
