{"iob":0.9078514468582716,"activity":0.0020161728395061726,"bolusiob":0.46526388864}
