{"iob":0.8818420997043751,"activity":0.008809760101010101,"bolusiob":0.30599107253}
