{"iob":0.5698537714666667,"activity":0.0041520282186948846,"bolusiob":0.18487887306666673}
