{"iob":0.3520548450936962,"activity":0.00018141135802469128,"bolusiob":0}
