{"iob":0.049776113777777777,"activity":0.0000419753086419753,"bolusiob":0}
