{"iob":0.34324413468250004,"activity":0.011621571969696971,"bolusiob":0.01708060800000002}
