{"iob":0.22118554973406251,"activity":0.01090975378787879,"bolusiob":0}
