{"iob":2.1307509667841975,"activity":0.008378456790123456,"bolusiob":1.6234114831170372}
