{"iob":-0.09976939387722222,"activity":-0.00006888888888888892,"bolusiob":0}
