{"iob":0.2880031839755556,"activity":0.0035741975308641975,"bolusiob":0}
