{"iob":0.8445441547812346,"activity":0.006232480359147025,"bolusiob":0.10350398602666669}
