{"iob":-0.1319188015550063,"activity":-0.0006150618518518518,"bolusiob":0}
