{"iob":0.5238784211296375,"activity":0.0024261562081128746,"bolusiob":0}
