{"iob":0.902323754502443,"activity":0.013404435996472659,"bolusiob":0.12008649258666666}
