{"iob":-0.12771485411333333,"activity":0.0005678483245149913,"bolusiob":0}
