{"iob":-0.07857496444444445,"activity":-0.0017522446689113356,"bolusiob":0}
