{"iob":1.5753258907911112,"activity":0.019742716049382714,"bolusiob":0.4997172863288889}
