{"iob":-0.1491891018,"activity":-0.00011925925925925923,"bolusiob":0}
