{"iob":1.1133385571261112,"activity":0.026368950617283945,"bolusiob":0.012043608720000255}
