{"iob":0.30773514134093755,"activity":0.008741281565656563,"bolusiob":0.004712221125000004}
