{"iob":0.961637681145679,"activity":0.002067901234567901,"bolusiob":0.8603378356938272}
