{"iob":-0.19052459079333334,"activity":-0.0005729629629629628,"bolusiob":0}
