{"iob":-0.10377712960055555,"activity":-0.0010111552028218692,"bolusiob":0}
