{"iob":0.09822062386500001,"activity":0.0000784126984126984,"bolusiob":0}
