{"iob":0.35771473325777786,"activity":0.010155114638447971,"bolusiob":0}
