{"iob":0.2871826256716701,"activity":-0.0003865253791887125,"bolusiob":0}
