{"iob":1.0859544874536675,"activity":0.010738924779541447,"bolusiob":0.3031671973333334}
