{"iob":0.012831961692365307,"activity":-0.001716437125220458,"bolusiob":0}
