{"iob":1.0443742312428452,"activity":0.0032677166666666663,"bolusiob":0.2904002444266667}
