{"iob":0.4358936688193889,"activity":0.0031838800705467365,"bolusiob":0}
