{"iob":0.19120156538555555,"activity":0.000045837742504409216,"bolusiob":0}
