{"iob":1.0153973791794009,"activity":0.011876420370370368,"bolusiob":0.22346111744000005}
