{"iob":0.14698883011333336,"activity":0.00028851851851851846,"bolusiob":0}
