{"iob":-0.04998897539125,"activity":-0.000002986111111111111,"bolusiob":0}
