{"iob":0.20163373222437486,"activity":0.01078049873737374,"bolusiob":0.0006669479999999784}
