{"iob":-0.09798672915277779,"activity":0.0003030511463844795,"bolusiob":0}
