{"iob":0.4224266348727779,"activity":0.016085352733686064,"bolusiob":0}
