{"iob":-0.1774181609427778,"activity":-0.002550828924162257,"bolusiob":0}
