{"iob":0.8444193262837426,"activity":0.013941051136363639,"bolusiob":0.02663562699999993}
