{"iob":0.4248576019377777,"activity":0.0013782716049382715,"bolusiob":0}
