{"iob":0.0190106926088889,"activity":0.0033433333333333327,"bolusiob":0}
