{"iob":0.12913332983333334,"activity":-0.0008335978835978832,"bolusiob":0}
