{"iob":0.021214587748888902,"activity":0.005275855379188713,"bolusiob":0}
