{"iob":2.188812086308889,"activity":-0.0016071604938271604,"bolusiob":2.394567664213333}
