{"iob":1.1770935822294444,"activity":0.018622821869488528,"bolusiob":0.19377010058666666}
