{"iob":0.7019704310254611,"activity":0.020745184532627862,"bolusiob":0}
