{"iob":0.5233407916666668,"activity":0.009382186948853614,"bolusiob":0.258085536}
