{"iob":-0.08010891076000001,"activity":-0.001175978835978836,"bolusiob":0}
