{"iob":1.3980032331377779,"activity":0.008789629629629628,"bolusiob":0.6406814081066668}
