{"iob":1.1450512033655558,"activity":0.023558148148148148,"bolusiob":0.014800251239999871}
