{"iob":2.4785428320134972,"activity":0.02947649933712121,"bolusiob":0.8317138038000003}
