{"iob":0.049990915940000005,"activity":0.0000025,"bolusiob":0}
