{"iob":0.022542323351111074,"activity":-0.000612063492063492,"bolusiob":0}
