{"iob":1.7935436177906248,"activity":0.013364229797979797,"bolusiob":1.364994621725}
