{"iob":-0.13519316945777776,"activity":-0.0008930864197530863,"bolusiob":0}
