{"iob":-0.13939725588500002,"activity":-0.0012295767195767194,"bolusiob":0}
