{"iob":-0.09982849451111112,"activity":-0.00003753086419753086,"bolusiob":0}
