{"iob":0.6546599130040506,"activity":0.013085221054292929,"bolusiob":0.00190971199999983}
