{"iob":-0.10629587191777776,"activity":0.003546746031746031,"bolusiob":0}
