{"iob":0.5384643736411111,"activity":0.0012811463844797175,"bolusiob":0}
