{"iob":0.00020107678444444832,"activity":-0.000036172839506172836,"bolusiob":0}
