{"iob":1.188330626870623,"activity":0.008774903615520281,"bolusiob":0.46433818624000023}
