{"iob":2.2564358208994446,"activity":0.028965388007054664,"bolusiob":1.1067855936}
