{"iob":-0.04923360536000001,"activity":-0.00008962962962962962,"bolusiob":0}
