{"iob":-0.19044411052833335,"activity":-0.000532416225749559,"bolusiob":0}
