{"iob":-0.04961963103125,"activity":-0.000044097222222222226,"bolusiob":0}
