{"iob":-0.25242372224583337,"activity":-0.0008070987654320987,"bolusiob":0}
