{"iob":1.511866643726525,"activity":-0.0018379609280303032,"bolusiob":1.69859195681}
