{"iob":3.5239314509912503,"activity":0.02128020833333333,"bolusiob":1.9696260159050003}
