{"iob":0.14776519980937505,"activity":0.007332291666666668,"bolusiob":0}
