{"iob":-0.05527422724562502,"activity":0.00004820075757575765,"bolusiob":0}
