{"iob":1.7058738580050001,"activity":0.02052294191919192,"bolusiob":0.7351358971125002}
