{"iob":0.7297872138160979,"activity":0.00684528024691358,"bolusiob":0.3314085280000001}
