{"iob":0.7498656880750618,"activity":0.01584172839506173,"bolusiob":0}
