{"iob":0.12612409082402073,"activity":0.008722680511463844,"bolusiob":0}
