{"iob":0.26514463077850325,"activity":0.010323862698412699,"bolusiob":0}
