{"iob":-0.13746082170053914,"activity":-0.0005065433333333333,"bolusiob":0}
