{"iob":0.5332295337977777,"activity":0.012803033509700175,"bolusiob":0.006452619680000016}
