{"iob":0.8901975792518753,"activity":0.013190252525252525,"bolusiob":0.32374142788000004}
