{"iob":0.1947247763452778,"activity":0.0002039065255731925,"bolusiob":0}
