{"iob":0.346058207581111,"activity":0.008032848324514988,"bolusiob":0}
