{"iob":0.047687572222222224,"activity":0.00014388888888888887,"bolusiob":0}
