{"iob":1.3326027654700003,"activity":0.02881333333333333,"bolusiob":0.0525091161599999}
