{"iob":0.07399612893999996,"activity":0.004711363636363636,"bolusiob":0}
