{"iob":0.16696242896500002,"activity":0.0009952777777777779,"bolusiob":0.081742526735}
