{"iob":0.7402076422412499,"activity":0.003775441919191919,"bolusiob":0.5160967666800002}
