{"iob":-0.08680327030888889,"activity":0.0006404232804232805,"bolusiob":0}
