{"iob":0.35604313417166655,"activity":0.015224426155202817,"bolusiob":0}
