{"iob":0.4405586246122223,"activity":0.0044184126984126975,"bolusiob":0}
