{"iob":-0.09391412222222223,"activity":-0.000382716049382716,"bolusiob":0}
