{"iob":3.1841133723416664,"activity":0.01472223104056437,"bolusiob":2.403696498551111}
