{"iob":0.014946341586172807,"activity":0.005031503928170596,"bolusiob":0}
