{"iob":1.558368858195,"activity":0.016504583333333333,"bolusiob":0.70353997679}
