{"iob":0.049278902965,"activity":0.00006486111111111112,"bolusiob":0}
