{"iob":0.773455859788889,"activity":0.015861516754850088,"bolusiob":0.09095074448000001}
