{"iob":-0.08201509473374993,"activity":0.003937708333333334,"bolusiob":0}
