{"iob":1.5314897004759607,"activity":0.019418373355780023,"bolusiob":0.17110126165333336}
