{"iob":-0.14551155125375,"activity":-0.0002588194444444445,"bolusiob":0}
