{"iob":-0.09961682165728396,"activity":-0.00004864197530864197,"bolusiob":0}
