{"iob":0.5320921070444445,"activity":-0.00009291005291005263,"bolusiob":0}
