{"iob":-0.06193389625111112,"activity":-0.0008392239858906524,"bolusiob":0}
