{"iob":-0.044441454436762465,"activity":0.001571427083333333,"bolusiob":0}
