{"iob":0.19439961682,"activity":0.00032277777777777784,"bolusiob":0}
