{"iob":0.9653893558555556,"activity":0.0028430864197530863,"bolusiob":0.782807292}
