{"iob":0.0023685778844444445,"activity":0.0024194163860830533,"bolusiob":0}
