{"iob":1.461586774741201,"activity":0.006098527746212121,"bolusiob":1.2159810587200002}
