{"iob":0.23398688445166765,"activity":0.0057761678345959605,"bolusiob":0}
