{"iob":-0.19731608777333334,"activity":-0.0002686419753086419,"bolusiob":0}
