{"iob":-0.08396950644333334,"activity":0.0005468959435626101,"bolusiob":0}
