{"iob":0.30226454158111116,"activity":0.007810917107583774,"bolusiob":0.019436091399999966}
