{"iob":-0.0978857105,"activity":-0.0001513888888888889,"bolusiob":0}
