{"iob":0.26875012797611114,"activity":0.005671305114638447,"bolusiob":0.4660006136}
