{"iob":-0.09527204977777778,"activity":-0.00025185185185185185,"bolusiob":0}
