{"iob":0.0005105095325000364,"activity":0.004133623737373738,"bolusiob":0}
