{"iob":1.0852509717575003,"activity":0.014050366161616161,"bolusiob":0.16685901848999998}
