{"iob":0.7823401078518518,"activity":0.0039366666666666664,"bolusiob":0.4927304225777779}
