{"iob":1.4907065459852702,"activity":0.010879135309343434,"bolusiob":0.61252321599}
