{"iob":-0.0996371108888889,"activity":-0.00005802469135802468,"bolusiob":0}
