{"iob":1.55947905796125,"activity":0.01598968434343434,"bolusiob":0.7223513309325001}
