{"iob":0.049985860791874975,"activity":0.0009195896464646465,"bolusiob":0}
