{"iob":-0.04837061680197531,"activity":-0.00010345679012345678,"bolusiob":0}
