{"iob":0.966218148453125,"activity":0.01384258207070707,"bolusiob":0.03160313068750004}
