{"iob":-0.08556166898444445,"activity":-0.0012770723104056437,"bolusiob":0}
