{"iob":-0.09913638349500001,"activity":0.00009486772486772471,"bolusiob":0}
