{"iob":1.068443348760398,"activity":0.026852424779541445,"bolusiob":0.04854637311999985}
