{"iob":0.030483472657499934,"activity":0.007586982323232323,"bolusiob":0}
