{"iob":0.9573615650014815,"activity":0.009559820426487094,"bolusiob":0.30207301575111123}
