{"iob":0.9592974549425,"activity":0.023134311868686867,"bolusiob":0.5349923275799999}
