{"iob":-0.09478187438022741,"activity":0.0049580598765432094,"bolusiob":0}
