{"iob":0.31293183962944454,"activity":0.0033585008818342137,"bolusiob":0}
