{"iob":1.8931588540376563,"activity":0.0031383806818181814,"bolusiob":1.5412105485}
