{"iob":-0.2683105684879333,"activity":-0.0026477602645502644,"bolusiob":0}
