{"iob":0.7398268093037039,"activity":0.005368417508417508,"bolusiob":0.4686097680908642}
