{"iob":-0.22158090652444448,"activity":-0.0019101940035273369,"bolusiob":0}
