{"iob":1.7859414222005552,"activity":0.020487328042328036,"bolusiob":0.923557916}
