{"iob":0.20471584654111113,"activity":0.006751657848324514,"bolusiob":0.06865858500000002}
