{"iob":0.08004898276125,"activity":-0.0005025631313131314,"bolusiob":0}
