{"iob":0.13826465732359378,"activity":0.004882515782828281,"bolusiob":-0.00002418789750004979}
