{"iob":1.5143229278177777,"activity":0.013021481481481478,"bolusiob":0.7200220936666668}
