{"iob":4.17843568322375,"activity":0.012625227272727272,"bolusiob":3.47454275638}
