{"iob":3.4304610004333336,"activity":0.013173403880070543,"bolusiob":2.8025887029200005}
