{"iob":0.00896463793423611,"activity":0.0009072310405643731,"bolusiob":0}
