{"iob":2.008977424042149,"activity":0.006641957231040563,"bolusiob":1.8407629568888886}
