{"iob":1.8416451151762963,"activity":0.0008585521885521887,"bolusiob":1.7394724037214813}
