{"iob":1.5445468158691669,"activity":0.004767169312169312,"bolusiob":1.50794537824}
