{"iob":0.10306349254444441,"activity":0.0028263668430335087,"bolusiob":0}
