{"iob":-0.15982637355833337,"activity":-0.0014888271604938266,"bolusiob":0}
