{"iob":0.36363433753687496,"activity":0.00334238005050505,"bolusiob":0.014507242037499979}
