{"iob":1.0935273626822222,"activity":0.014199135802469131,"bolusiob":0.3367299489066667}
