{"iob":1.725368925762222,"activity":0.0030238271604938263,"bolusiob":1.8103103233422222}
