{"iob":-0.09974708573555557,"activity":-0.00004925925925925925,"bolusiob":0}
