{"iob":-0.229921495814321,"activity":-0.0007303703703703705,"bolusiob":0}
