{"iob":0.7545301382795062,"activity":0.013922413019079687,"bolusiob":0.04699900800000001}
