{"iob":0.3056332539682812,"activity":0.016333708964646466,"bolusiob":0}
