{"iob":2.155683881400625,"activity":0.013564766414141415,"bolusiob":1.55089217083}
