{"iob":1.2210501583274627,"activity":0.018100871164021166,"bolusiob":0.3122993312533333}
