{"iob":-0.09072983659590578,"activity":-0.002337626167929293,"bolusiob":0}
