{"iob":0.4368726759294449,"activity":0.00893583774250441,"bolusiob":0.04026669504000004}
