{"iob":0.5482775079776055,"activity":0.014851110405643736,"bolusiob":0}
