{"iob":0.7745950866421875,"activity":0.009219412878787879,"bolusiob":0.13332938546249992}
