{"iob":-0.13480915316875,"activity":-0.0030342171717171722,"bolusiob":0}
