{"iob":0.6239134641944445,"activity":0.0030827689594356248,"bolusiob":0}
