{"iob":0.54579527164,"activity":0.008487372134038799,"bolusiob":0.12911070866666663}
