{"iob":2.859432539885001,"activity":0.013011137566137565,"bolusiob":2.3812245}
