{"iob":0.06015027166333344,"activity":0.010968853615520278,"bolusiob":0}
