{"iob":0.9894996019712499,"activity":0.027917297979797976,"bolusiob":0}
