{"iob":0.19800427091,"activity":0.0002347222222222222,"bolusiob":0.38830274948}
