{"iob":1.2666108531272224,"activity":0.02180410934744268,"bolusiob":0.0976496357199999}
