{"iob":1.8668355119565623,"activity":0.01349896148989899,"bolusiob":1.78380670464}
