{"iob":-0.09811241182500005,"activity":-0.0013681944444444444,"bolusiob":0}
