{"iob":1.135360054404823,"activity":0.013411164638447964,"bolusiob":0.3308869856}
