{"iob":0.1310236181533333,"activity":0.0050092945326278655,"bolusiob":0}
