{"iob":0.48913162047666675,"activity":0.014813262786596115,"bolusiob":0}
