{"iob":0.6901249358266668,"activity":0.011382927689594355,"bolusiob":0.03874388671999995}
