{"iob":2.447997822593889,"activity":0.03200856261022926,"bolusiob":0.6303056934}
