{"iob":2.5442056533594446,"activity":0.01245369488536155,"bolusiob":1.8980321671555558}
