{"iob":0.09973880068936593,"activity":0.005653350529100527,"bolusiob":0}
