{"iob":0.06834552149456238,"activity":0.007991256313131313,"bolusiob":0}
