{"iob":3.0815333446622226,"activity":0.011283183421516753,"bolusiob":2.592388027746667}
