{"iob":1.3032674561164064,"activity":0.008565344065656564,"bolusiob":0.5435041572899999}
