{"iob":-0.14651069954444446,"activity":0.005261922398589063,"bolusiob":0}
