{"iob":0.7426310150311111,"activity":0.016733033509700176,"bolusiob":0}
