{"iob":-0.047996600335555584,"activity":0.002987125220458553,"bolusiob":0}
