{"iob":0.049956770204444445,"activity":0.00000962962962962963,"bolusiob":0}
