{"iob":0.049990642191250004,"activity":0.0000025694444444444447,"bolusiob":0}
