{"iob":1.3150220712246667,"activity":0.003139735449735449,"bolusiob":0.9891359134755556}
