{"iob":0.04996997656493827,"activity":0.000007160493827160493,"bolusiob":0}
