{"iob":0.2921288154266667,"activity":0.011137425044091707,"bolusiob":0}
