{"iob":-0.07060488877379992,"activity":-0.0009015341975308641,"bolusiob":0}
