{"iob":0.33088465084736507,"activity":0.0012150797354497354,"bolusiob":0}
