{"iob":1.4289562981925927,"activity":0.01813557800224467,"bolusiob":0.33733637795555543}
