{"iob":0.9660978863262499,"activity":0.011113977272727272,"bolusiob":0.4614304196425001}
