{"iob":1.1321659207585186,"activity":0.0030550617283950613,"bolusiob":0.5918649593995062}
