{"iob":1.0813107087906249,"activity":0.020148497474747475,"bolusiob":0.15678843392}
