{"iob":0.3962518980266667,"activity":0.002453333333333333,"bolusiob":0}
