{"iob":-0.025323305818182346,"activity":-0.0029400616049382717,"bolusiob":0}
