{"iob":-0.049786094,"activity":-0.00004074074074074074,"bolusiob":0}
