{"iob":0.19869768980500002,"activity":0.00013972222222222223,"bolusiob":0}
