{"iob":0.34472987127778515,"activity":0.013952804497354494,"bolusiob":0.014457659960000036}
