{"iob":1.7484392555987505,"activity":0.008581881313131312,"bolusiob":1.0125509433600002}
