{"iob":2.5762927358693224,"activity":0.0210709292063492,"bolusiob":1.2418214461333332}
