{"iob":-0.04467457400000001,"activity":-0.00026296296296296294,"bolusiob":0}
