{"iob":0.31223870492611117,"activity":0.0012790564373897709,"bolusiob":0}
