{"iob":0.1488913863980247,"activity":0.00011222222222222222,"bolusiob":0}
