{"iob":0.9567263273253123,"activity":0.014259311868686867,"bolusiob":0.30793907546250004}
