{"iob":-0.04961131961679013,"activity":-0.00004469135802469136,"bolusiob":0}
