{"iob":1.775726593657778,"activity":0.02925220458553791,"bolusiob":0.44438593266666665}
