{"iob":0.9566673115136607,"activity":0.007204558641975306,"bolusiob":1.003143001031111}
