{"iob":-0.14838053712000002,"activity":-0.0001822222222222222,"bolusiob":0}
