{"iob":1.3353821791486422,"activity":0.01718563411896745,"bolusiob":0.1762428579555555}
