{"iob":0.00036178771111110286,"activity":-0.0014550088183421517,"bolusiob":0}
