{"iob":0.8466177924555555,"activity":0.00032051146384479726,"bolusiob":0.6937416145955555}
