{"iob":0.08184648938666664,"activity":0.0032862738496071834,"bolusiob":0}
