{"iob":-0.14550379396740742,"activity":-0.0002564197530864198,"bolusiob":0}
