{"iob":0.5158187581638888,"activity":0.016981834215167545,"bolusiob":0}
