{"iob":-0.14455954663846465,"activity":0.002153724488636364,"bolusiob":0}
