{"iob":-0.09782293490222224,"activity":-0.00019432098765432098,"bolusiob":0}
