{"iob":1.637993019806111,"activity":0.007239647266313934,"bolusiob":0.7379886887822222}
