{"iob":-0.19445461630419755,"activity":-0.00031654320987654325,"bolusiob":0}
