{"iob":-0.12344969821777776,"activity":0.0007798765432098767,"bolusiob":0}
