{"iob":0.3093160641564686,"activity":0.0035724748421717173,"bolusiob":0.26027965595999997}
