{"iob":0.054029621835061784,"activity":0.003154466891133558,"bolusiob":0}
