{"iob":-0.19800961753111113,"activity":-0.00023617283950617282,"bolusiob":0}
