{"iob":0.4678462875338272,"activity":0.0013332098765432097,"bolusiob":0}
