{"iob":0.3777633235350454,"activity":0.011488041622574954,"bolusiob":0}
