{"iob":0.8763297750625,"activity":0.010683106060606058,"bolusiob":0.27638318025}
