{"iob":2.0382493198575,"activity":0.013747247474747475,"bolusiob":1.0554924134174999}
