{"iob":0.19084368828444462,"activity":0.011603591470258138,"bolusiob":0}
