{"iob":0.6967730048158025,"activity":0.005756913580246914,"bolusiob":0.3909809970488889}
