{"iob":-0.018224723603749993,"activity":-0.0014701388888888889,"bolusiob":0}
