{"iob":0.3386144733930671,"activity":0.000854515343915344,"bolusiob":0}
