{"iob":-0.2218119768805556,"activity":0.0012471164021164022,"bolusiob":0}
