{"iob":-0.13353703973569442,"activity":0.00043388007054673717,"bolusiob":0}
