{"iob":0.001645211655700524,"activity":0.0008757012345679001,"bolusiob":0}
