{"iob":0.23134025967000002,"activity":0.002318835978835978,"bolusiob":0.053639486880000045}
