{"iob":1.1139301712677776,"activity":0.021137266313932975,"bolusiob":0.27766510223999996}
