{"iob":0.9430334729007409,"activity":0.0008501234567901232,"bolusiob":1.0698755966419753}
