{"iob":1.898773018263802,"activity":0.005666997777777779,"bolusiob":1.0722165758577777}
