{"iob":0.6370181204666666,"activity":0.003077954144620806,"bolusiob":0.39075109617777776}
