{"iob":0.04149242431209878,"activity":0.0014702805836139168,"bolusiob":0.000492232248888902}
