{"iob":0.005134366502499987,"activity":0.005264103535353535,"bolusiob":0}
