{"iob":-0.2276688193666667,"activity":-0.0008241975308641971,"bolusiob":0}
