{"iob":0.9427580905312211,"activity":0.009290274175084174,"bolusiob":0.09349620896000001}
