{"iob":-0.049601058365000006,"activity":-0.000045416666666666675,"bolusiob":0}
