{"iob":1.230120435658889,"activity":0.023438342151675475,"bolusiob":0.20131498560000002}
