{"iob":-0.07258590716906249,"activity":0.0014326767676767676,"bolusiob":0}
