{"iob":-0.25741997205404776,"activity":-0.003724638571428571,"bolusiob":0}
