{"iob":-0.09913342084125,"activity":-0.00008798611111111111,"bolusiob":0}
