{"iob":0.04803809306,"activity":0.00015296296296296293,"bolusiob":0}
