{"iob":-0.1889070179802129,"activity":-0.002433194652777778,"bolusiob":0}
