{"iob":0.8631067887471873,"activity":0.014058049242424242,"bolusiob":0.2075365304625}
