{"iob":0.9313731339844445,"activity":0.010314938271604937,"bolusiob":0.40687807355555566}
