{"iob":0.09785583579654322,"activity":0.0001276543209876543,"bolusiob":0}
