{"iob":0.26144777376777784,"activity":0.0026453262786596096,"bolusiob":0}
