{"iob":1.3707158089356248,"activity":0.014956729797979799,"bolusiob":0.3294269432425}
