{"iob":0.7572155554353125,"activity":0.0034600315656565656,"bolusiob":0.5801975595625002}
