{"iob":0.09346089546222207,"activity":0.007633474426807759,"bolusiob":0.012570429760000001}
