{"iob":-0.09983034754,"activity":-0.0000374074074074074,"bolusiob":0}
