{"iob":0.20944994209975296,"activity":0.009859629629629628,"bolusiob":0}
