{"iob":-0.06148349634555554,"activity":0.0008615255731922397,"bolusiob":0}
