{"iob":0.5942129640353265,"activity":0.014055208301767676,"bolusiob":0.08090221875000002}
