{"iob":-0.048278973440000005,"activity":-0.00010666666666666667,"bolusiob":0}
