{"iob":0.046449133326111114,"activity":0.00003779541446208103,"bolusiob":0}
