{"iob":1.4173181779866668,"activity":0.02118444444444444,"bolusiob":0.5060919789511111}
