{"iob":0.4392070452737501,"activity":0.012848156565656566,"bolusiob":0.05321374672000004}
