{"iob":-0.14561300409700006,"activity":-0.000003546913580247649,"bolusiob":0}
