{"iob":2.8159422240805556,"activity":0.017749338624338626,"bolusiob":2.14995984896}
