{"iob":0.04133435207111111,"activity":0.0002551851851851852,"bolusiob":0}
