{"iob":0.05048152215687498,"activity":0.0010404356060606061,"bolusiob":0}
