{"iob":2.5076070109322224,"activity":0.009698201058201055,"bolusiob":2.0084674776177778}
