{"iob":0.531306055108889,"activity":0.016661305114638442,"bolusiob":0.0000387229333334016}
