{"iob":1.0877645154483333,"activity":0.002520379188712521,"bolusiob":1.2657340990933332}
