{"iob":0.04978112961111111,"activity":0.00004135802469135802,"bolusiob":0}
