{"iob":0.6248472124818751,"activity":0.011180814393939394,"bolusiob":0.12997173922249997}
