{"iob":0.6975854893052839,"activity":0.00994061802469136,"bolusiob":0}
