{"iob":0.9953148396793802,"activity":0.003959371694725028,"bolusiob":0.588198464}
