{"iob":-0.19494352144,"activity":-0.0004192592592592592,"bolusiob":0}
