{"iob":-0.14847992958563994,"activity":-0.0008597532098765431,"bolusiob":0}
