{"iob":-0.04893160177777778,"activity":-0.00008148148148148148,"bolusiob":0}
