{"iob":1.5475552535683332,"activity":0.01068574955908289,"bolusiob":0.8583982783999999}
