{"iob":0.34775041739555557,"activity":0.0031896296296296286,"bolusiob":0.03906503899999999}
