{"iob":1.1692549626505557,"activity":0.033391137566137555,"bolusiob":0.014799813226666703}
