{"iob":0.7593236455417285,"activity":0.015269848484848483,"bolusiob":0.1104558388266667}
