{"iob":2.060696365005,"activity":0.019848699494949495,"bolusiob":1.17996044055}
