{"iob":1.7633779840772221,"activity":0.019435652557319223,"bolusiob":1.0205411999999998}
