{"iob":1.209963264542188,"activity":0.008833314741161618,"bolusiob":0.45218121376}
