{"iob":0.16917688169777778,"activity":0.005659788359788359,"bolusiob":0}
