{"iob":0.8396845315144446,"activity":0.0032005291005291004,"bolusiob":0.4891457984}
