{"iob":0.8980817705504531,"activity":0.00880827172839506,"bolusiob":0.26042572680000003}
