{"iob":-0.03855393715437501,"activity":-0.0007460227272727273,"bolusiob":0}
