{"iob":0.6335624238261393,"activity":0.0111661373015873,"bolusiob":0.4550301887111111}
