{"iob":-0.08747129702691786,"activity":0.006332083686067019,"bolusiob":0}
