{"iob":1.3931085741546476,"activity":0.006473478674242424,"bolusiob":0.7129001938649999}
