{"iob":2.012433727385,"activity":0.01985429292929293,"bolusiob":0.77701588928}
