{"iob":0.9499206642336399,"activity":0.00813738989417989,"bolusiob":0.35689194666666674}
