{"iob":0.37278578181875,"activity":0.005965801767676767,"bolusiob":0.016144722322499992}
