{"iob":-0.012918302371874975,"activity":0.001290909090909091,"bolusiob":0}
