{"iob":0.8919042716681485,"activity":0.016343928170594837,"bolusiob":0}
