{"iob":0.9986807459559375,"activity":0.008780258838383837,"bolusiob":0.5437301105200001}
