{"iob":-0.19750736542000003,"activity":-0.00021861111111111113,"bolusiob":0}
