{"iob":0.910254257616111,"activity":0.011852266313932975,"bolusiob":0}
