{"iob":0.6191633776693154,"activity":0.005143968377425041,"bolusiob":0.30394517862666676}
