{"iob":1.721219546028889,"activity":0.021864276895943554,"bolusiob":0.9387852042}
