{"iob":1.3142017445572223,"activity":0.02536635802469135,"bolusiob":0.15725448324000016}
