{"iob":1.9284398731188157,"activity":0.008525555114638443,"bolusiob":1.668107170222222}
