{"iob":-0.049403577804444446,"activity":-0.00007728395061728394,"bolusiob":0}
