{"iob":1.8024803180822226,"activity":0.016556278659611994,"bolusiob":0.8179150000000001}
