{"iob":0.34533504527187503,"activity":0.005943604797979797,"bolusiob":0.009427720822499996}
