{"iob":0.3551763901972222,"activity":0.007515167548500877,"bolusiob":0.070805416}
