{"iob":-0.26956692305888885,"activity":-0.0015691358024691358,"bolusiob":0}
