{"iob":-0.08033130762000004,"activity":0.00019188712522045804,"bolusiob":0}
