{"iob":-0.08422373932711627,"activity":0.003611093386243385,"bolusiob":0}
