{"iob":2.2519057617533336,"activity":0.011109999999999998,"bolusiob":1.6872168584533331}
