{"iob":0.6976841178074075,"activity":0.0052477777777777766,"bolusiob":0.26375793902222233}
