{"iob":0.05827016079500001,"activity":0.004940574494949494,"bolusiob":0}
