{"iob":0.23884398568999998,"activity":0.009818483245149912,"bolusiob":0.02601033765333334}
