{"iob":-0.1010450461880103,"activity":-0.002257592328042328,"bolusiob":0}
