{"iob":1.329181735768889,"activity":0.011907407407407405,"bolusiob":0.46966709920000005}
