{"iob":0.278073134664366,"activity":0.00935705423280423,"bolusiob":0}
