{"iob":1.9255849684926563,"activity":0.0013711458333333332,"bolusiob":1.6881102995400001}
