{"iob":0.09783063922222224,"activity":0.00019382716049382714,"bolusiob":0}
