{"iob":1.0581902641927778,"activity":0.0035379276895943553,"bolusiob":1.107722529137778}
