{"iob":0.015319630560000005,"activity":0.0012603174603174599,"bolusiob":0}
