{"iob":2.030421806937778,"activity":0.007966172839506172,"bolusiob":1.6694612386666667}
