{"iob":0.15207587590333335,"activity":0.0006461375661375655,"bolusiob":0}
