{"iob":-0.049618233750123454,"activity":-0.000044197530864197535,"bolusiob":0}
