{"iob":0.9579868846624997,"activity":0.01781782196969697,"bolusiob":0.316313361635}
