{"iob":0.06249803562513889,"activity":-0.0000833774250440916,"bolusiob":0}
