{"iob":0.89513687096375,"activity":0.011345397727272727,"bolusiob":0.44582693965}
