{"iob":1.1498159158576677,"activity":0.00951098827160494,"bolusiob":0.3952711333333334}
