{"iob":0.6927407028527698,"activity":0.007485678675645342,"bolusiob":0.24236723754666678}
