{"iob":-0.01757801502562504,"activity":0.0051508712121212125,"bolusiob":0}
