{"iob":-0.04686497144,"activity":-0.00014833333333333332,"bolusiob":0}
