{"iob":1.1724375838384375,"activity":0.016487493686868686,"bolusiob":0.3003650265100002}
