{"iob":0.9099896859450001,"activity":0.008529242424242424,"bolusiob":0.33425227978}
