{"iob":0.27996209268562505,"activity":0.007211035353535354,"bolusiob":0}
