{"iob":0.503434623578125,"activity":0.010678844696969695,"bolusiob":0.03142573607499999}
