{"iob":-0.09730480315420775,"activity":-0.0001424661375661376,"bolusiob":0}
