{"iob":-0.04069931311798516,"activity":-0.002434382804232804,"bolusiob":0}
