{"iob":-0.1696650521375755,"activity":-0.003770299947089947,"bolusiob":0}
