{"iob":1.75401050444875,"activity":0.018977809343434345,"bolusiob":0.81353952047}
