{"iob":1.371127091061111,"activity":0.015563368606701938,"bolusiob":0.43421684554666673}
