{"iob":1.3544736369800023,"activity":0.0008430049810606061,"bolusiob":1.49866371255}
