{"iob":0.13588474638444445,"activity":0.000649753086419753,"bolusiob":0}
