{"iob":1.6058914762445973,"activity":0.014470316243386246,"bolusiob":0.6253669915200001}
