{"iob":0.21603906245374999,"activity":0.005521174242424242,"bolusiob":0}
