{"iob":0.6870571515828128,"activity":0.003734255050505051,"bolusiob":0}
