{"iob":0.09030192696749995,"activity":0.007700479797979798,"bolusiob":0}
