{"iob":2.207276352103899,"activity":0.003811992680776013,"bolusiob":2.19617236112}
