{"iob":0.04452655621530865,"activity":0.00020012345679012343,"bolusiob":0}
