{"iob":1.6471914589433334,"activity":0.00785548500881834,"bolusiob":1.2770147584}
