{"iob":0.7878316161133333,"activity":0.0010519753086419752,"bolusiob":0.39968708608000003}
