{"iob":0.022482971802271552,"activity":-0.0015746715277777774,"bolusiob":0.09573367104000004}
