{"iob":0.04722141885111113,"activity":-0.00035280423280423224,"bolusiob":0}
