{"iob":0.6068340736133333,"activity":0.016131569664902996,"bolusiob":0}
