{"iob":-0.04962338093827161,"activity":-0.000043827160493827164,"bolusiob":0}
