{"iob":-0.09747749368888889,"activity":-0.00016555555555555554,"bolusiob":0}
