{"iob":1.1922423666189554,"activity":0.010810675599747474,"bolusiob":0.394294502}
