{"iob":1.1022691575033337,"activity":0.017116084656084652,"bolusiob":0.29991604266666666}
