{"iob":1.3626931783200003,"activity":0.02063285714285714,"bolusiob":0.38504727111999987}
