{"iob":0.041242231382812515,"activity":-0.0010788194444444445,"bolusiob":0}
