{"iob":1.762537169413889,"activity":0.03363313932980599,"bolusiob":0.24647169710666655}
