{"iob":1.3389687459625,"activity":0.025835284090909093,"bolusiob":0.59966930688}
