{"iob":1.4059046554022223,"activity":0.02522543209876543,"bolusiob":0.2768685236399998}
