{"iob":0.23817260889125927,"activity":0.000585679012345679,"bolusiob":0}
