{"iob":0.6699262954277778,"activity":0.01800539682539682,"bolusiob":0.03223512500000003}
