{"iob":2.2077302048119463,"activity":0.004517654444444443,"bolusiob":1.95908806128}
