{"iob":2.2058129713725,"activity":0.014395921717171715,"bolusiob":1.101788912315}
