{"iob":0.9174449363950617,"activity":0.005133905723905724,"bolusiob":0.4230573598498766}
