{"iob":0.580722645501139,"activity":0.0017222229629629622,"bolusiob":0}
