{"iob":0.08931515993499999,"activity":0.0051266919191919206,"bolusiob":0}
