{"iob":0.8846398627871608,"activity":0.016301324354657688,"bolusiob":0.1916212453451852}
