{"iob":-0.3129189363975869,"activity":-0.003896437442680775,"bolusiob":0}
