{"iob":0.5859189737955557,"activity":0.00971979797979798,"bolusiob":0.1265510109866667}
