{"iob":0.3151749519630313,"activity":0.00499202832451499,"bolusiob":0.0001437700666666597}
