{"iob":0.16792758797804688,"activity":-0.003381676136363636,"bolusiob":0}
