{"iob":0.24936734949388895,"activity":0.009627283950617281,"bolusiob":0}
