{"iob":-0.015636291275555558,"activity":-0.0016231216931216928,"bolusiob":0}
