{"iob":0.9980458928218056,"activity":0.00509475308641975,"bolusiob":0.7784655501511112}
