{"iob":-0.0009999641399999872,"activity":-0.0002084656084656081,"bolusiob":0}
