{"iob":0.31978579128381357,"activity":0.009082386719576719,"bolusiob":0}
