{"iob":-0.09642425794500001,"activity":-0.00021708333333333334,"bolusiob":0}
