{"iob":1.0003400801906253,"activity":0.008341584595959595,"bolusiob":0.6967942177}
