{"iob":0.7912142773091311,"activity":0.0032654548232323236,"bolusiob":0.12415682714999998}
