{"iob":0.20296108212309885,"activity":-0.00008673691358024691,"bolusiob":0}
