{"iob":1.819770875343656,"activity":0.030013227654320983,"bolusiob":0.2158813036666668}
