{"iob":1.50730086513375,"activity":0.014943188131313132,"bolusiob":0.76515560156}
