{"iob":1.1625773876266667,"activity":0.017429629629629628,"bolusiob":0.270530976}
