{"iob":0.00609284381776777,"activity":0.0035594695075757575,"bolusiob":0}
