{"iob":-0.0032483494687499895,"activity":-0.000797979797979798,"bolusiob":0}
