{"iob":1.0720070713415626,"activity":0.007427550505050505,"bolusiob":0.44902603767499993}
