{"iob":0.23593757503165258,"activity":0.0010664252557319224,"bolusiob":0}
