{"iob":0.001617353438024688,"activity":0.0017629854096520763,"bolusiob":0}
