{"iob":1.4980613847814062,"activity":0.0005920486111111109,"bolusiob":1.6836213148099999}
