{"iob":0.288119762962963,"activity":0.0005925925925925926,"bolusiob":0}
