{"iob":1.5684651763169444,"activity":0.0035404673721340383,"bolusiob":1.619926336}
