{"iob":0.315200836100366,"activity":0.009949646825396823,"bolusiob":0}
