{"iob":0.06487773861924098,"activity":0.00784151038800705,"bolusiob":0}
