{"iob":0.34375815660055564,"activity":0.007622557319223983,"bolusiob":0.49873010417777774}
