{"iob":0.02400269326021049,"activity":0.00908578439153439,"bolusiob":0}
