{"iob":1.0549977459022222,"activity":0.018872698412698407,"bolusiob":0.18581155269333333}
