{"iob":0.3546823252780247,"activity":0.00779053872053872,"bolusiob":0.02327685777777777}
