{"iob":0.9489863135788887,"activity":0.019473544973544973,"bolusiob":0.016373034333333158}
