{"iob":1.5992568289822222,"activity":0.011190123456790121,"bolusiob":0.9635485400133335}
