{"iob":0.032358487431875,"activity":0.0018662563131313131,"bolusiob":0}
