{"iob":-0.04375859919681549,"activity":0.0030297302998236334,"bolusiob":0}
