{"iob":0.365763483044338,"activity":0.006235147619047619,"bolusiob":0}
