{"iob":-0.28888002876833335,"activity":-0.0013266666666666659,"bolusiob":0}
