{"iob":0.2566828750334563,"activity":0.008745314141414141,"bolusiob":0}
