{"iob":-0.10527754811277779,"activity":-0.0003138624338624339,"bolusiob":0}
