{"iob":0.39331533049555556,"activity":0.0007393827160493826,"bolusiob":0.27978013562666665}
