{"iob":1.204410545965,"activity":0.022753827160493824,"bolusiob":0.37526535162666674}
