{"iob":0.37260364820611125,"activity":0.015114029982363312,"bolusiob":0}
