{"iob":-0.09856459566444445,"activity":0.00020682539682539673,"bolusiob":0}
