{"iob":-0.027979663296790126,"activity":-0.0004146913580246914,"bolusiob":0}
