{"iob":1.7462818420733333,"activity":0.001956181657848324,"bolusiob":1.7819059283555556}
