{"iob":0.030747552960000004,"activity":0.001784126984126984,"bolusiob":0}
