{"iob":2.2913074918250005,"activity":0.032947373737373734,"bolusiob":0.283181123865}
