{"iob":0.004230152877777692,"activity":0.004657354497354495,"bolusiob":0}
