{"iob":2.8076887936297776,"activity":0.015806790123456788,"bolusiob":2.366328390191111}
