{"iob":0.38609677672000003,"activity":0.0007805555555555555,"bolusiob":0}
