{"iob":0.4770924347775,"activity":0.011251969696969698,"bolusiob":0}
