{"iob":1.4560865818577777,"activity":0.003992098765432097,"bolusiob":1.4955784459377777}
