{"iob":0.14955884296222224,"activity":0.00001897707231040569,"bolusiob":0}
