{"iob":-0.03791837511111112,"activity":-0.0003037037037037037,"bolusiob":0}
