{"iob":0.8690501552118517,"activity":0.0018766666666666667,"bolusiob":0.8514567960493827}
