{"iob":-0.09823851624277777,"activity":-0.00019141975308641974,"bolusiob":0}
