{"iob":0.27277730614518525,"activity":0.009926228956228956,"bolusiob":0.013772299093333362}
