{"iob":1.4823405919688888,"activity":0.021443395061728387,"bolusiob":0.6503282886444444}
