{"iob":1.3785919930388726,"activity":0.002647010952380952,"bolusiob":0.9028485248}
