{"iob":0.1898420595327778,"activity":0.002498377425044091,"bolusiob":0}
