{"iob":1.4161706150355555,"activity":0.013962469135802465,"bolusiob":0.60944154368}
