{"iob":-0.100003869745,"activity":-0.00023052910052910039,"bolusiob":0}
