{"iob":1.8408946412222222,"activity":0.010646913580246912,"bolusiob":1.3167540120000003}
