{"iob":-0.2268850389254321,"activity":-0.0008427160493827161,"bolusiob":0}
