{"iob":0.05080577544,"activity":0.00019439153439153396,"bolusiob":0}
