{"iob":0.7868241371832392,"activity":0.013725427025813695,"bolusiob":0.006040181439999992}
