{"iob":0.7275035661482725,"activity":0.00985666740740741,"bolusiob":0}
