{"iob":1.6338367179219757,"activity":0.015647160493827156,"bolusiob":0.48891453553777803}
