{"iob":0.27975941109499924,"activity":0.008091471874999999,"bolusiob":0.004359873499999978}
