{"iob":-0.1473667358577778,"activity":-0.00019185185185185185,"bolusiob":0}
