{"iob":-0.00011217848888894766,"activity":0.0015746352413019086,"bolusiob":0}
