{"iob":2.0983133358866666,"activity":0.019408395061728388,"bolusiob":1.3875206488888892}
