{"iob":0.9654680431462499,"activity":0.008047032828282829,"bolusiob":0.4049056489325}
