{"iob":-0.09553517267777778,"activity":-0.00032432098765432097,"bolusiob":0}
