{"iob":0.7743062118769293,"activity":0.003259554232804233,"bolusiob":0.80798789888}
