{"iob":-0.047745562204444446,"activity":0.001808159371492705,"bolusiob":0}
