{"iob":1.2979644608211112,"activity":-0.0016565432098765436,"bolusiob":1.2987090983822223}
