{"iob":1.2336933816282227,"activity":0.005669198148148147,"bolusiob":0.34462845952000004}
