{"iob":0.21396516357308298,"activity":0.008339590235690236,"bolusiob":0}
