{"iob":1.1953240968965628,"activity":0.009275334595959596,"bolusiob":0.39991733292000015}
