{"iob":0.5570552659416805,"activity":0.00617089996472663,"bolusiob":0}
