{"iob":0.7009275638049575,"activity":0.0035687912794612787,"bolusiob":0.4808826774123457}
