{"iob":0.062085240853333286,"activity":0.0059121885521885515,"bolusiob":0}
