{"iob":1.4289401591437765,"activity":0.01085475814393939,"bolusiob":0.5915659919999999}
