{"iob":0.29726002901333337,"activity":0.004228888888888888,"bolusiob":0.06945195200000005}
