{"iob":-0.04936597994611113,"activity":0.00014299823633156952,"bolusiob":0}
