{"iob":0.40332423319251753,"activity":0.005930990582010582,"bolusiob":0}
