{"iob":-0.14960996551166666,"activity":-0.0004447971781305114,"bolusiob":0}
