{"iob":0.14866118862078254,"activity":0.005191229717813048,"bolusiob":0}
