{"iob":0.733983303708843,"activity":0.013073959805996467,"bolusiob":0.06952630698666666}
