{"iob":0.48816833755166644,"activity":0.007939223985890654,"bolusiob":0.08664015082666673}
