{"iob":0.8734907868879014,"activity":0.010617115600448935,"bolusiob":0.6281773657599999}
