{"iob":0.34944739885456255,"activity":0.00991114267676768,"bolusiob":0}
