{"iob":1.3555939424611911,"activity":0.02142317472663139,"bolusiob":0.38923485628444454}
