{"iob":-0.24522468179111112,"activity":-0.00041950617283950615,"bolusiob":0}
