{"iob":1.1486141159032306,"activity":0.027068244885361543,"bolusiob":0.0738890833333333}
