{"iob":0.20413654606200954,"activity":0.0030029456966490296,"bolusiob":0}
