{"iob":0.0021782716250000056,"activity":0.00039814814814814737,"bolusiob":0}
