{"iob":0.016061707775555545,"activity":-0.003541957671957672,"bolusiob":0}
