{"iob":1.7640798219508267,"activity":0.01717777765432098,"bolusiob":1.34577633232}
