{"iob":-0.16397021282833335,"activity":-0.001551728395061728,"bolusiob":0}
