{"iob":-0.008665102079999999,"activity":-0.000549206349206349,"bolusiob":0}
