{"iob":0.34214032611089396,"activity":0.0006667904938271604,"bolusiob":0}
