{"iob":0.4321567862416664,"activity":0.01661596054673721,"bolusiob":0}
