{"iob":2.702722625451533,"activity":0.013521263367003367,"bolusiob":1.6213503182222224}
