{"iob":1.2586342371397528,"activity":0.005494444444444442,"bolusiob":1.10294246144}
