{"iob":0.06312690132687498,"activity":0.0030441224747474746,"bolusiob":0}
