{"iob":1.6620857114112813,"activity":0.006810104166666666,"bolusiob":1.4574048155200001}
