{"iob":0.5587602328612501,"activity":0.01203458964646465,"bolusiob":0.01873914071999998}
