{"iob":1.01672355442625,"activity":0.010870037878787878,"bolusiob":0.5767151045425002}
