{"iob":0.09975179603523188,"activity":0.000034673827160493825,"bolusiob":0}
