{"iob":1.70456794902625,"activity":0.015163674242424244,"bolusiob":0.8925550007425002}
