{"iob":0.21072272069812498,"activity":0.004951369949494949,"bolusiob":0}
