{"iob":0.5507034187461112,"activity":0.018507830687830684,"bolusiob":0}
