{"iob":0.8457010068622223,"activity":0.0049496296296296285,"bolusiob":0.5260123651200003}
