{"iob":-0.09811964768055556,"activity":-0.0001980864197530864,"bolusiob":0}
