{"iob":1.5618187832961108,"activity":0.020184038800705458,"bolusiob":0.43531731167999993}
