{"iob":0.7115627547122222,"activity":0.019739470899470892,"bolusiob":0}
