{"iob":-0.05670459476375001,"activity":-0.0008802588383838385,"bolusiob":0}
