{"iob":0.4426611379528125,"activity":0.011399011994949493,"bolusiob":0}
