{"iob":0.8582615452612502,"activity":0.007911559343434342,"bolusiob":0.27230587781250004}
