{"iob":1.7369989942440653,"activity":0.002754691234567901,"bolusiob":1.697990227342222}
