{"iob":2.1763687313479467,"activity":0.015770987777777776,"bolusiob":1.11836083524}
