{"iob":0.049634900302777785,"activity":-0.00006936507936507931,"bolusiob":0}
