{"iob":-0.3041679929400977,"activity":-0.0018759260493827158,"bolusiob":0}
