{"iob":0.02708363178500007,"activity":0.005284444444444444,"bolusiob":0}
