{"iob":0.07403132658298617,"activity":0.0040077072310405635,"bolusiob":0}
