{"iob":-0.04892523398444445,"activity":-0.00010901234567901233,"bolusiob":0}
