{"iob":0.14843153811333334,"activity":0.0001774074074074074,"bolusiob":0}
