{"iob":1.538654498897285,"activity":0.00951479183080808,"bolusiob":0.5480721273600002}
