{"iob":0.12011487610999999,"activity":0.0015946384479717812,"bolusiob":0}
