{"iob":0.34376277800721217,"activity":0.0008350398611111112,"bolusiob":0}
