{"iob":-0.2321352712275,"activity":-0.0018880050505050506,"bolusiob":0}
