{"iob":0.04955139025111111,"activity":-0.00012589065255731916,"bolusiob":0}
