{"iob":0.14868788406518518,"activity":0.00012555555555555557,"bolusiob":0}
