{"iob":0.030726010282500008,"activity":0.0024168560606060607,"bolusiob":0}
