{"iob":-0.09709534521722223,"activity":-0.0002893650793650792,"bolusiob":0}
