{"iob":0.46506070523531273,"activity":0.009866887626262626,"bolusiob":0.09788302807}
