{"iob":3.3032615047812506,"activity":0.024783888888888887,"bolusiob":2.065226203}
