{"iob":-0.1739961438805556,"activity":-0.001192037037037037,"bolusiob":0}
