{"iob":-0.01906541215944444,"activity":0.0010016666666666665,"bolusiob":0}
