{"iob":2.7668567226271112,"activity":0.012670123456790123,"bolusiob":1.8455032}
