{"iob":1.1640968369956253,"activity":0.01304193813131313,"bolusiob":0.45345829292000006}
