{"iob":-0.14575679946,"activity":-0.0003420987654320987,"bolusiob":0}
