{"iob":0.6878711732933332,"activity":0.014849576719576717,"bolusiob":0.04783322767999998}
