{"iob":0.6314384111231175,"activity":0.011861032196969696,"bolusiob":0}
