{"iob":-0.055964508800000035,"activity":-0.0015984848484848486,"bolusiob":0}
