{"iob":-0.10150855412222222,"activity":-0.0016023456790123455,"bolusiob":0}
