{"iob":1.818330292140247,"activity":0.006011851851851851,"bolusiob":1.340812694565926}
