{"iob":0.09972557475555557,"activity":0.00005333333333333332,"bolusiob":0}
