{"iob":2.9281160210775,"activity":0.019435694444444446,"bolusiob":2.09178994175}
