{"iob":0.19898546046629284,"activity":0.0001547027160493827,"bolusiob":0}
