{"iob":1.6906119728826532,"activity":0.021967760017636676,"bolusiob":0.7070419739733335}
