{"iob":0.7281497320850001,"activity":0.012236344696969697,"bolusiob":0.208479461375}
