{"iob":2.4679858525749996,"activity":0.020247803030303033,"bolusiob":1.8507984220899998}
