{"iob":1.3208595622335932,"activity":0.010533545467372127,"bolusiob":0.6402313854222221}
