{"iob":-0.226852669752951,"activity":0.0017694802020202024,"bolusiob":0}
