{"iob":0.6653538482264445,"activity":0.0007220105820105823,"bolusiob":0.649611452}
