{"iob":-0.05834634336395056,"activity":0.010033479236812571,"bolusiob":0}
