{"iob":-0.14777587511166668,"activity":-0.0001265255731922401,"bolusiob":0}
