{"iob":-0.10112094028333335,"activity":-0.0011316490299823631,"bolusiob":0}
