{"iob":0.39954054071444445,"activity":0.008860546737213402,"bolusiob":0.06054931360000004}
