{"iob":0.3419156887212742,"activity":0.006312910158730157,"bolusiob":0}
