{"iob":1.5702301156096532,"activity":0.02648164532627865,"bolusiob":0.4096556957333334}
