{"iob":-0.33858534182126665,"activity":-0.0034818872486772475,"bolusiob":0}
