{"iob":0.7187014221866052,"activity":0.028885052592592584,"bolusiob":0}
