{"iob":1.353544399803486,"activity":0.012298573396464644,"bolusiob":0.271283912415}
