{"iob":0.8682339395666666,"activity":0.01978386243386243,"bolusiob":0.2613701444266666}
