{"iob":0.3923547711466666,"activity":0.0007022222222222221,"bolusiob":0}
