{"iob":-0.049994369341250004,"activity":-0.0000015972222222222221,"bolusiob":0}
