{"iob":-0.04983480477234574,"activity":0.0018216386083052748,"bolusiob":0}
