{"iob":-0.14547562759625002,"activity":0.0013327462121212118,"bolusiob":0}
