{"iob":-0.09983988997000001,"activity":-0.00002527777777777778,"bolusiob":0}
