{"iob":0.7170102533266667,"activity":0.004016913580246913,"bolusiob":0.31335106040888894}
