{"iob":0.5268440516259375,"activity":0.011845492424242423,"bolusiob":0.012383236124999942}
