{"iob":1.07146655232,"activity":0.01877365079365079,"bolusiob":0.2447183109688889}
