{"iob":1.3654367034228634,"activity":0.005468487626262628,"bolusiob":0.27160850144999993}
