{"iob":0.21710893919333335,"activity":0.008439400352733686,"bolusiob":0.008315760733333288}
