{"iob":0.14884137236407102,"activity":0.00017012358024691356,"bolusiob":0}
