{"iob":0.6250880821699459,"activity":0.017881275343915343,"bolusiob":0}
