{"iob":-0.1946117367411111,"activity":-0.0025336155202821857,"bolusiob":0}
