{"iob":0.5348189609075391,"activity":0.003233334074074074,"bolusiob":0}
