{"iob":-0.36832789849500003,"activity":0.000138183421516755,"bolusiob":0}
