{"iob":1.7038208563691666,"activity":0.019254673721340383,"bolusiob":0.9943387851555555}
