{"iob":0.013887074164444457,"activity":-0.001271569664902998,"bolusiob":0}
