{"iob":0.040823978677777775,"activity":-0.0006476543209876543,"bolusiob":0}
