{"iob":-0.06827608811555555,"activity":0.002277019400352733,"bolusiob":0}
