{"iob":0.8276459943111113,"activity":0.006363973063973064,"bolusiob":0.09231164544}
