{"iob":-0.09624617383555559,"activity":0.00028888888888888877,"bolusiob":0}
