{"iob":0.8333849025822224,"activity":0.02282599647266314,"bolusiob":0}
