{"iob":0.13521056767999998,"activity":-0.000765079365079365,"bolusiob":0}
