{"iob":-0.12075670034371758,"activity":0.005262336666666667,"bolusiob":0}
