{"iob":-0.07582077895,"activity":-0.001334715909090909,"bolusiob":0}
