{"iob":-0.09926885303555556,"activity":-0.00010419753086419752,"bolusiob":0}
