{"iob":-0.14943757538000002,"activity":-0.00007138888888888889,"bolusiob":0}
