{"iob":1.693456286988437,"activity":0.019165167460317455,"bolusiob":0.8030680776000001}
