{"iob":-0.04217033638624993,"activity":0.0018117234848484853,"bolusiob":0}
