{"iob":-0.19594009190000003,"activity":-0.00038876543209876536,"bolusiob":0}
