{"iob":0.92411144658875,"activity":-0.00003551136363636384,"bolusiob":1.06187171387}
