{"iob":0.40775988558908505,"activity":0.0019638275308641972,"bolusiob":0}
