{"iob":1.2290251800751029,"activity":0.011065855749559083,"bolusiob":0.45062729656444456}
