{"iob":0.6567037006169657,"activity":0.002413474162257495,"bolusiob":0.6933463566399999}
