{"iob":1.5080238408659337,"activity":0.014348137790404038,"bolusiob":0.48189757013500023}
