{"iob":1.140209744625864,"activity":0.008461340652557318,"bolusiob":0.6124145754800001}
