{"iob":0.018915772416249997,"activity":-0.0015605808080808082,"bolusiob":0}
