{"iob":1.39718948148625,"activity":0.030905631313131305,"bolusiob":0.005076028019999867}
