{"iob":-0.1826625115072222,"activity":-0.0025357319223985888,"bolusiob":0}
