{"iob":-0.1427756091091358,"activity":-0.00031537037037037037,"bolusiob":0}
