{"iob":0.09118291105876544,"activity":0.0003561111111111111,"bolusiob":0}
