{"iob":0.8779637796385931,"activity":0.011481957936507936,"bolusiob":0.31819028761333334}
