{"iob":-0.21372846628125003,"activity":-0.0028090214646464646,"bolusiob":0}
