{"iob":0.14915980316000002,"activity":0.0001239506172839506,"bolusiob":0}
