{"iob":0.7684214214466667,"activity":0.00223716049382716,"bolusiob":0.38297463808000004}
