{"iob":1.7302492419437034,"activity":0.004128574635241301,"bolusiob":1.7695632796602467}
