{"iob":0.5083356675709721,"activity":-0.0009948765432098766,"bolusiob":0.5960668952533333}
