{"iob":1.7137171578088886,"activity":0.018365379188712515,"bolusiob":0.59856682752}
