{"iob":-0.21514570631980437,"activity":-0.003934638571428571,"bolusiob":0}
