{"iob":1.9792166952555554,"activity":0.022298844797178127,"bolusiob":1.2204989037866667}
