{"iob":-0.13276481546277777,"activity":-0.00015793650793650803,"bolusiob":0}
