{"iob":-0.14943833296375003,"activity":-0.00007215277777777777,"bolusiob":0}
