{"iob":0.22564298743,"activity":0.002484126984126983,"bolusiob":0.04466438799999999}
