{"iob":1.1804830837896794,"activity":0.014513908244949494,"bolusiob":0.2891992910225}
