{"iob":-0.2669607224098766,"activity":-0.0011253086419753086,"bolusiob":0}
