{"iob":0.12771989571777778,"activity":0.0008719753086419752,"bolusiob":0}
