{"iob":1.8332460255587504,"activity":0.0186028851010101,"bolusiob":0.9288288994700001}
