{"iob":-0.09662668970125007,"activity":0.005484185606060605,"bolusiob":0}
