{"iob":-0.130890680470625,"activity":-0.0028575126262626264,"bolusiob":0}
