{"iob":1.0968764447059376,"activity":0.010397383207070704,"bolusiob":0.2853427931875}
