{"iob":-0.06678517491222222,"activity":0.0023549206349206342,"bolusiob":0}
