{"iob":-0.004367170312499953,"activity":0.001566054292929293,"bolusiob":0.025500654209999994}
