{"iob":0.8643551500331342,"activity":0.008002813668430335,"bolusiob":0.15578799456}
