{"iob":0.6599237428811111,"activity":0.012230881834215165,"bolusiob":0.20585688890666662}
