{"iob":0.13124312063687513,"activity":0.012569873737373737,"bolusiob":0}
