{"iob":-0.04979198336,"activity":-0.000039999999999999996,"bolusiob":0}
