{"iob":-0.00505190769333335,"activity":-0.0015626278659611993,"bolusiob":0}
