{"iob":1.9990597004494446,"activity":0.019854250440917105,"bolusiob":1.2217601422222222}
