{"iob":0.020841379831111125,"activity":0.0028009523809523805,"bolusiob":0}
