{"iob":-0.1897870056138272,"activity":-0.00048543209876543214,"bolusiob":0}
