{"iob":0.1702418820227778,"activity":0.005128086419753086,"bolusiob":0.013942659933333323}
