{"iob":-0.13933642219839593,"activity":-0.0004682717283950617,"bolusiob":0}
