{"iob":1.7217386885101107,"activity":0.005996711022727272,"bolusiob":1.06916078754}
