{"iob":0.19537079554312503,"activity":0.006107253787878787,"bolusiob":0}
