{"iob":0.17939151629333333,"activity":0.008569876543209875,"bolusiob":0}
