{"iob":2.0115403471080713,"activity":0.01918394551767677,"bolusiob":1.3400254259200002}
