{"iob":-0.09931511188,"activity":-0.00009925925925925925,"bolusiob":0}
