{"iob":-0.04587360496968751,"activity":-0.0018150694444444445,"bolusiob":0}
