{"iob":0.2858075001639506,"activity":-0.000642098765432099,"bolusiob":0}
