{"iob":0.4025908628473459,"activity":0.020871410564373888,"bolusiob":0}
