{"iob":0.27067946073125004,"activity":0.004359911616161616,"bolusiob":0}
