{"iob":0.27615729246166676,"activity":0.0022698412698412707,"bolusiob":0.000013506666666662781}
