{"iob":-0.17064675745266455,"activity":0.003024392873176206,"bolusiob":0}
