{"iob":0.9943278517313582,"activity":0.00508914702581369,"bolusiob":0.6175715921066669}
