{"iob":0.6610246014296443,"activity":0.0027925530335096986,"bolusiob":0}
