{"iob":-0.04943596310277776,"activity":0.001356075837742504,"bolusiob":0}
