{"iob":0.48310311802149897,"activity":0.007613800529100524,"bolusiob":0.3243948416}
