{"iob":0.6754043492812501,"activity":0.010293301767676765,"bolusiob":0.17793259425000005}
