{"iob":-0.10113562643620774,"activity":-0.000620896433080808,"bolusiob":0}
