{"iob":-0.0687866671422222,"activity":0.002633421516754848,"bolusiob":0}
