{"iob":0.10727180815012352,"activity":0.0048524466891133565,"bolusiob":0}
