{"iob":0.15982051484888884,"activity":0.0013680599647266293,"bolusiob":0}
