{"iob":0.5368603270162499,"activity":0.016848882575757573,"bolusiob":0.05232125210999994}
