{"iob":1.3741867783362678,"activity":0.01094013909722222,"bolusiob":0.47305579053}
