{"iob":0.053145803377777856,"activity":0.008588103254769924,"bolusiob":0}
