{"iob":0.8944307826133334,"activity":0.006642154882154881,"bolusiob":0.07270373066666669}
