{"iob":0.2507233538077778,"activity":0.008432257495590827,"bolusiob":0}
