{"iob":0.29400851544888895,"activity":0.004012267115600448,"bolusiob":0.0055556887111111175}
