{"iob":0.47740154085374986,"activity":0.012122941919191917,"bolusiob":0}
