{"iob":-0.07294548762,"activity":-0.00046116161616161617,"bolusiob":0}
