{"iob":0.2464866024815625,"activity":-0.003141130050505051,"bolusiob":0}
