{"iob":-0.0998055050177778,"activity":-0.000040987654320987657,"bolusiob":0}
