{"iob":0.38388490061666675,"activity":0.010634197530864194,"bolusiob":0}
