{"iob":-0.14551551018333334,"activity":-0.0005428042328042324,"bolusiob":0}
