{"iob":0.6009129077944447,"activity":0.0182168430335097,"bolusiob":0}
