{"iob":2.72968646406705,"activity":0.017659245432098764,"bolusiob":1.6893904422755555}
