{"iob":-0.23892303752500002,"activity":-0.0005240277777777778,"bolusiob":0}
