{"iob":-0.25541543749944445,"activity":-0.0015420105820105811,"bolusiob":0}
