{"iob":-0.0945800518883664,"activity":0.0005808815696649024,"bolusiob":0}
