{"iob":0.3447947739444444,"activity":0.0005314814814814814,"bolusiob":0}
