{"iob":0.6635457216977778,"activity":0.01581768959435626,"bolusiob":0}
