{"iob":2.96170543491875,"activity":0.027967847222222224,"bolusiob":1.6052334773025}
