{"iob":-0.09767956454716052,"activity":0.00048190796857463527,"bolusiob":0}
