{"iob":-0.03525289910444443,"activity":0.0010055202821869487,"bolusiob":0}
