{"iob":0.12859888801925828,"activity":0.002228905996472662,"bolusiob":0}
