{"iob":0.05041935381333335,"activity":0.0020326936026936033,"bolusiob":0}
