{"iob":-0.0489739535911111,"activity":0.0024762121212121213,"bolusiob":0}
