{"iob":-0.045011094146666666,"activity":0.00047347442680776,"bolusiob":0}
