{"iob":-0.05844956586322246,"activity":0.0016065529608585848,"bolusiob":0.01686277070249999}
