{"iob":0.45531847987277807,"activity":0.016694241622574955,"bolusiob":0}
