{"iob":0.5216584106014064,"activity":0.01943928977272727,"bolusiob":0.0055707598374999945}
