{"iob":0.08390449136222222,"activity":-0.00006492063492063467,"bolusiob":0}
