{"iob":0.14636660163287868,"activity":0.008175061675485009,"bolusiob":0}
