{"iob":1.182122478903125,"activity":0.01838736111111111,"bolusiob":0.49941328640000004}
