{"iob":-0.2411036504888889,"activity":-0.0006382716049382715,"bolusiob":0}
