{"iob":2.0348205966587503,"activity":0.009749166666666666,"bolusiob":1.58860531456}
