{"iob":0.5925219818766667,"activity":0.018454144620811283,"bolusiob":0}
