{"iob":0.38122138672,"activity":0.0009472222222222223,"bolusiob":0}
