{"iob":0.3754454741388889,"activity":0.0048436507936507915,"bolusiob":0}
