{"iob":-0.0767222095571875,"activity":0.0008201957070707071,"bolusiob":0}
