{"iob":1.5627837427358027,"activity":0.009148148148148147,"bolusiob":0.9057602810666667}
