{"iob":0.03857626656000009,"activity":0.0046982010582010516,"bolusiob":0.0010035337599999417}
