{"iob":0.6254280927466667,"activity":0.007845238095238093,"bolusiob":0.1722862657066667}
