{"iob":0.1948962104155555,"activity":0.0023638447971781242,"bolusiob":0.3096358420444444}
