{"iob":-0.007445951631249947,"activity":0.004343768939393939,"bolusiob":0}
