{"iob":-0.026523386046666705,"activity":0.001017883597883597,"bolusiob":0}
