{"iob":0.3875329519996875,"activity":-0.00032217803030303027,"bolusiob":0}
