{"iob":-0.04977510443777778,"activity":-0.00004209876543209876,"bolusiob":0}
