{"iob":0.04953177814277778,"activity":-0.00002107583774250434,"bolusiob":0}
