{"iob":0.07944075678000011,"activity":0.004824242424242424,"bolusiob":0}
