{"iob":0.4329548596788889,"activity":0.015594338624338622,"bolusiob":0}
