{"iob":0.4229027539303235,"activity":0.0014183451499118164,"bolusiob":0}
