{"iob":0.2581308651077778,"activity":0.007022663139329802,"bolusiob":0}
