{"iob":1.806789855596949,"activity":0.018871604797178126,"bolusiob":0.48846599938666674}
