{"iob":0.8709897190937285,"activity":0.006214343434343434,"bolusiob":0.34642894742123465}
