{"iob":-0.11328649105111113,"activity":-0.001889400352733686,"bolusiob":0}
