{"iob":0.09806044424031252,"activity":0.00015253472222222225,"bolusiob":0}
