{"iob":0.3647093790534722,"activity":0.003982081128747795,"bolusiob":0}
