{"iob":-0.09938747157777779,"activity":-0.00008172839506172838,"bolusiob":0}
