{"iob":-0.11210719819945292,"activity":0.004418518430335098,"bolusiob":0}
