{"iob":-0.2552710337659259,"activity":-0.0013467901234567904,"bolusiob":0}
