{"iob":-0.050046037897777784,"activity":-0.00006155202821869468,"bolusiob":0}
