{"iob":0.10300817698675113,"activity":-0.0034625045326278654,"bolusiob":0.37433964280888893}
