{"iob":0.006493304333333331,"activity":0.0005485008818342148,"bolusiob":0}
