{"iob":0.297516281923332,"activity":0.00024452659722222226,"bolusiob":0}
