{"iob":-0.049846130248689176,"activity":0.007203526984126984,"bolusiob":0}
