{"iob":0.48722067086838267,"activity":0.012317548059964725,"bolusiob":0}
