{"iob":0.04828499649125,"activity":0.00010645833333333335,"bolusiob":0}
