{"iob":0.9365720182824997,"activity":0.02091375631313131,"bolusiob":0.3484114494899999}
