{"iob":0.6080487183536643,"activity":0.0018962966666666663,"bolusiob":0.22580641066666665}
