{"iob":0.0693952244955556,"activity":0.005020317460317459,"bolusiob":0}
