{"iob":0.3717420837038464,"activity":0.005124315731922389,"bolusiob":0}
