{"iob":0.4561452499825001,"activity":0.017204646464646468,"bolusiob":0}
