{"iob":1.4649091120193358,"activity":0.029444305555555553,"bolusiob":0.14089785419999995}
