{"iob":0.4454965280047479,"activity":0.005286032486772487,"bolusiob":0}
