{"iob":0.2915083429068749,"activity":0.008467083333333332,"bolusiob":0}
