{"iob":1.8794092955066652,"activity":0.007709188800705466,"bolusiob":1.3997386496}
