{"iob":-0.10752692434388891,"activity":-0.00077641975308642,"bolusiob":0}
