{"iob":0.9528783970866666,"activity":0.011859047619047616,"bolusiob":0.5458878860088889}
