{"iob":1.5370843482362504,"activity":0.031822297979797985,"bolusiob":0.018724264019999912}
