{"iob":0.9940945981712497,"activity":0.023807575757575757,"bolusiob":0.5612684295}
