{"iob":-0.1480997749488889,"activity":-0.00021716049382716047,"bolusiob":0}
