{"iob":0.21656749433777783,"activity":0.0014269135802469134,"bolusiob":0}
