{"iob":0.017928867022500107,"activity":0.007436982323232322,"bolusiob":0}
