{"iob":-0.19582073370595773,"activity":-0.0006095833017676767,"bolusiob":0}
