{"iob":0.732846111762963,"activity":0.01236962962962963,"bolusiob":0.22762313761185188}
