{"iob":2.411653426875625,"activity":0.01057650883838384,"bolusiob":1.8695497434300001}
