{"iob":1.6074609526958334,"activity":0.01888818342151675,"bolusiob":0.9647168483555556}
