{"iob":-0.04963318545111111,"activity":0.00011435626102292762,"bolusiob":0}
