{"iob":0.001427005087777787,"activity":0.0029819576719576713,"bolusiob":0.004438630040000002}
