{"iob":-0.1845416761179167,"activity":0.00019897707231040552,"bolusiob":0}
