{"iob":0.5973306172262499,"activity":0.002135486111111111,"bolusiob":0.40356981461999997}
