{"iob":1.98807470198875,"activity":0.017859223484848485,"bolusiob":1.15971765313}
