{"iob":-0.12257086434347222,"activity":-0.0011529717813051144,"bolusiob":0}
