{"iob":0.20939787699353385,"activity":0.005008288712522046,"bolusiob":0}
