{"iob":0.8955393535780308,"activity":0.00839881995510662,"bolusiob":0.49476469570370374}
