{"iob":0.3239679875027113,"activity":0.0050599648324514985,"bolusiob":0.0010682143999999338}
