{"iob":0.18386561170567908,"activity":0.007039124579124579,"bolusiob":0.0023046085688888775}
