{"iob":0.4768677408577776,"activity":0.0169758024691358,"bolusiob":0}
