{"iob":0.8262190090871312,"activity":0.0023980305808080807,"bolusiob":0.18451031715}
