{"iob":0.1837760726886111,"activity":0.0008967283950617284,"bolusiob":0}
