{"iob":0.20086437144888894,"activity":0.003618327721661055,"bolusiob":0}
