{"iob":1.042356433071875,"activity":0.01065671085858586,"bolusiob":0.6446392249099999}
