{"iob":-0.049787080704444445,"activity":-0.00004061728395061728,"bolusiob":0}
