{"iob":-0.04442929130482238,"activity":0.0060061639153439145,"bolusiob":0}
