{"iob":-0.012061045826666675,"activity":-0.0007467372134038798,"bolusiob":0}
