{"iob":-0.0998035593888889,"activity":-0.00004012345679012345,"bolusiob":0}
