{"iob":-0.06391545986550609,"activity":-0.0016726980423280428,"bolusiob":0}
