{"iob":0.5975906491536723,"activity":0.007769850220959597,"bolusiob":0.22763439350000003}
