{"iob":-0.18303733622111115,"activity":-0.002051569664902998,"bolusiob":0}
