{"iob":0.8622144797424998,"activity":0.01165510732323232,"bolusiob":0.61756179436}
