{"iob":0.18970417295361114,"activity":0.0006019488536155203,"bolusiob":0}
