{"iob":1.5478732183559567,"activity":0.019465589425505053,"bolusiob":0.6561750746800001}
