{"iob":-0.09707135745500002,"activity":-0.0008364021164021165,"bolusiob":0}
