{"iob":-0.18980160989135803,"activity":-0.0004883333333333333,"bolusiob":0}
