{"iob":0.28725876594241523,"activity":0.015763792151675483,"bolusiob":0.03814090010666665}
