{"iob":-0.09968571788641975,"activity":-0.000042839506172839504,"bolusiob":0}
