{"iob":0.6171483801644443,"activity":0.010268253968253963,"bolusiob":0.275198016}
