{"iob":0.00139251963,"activity":0.00018042328042328038,"bolusiob":0}
