{"iob":1.5337369668599474,"activity":0.01496251349206349,"bolusiob":0.7928398007644444}
