{"iob":0.43421660379270655,"activity":0.006033209999999999,"bolusiob":0.13621096928}
