{"iob":-0.03855131644931335,"activity":-0.0010009153724747475,"bolusiob":0}
