{"iob":-0.18536652386,"activity":-0.0006005555555555556,"bolusiob":0}
