{"iob":0.844713677703125,"activity":0.009617733585858585,"bolusiob":0.377243776075}
