{"iob":-0.15912111220938271,"activity":-0.0011698765432098766,"bolusiob":0}
