{"iob":0.9338009771197111,"activity":0.00812395074074074,"bolusiob":0.3235122325333334}
