{"iob":3.19339796853125,"activity":0.025846388888888887,"bolusiob":1.908870652}
