{"iob":-0.14705783506172843,"activity":-0.00021358024691358024,"bolusiob":0}
