{"iob":1.2828823711705555,"activity":0.014048827160493826,"bolusiob":0.46743022655999994}
