{"iob":0.9220255771005558,"activity":0.01746038800705467,"bolusiob":0.12284397205333324}
