{"iob":0.6142982971471606,"activity":0.006859736251402918,"bolusiob":0.0965453440711111}
