{"iob":-0.197771230728125,"activity":-0.002995915404040404,"bolusiob":0}
