{"iob":0.21093017979236597,"activity":0.008171869047619048,"bolusiob":0}
