{"iob":0.1315692907842222,"activity":-0.0017745149911816574,"bolusiob":0}
