{"iob":0.975906115025,"activity":-0.0008874116161616161,"bolusiob":1.0965448578700001}
