{"iob":-0.09903196056258627,"activity":0.0029730157848324506,"bolusiob":0}
