{"iob":0.7142833892866667,"activity":0.011920370370370368,"bolusiob":0.11289693183999995}
