{"iob":1.932691478301094,"activity":0.011773652146464645,"bolusiob":1.4538686351399999}
