{"iob":0.8582339755844445,"activity":0.010470493827160494,"bolusiob":0.3353063140888889}
