{"iob":1.0094421909530866,"activity":0.01689154882154882,"bolusiob":0.22897093266962962}
