{"iob":0.044679264704444444,"activity":0.0002628395061728395,"bolusiob":0}
