{"iob":1.6828890258561735,"activity":0.0068754989015151514,"bolusiob":0.9220299744150001}
