{"iob":1.7007358394330085,"activity":0.029642503125000004,"bolusiob":0.27184086101250005}
