{"iob":0.17100502200833329,"activity":0.0013170194003527332,"bolusiob":0.04134103860000002}
