{"iob":-0.17475623208,"activity":-0.001404779541446208,"bolusiob":0}
