{"iob":-0.0989878918,"activity":-0.001406306818181818,"bolusiob":0}
