{"iob":0.1906100901933333,"activity":0.002030511463844796,"bolusiob":0.28403050159999993}
