{"iob":0.8298757660850001,"activity":0.012262859848484848,"bolusiob":0.286435951375}
