{"iob":0.049995645485,"activity":0.00000125,"bolusiob":0}
