{"iob":0.3605996007077776,"activity":0.013530211640211632,"bolusiob":0}
