{"iob":0.7901022417850001,"activity":0.02320455026455026,"bolusiob":-0.00017886997333307344}
