{"iob":-0.09850314708333333,"activity":-0.00018606701940035276,"bolusiob":0}
