{"iob":1.8997051031900003,"activity":0.024973924162257494,"bolusiob":0.7141572580266669}
