{"iob":0.14516291225375,"activity":0.0003586805555555555,"bolusiob":0.36955689808000003}
