{"iob":0.2987241369643532,"activity":0.004294515485008818,"bolusiob":0}
