{"iob":-0.09927823650222223,"activity":-0.00010320987654320986,"bolusiob":0}
