{"iob":0.13812449135249993,"activity":0.01105863005050505,"bolusiob":0.00047792272000002356}
