{"iob":0.1618325340277778,"activity":0.0045123456790123456,"bolusiob":0}
