{"iob":0.5849172724749999,"activity":0.006692234848484848,"bolusiob":0.4021828234}
