{"iob":0.08137715503333331,"activity":-0.000812222222222222,"bolusiob":0}
