{"iob":2.3734389160866667,"activity":0.013991393298059962,"bolusiob":1.5034454092088887}
