{"iob":0.10899499773191737,"activity":-0.000888403791887125,"bolusiob":0}
