{"iob":2.227018467705679,"activity":0.00631753086419753,"bolusiob":1.8611727686004935}
