{"iob":0.05433586709936598,"activity":0.004171869047619047,"bolusiob":0}
