{"iob":1.0444855993175,"activity":0.008986527777777779,"bolusiob":0.3798506476124999}
