{"iob":-0.011238521532187505,"activity":-0.0014741603535353537,"bolusiob":0}
