{"iob":-0.09851059370567902,"activity":-0.00012783950617283952,"bolusiob":0}
