{"iob":1.466097997005,"activity":0.0037499368686868683,"bolusiob":1.44309742102}
