{"iob":1.6669836442005557,"activity":0.01928732804232804,"bolusiob":0.9316452}
