{"iob":0.863145438725625,"activity":0.011558446969696972,"bolusiob":0.56873220775}
