{"iob":0.5396954990546875,"activity":0.011974886363636366,"bolusiob":0.09238252137500003}
