{"iob":0.496775391368125,"activity":0.011976748737373737,"bolusiob":0.07228853637500002}
