{"iob":0.07497240271333334,"activity":-0.0010172134038800703,"bolusiob":0}
