{"iob":1.4806165279881476,"activity":0.004712115037878787,"bolusiob":0.8612402188649999}
