{"iob":-0.0016812115749999857,"activity":-0.0009097222222222224,"bolusiob":0}
