{"iob":0.048807446784444444,"activity":0.000115679012345679,"bolusiob":0}
