{"iob":-0.08354007760166665,"activity":-0.0006409259259259259,"bolusiob":0}
