{"iob":-0.14840812883333335,"activity":-0.00017962962962962963,"bolusiob":0}
