{"iob":0.24376384142500002,"activity":0.0003256944444444444,"bolusiob":0}
