{"iob":2.8452195453383338,"activity":0.030567151675485,"bolusiob":1.7883817304177778}
