{"iob":-0.05023688781201771,"activity":0.005026084532627863,"bolusiob":0}
