{"iob":0.19528717444444446,"activity":0.00040123456790123454,"bolusiob":0}
