{"iob":1.642298127154568,"activity":0.007745432098765432,"bolusiob":1.085778097457778}
