{"iob":-0.17401156964929396,"activity":-0.002778073541666666,"bolusiob":0}
