{"iob":0.12845839956049382,"activity":0.004519848484848486,"bolusiob":0}
