{"iob":2.1696530206049998,"activity":0.024694735449735442,"bolusiob":0.6991440750000002}
