{"iob":0.05301856291640631,"activity":0.007475628156565655,"bolusiob":0.009177025410000006}
