{"iob":-0.09395172040225092,"activity":0.0009413577601410927,"bolusiob":0}
