{"iob":-0.192192125762963,"activity":-0.0004019135802469136,"bolusiob":0}
