{"iob":0.54510212269,"activity":0.0067926515151515154,"bolusiob":0.42202515139999996}
