{"iob":0.13355679297333334,"activity":-0.0002738271604938269,"bolusiob":0}
