{"iob":0.7045448838710086,"activity":0.006018005164141414,"bolusiob":0.22685235699}
