{"iob":0.6365718450144443,"activity":0.011915537918871254,"bolusiob":0.19392111930666667}
