{"iob":0.04932988356208332,"activity":-0.0017276278659611995,"bolusiob":0}
