{"iob":-0.04826465496493827,"activity":-0.00010716049382716049,"bolusiob":0}
