{"iob":0.04692422117555556,"activity":0.003359792368125702,"bolusiob":0}
