{"iob":1.93281458824,"activity":0.002506419753086419,"bolusiob":1.8443910742755554}
