{"iob":-0.06303128815375002,"activity":-0.0019512058080808081,"bolusiob":0}
