{"iob":0.5026283908122222,"activity":0.008661393298059962,"bolusiob":0.0947659696}
