{"iob":-0.11829326679283739,"activity":-0.0008369137037037036,"bolusiob":0}
