{"iob":-0.047624059940000005,"activity":-0.0001275,"bolusiob":0}
