{"iob":-0.06706092570124997,"activity":0.003628049242424243,"bolusiob":0}
