{"iob":-0.14590999015506173,"activity":-0.00026740740740740745,"bolusiob":0}
