{"iob":-0.2283059286948171,"activity":0.0011122916982323231,"bolusiob":0}
