{"iob":0.6007150482600001,"activity":0.012150740740740738,"bolusiob":0.004662976000000052}
