{"iob":0.39808161733521763,"activity":-0.00390705455026455,"bolusiob":0}
