{"iob":-0.23547057070617286,"activity":-0.000645679012345679,"bolusiob":0}
