{"iob":0.7216208796507778,"activity":0.01147374779541446,"bolusiob":0.17498400711111112}
