{"iob":0.28312549739305554,"activity":0.0027838888888888887,"bolusiob":0}
