{"iob":1.0685952918076675,"activity":0.0020164203703703703,"bolusiob":0.39986250752}
