{"iob":0.45643295759898833,"activity":0.01412673677248677,"bolusiob":0}
