{"iob":0.049968247460000004,"activity":0.000009999999999999999,"bolusiob":0}
