{"iob":0.08258968789333349,"activity":0.004139100529100524,"bolusiob":0}
