{"iob":0.7354203537655553,"activity":0.006644338624338622,"bolusiob":0.42607525077777775}
