{"iob":-0.31357747362393323,"activity":-0.0016158025925925924,"bolusiob":0}
