{"iob":-0.33155455108971105,"activity":-0.0023956791358024686,"bolusiob":0}
