{"iob":0.07039477827344977,"activity":-0.0009508198412698408,"bolusiob":0}
