{"iob":-0.09721021382055556,"activity":-0.00024759259259259255,"bolusiob":0}
