{"iob":0.6018892426968749,"activity":0.003651477272727274,"bolusiob":0.5995487416799999}
