{"iob":-0.014046679086527783,"activity":0.0010115873015873016,"bolusiob":0}
