{"iob":-0.2086217698166667,"activity":-0.0018772134038800706,"bolusiob":0}
