{"iob":0.31277503593555556,"activity":0.0031564197530864193,"bolusiob":0}
