{"iob":-0.04189507326000001,"activity":0.0008878835978835969,"bolusiob":0}
