{"iob":0.9398564811298765,"activity":0.0060270370370370365,"bolusiob":0.41237746254222224}
