{"iob":1.5273251440916669,"activity":0.013858465608465608,"bolusiob":0.6638198770000001}
