{"iob":0.9261267085606251,"activity":0.01194388888888889,"bolusiob":0.68384786071}
