{"iob":0.476791468313868,"activity":0.004602222962962962,"bolusiob":0}
