{"iob":0.4564125113530146,"activity":0.005057461058201058,"bolusiob":0}
