{"iob":0.8927048133175,"activity":0.011522720959595957,"bolusiob":0.5440295974399999}
