{"iob":0.030543868600401564,"activity":0.004315151325757576,"bolusiob":0}
