{"iob":-0.042428126031111096,"activity":0.00043186948853615525,"bolusiob":0}
