{"iob":0.07734474852666667,"activity":-0.0007581305114638447,"bolusiob":0}
