{"iob":0.5831611319300001,"activity":0.0068740972222222215,"bolusiob":0.46913454485}
