{"iob":2.721255883574222,"activity":0.017341340388007054,"bolusiob":2.13052333568}
