{"iob":-0.04657816532125001,"activity":-0.0025638636363636363,"bolusiob":0}
