{"iob":-0.14718678227654322,"activity":-0.0002109259259259259,"bolusiob":0}
