{"iob":1.2771638428147658,"activity":0.014735675568181821,"bolusiob":0.35957157713499993}
