{"iob":0.6437588919184377,"activity":0.019029056186868686,"bolusiob":0.15044058315000003}
