{"iob":0.3903773217322222,"activity":0.01108839506172839,"bolusiob":0}
