{"iob":0.19328795745333333,"activity":-0.0008957848324514987,"bolusiob":0}
