{"iob":1.8026298537422223,"activity":0.01021437389770723,"bolusiob":1.243701180586667}
