{"iob":2.2399598670775336,"activity":0.01426617296296296,"bolusiob":1.3038359471466667}
