{"iob":-0.09882321699888891,"activity":-0.00002114638447971793,"bolusiob":0}
