{"iob":-0.10703094089000001,"activity":0.00006574494949494946,"bolusiob":0}
