{"iob":0.04384271935333333,"activity":0.0020003527336860667,"bolusiob":0}
