{"iob":1.6499278866400002,"activity":0.013603333333333332,"bolusiob":0.5094332645600002}
