{"iob":-0.0009823932200000109,"activity":-0.00019100529100529072,"bolusiob":0}
