{"iob":0.3081290048066667,"activity":0.0019282010582010575,"bolusiob":0}
