{"iob":-0.04167009361778286,"activity":0.006350581922398589,"bolusiob":0.0030185610266666107}
