{"iob":0.030334216910751013,"activity":0.006129770617283949,"bolusiob":0}
