{"iob":-0.08034205136000001,"activity":-0.0011793939393939395,"bolusiob":0}
