{"iob":-0.27394422546022223,"activity":-0.005106913580246912,"bolusiob":0}
