{"iob":1.2518800131366667,"activity":0.00496811287477954,"bolusiob":0.7825648604444445}
