{"iob":-0.14727236342518518,"activity":-0.00020320987654320985,"bolusiob":0}
