{"iob":-0.03047311313382713,"activity":0.0026468799102132437,"bolusiob":0}
