{"iob":1.0861975154547234,"activity":0.0013613406525573189,"bolusiob":0.98097536768}
