{"iob":0.08759108429432111,"activity":0.010786868686868687,"bolusiob":0}
