{"iob":1.5763635659348243,"activity":0.011777253869949496,"bolusiob":1.19815185216}
