{"iob":0.008270086903176412,"activity":-0.001615837477954144,"bolusiob":0}
