{"iob":1.3779931884615821,"activity":0.015521246843434342,"bolusiob":0.36549452705999996}
