{"iob":-0.21311258508,"activity":-0.001634303350970017,"bolusiob":0}
