{"iob":0.6574052917648094,"activity":0.007757954450757575,"bolusiob":0.33014110776000005}
