{"iob":0.856505912205625,"activity":0.010280195707070706,"bolusiob":0.29326436975000003}
