{"iob":1.5352235550128128,"activity":0.01204068813131313,"bolusiob":0.49376019148499994}
