{"iob":-0.14669631780246914,"activity":-0.00022648148148148148,"bolusiob":0}
