{"iob":0.9399742675553125,"activity":0.008049217171717171,"bolusiob":0.39026104453}
