{"iob":0.049613811121250004,"activity":0.000044513888888888885,"bolusiob":0}
