{"iob":0.04939073727111112,"activity":0.00007827160493827159,"bolusiob":0}
