{"iob":0.03529862954000001,"activity":0.00044851851851851845,"bolusiob":0}
