{"iob":0.9030749827427781,"activity":0.020658871252204575,"bolusiob":0.19341279162666677}
