{"iob":1.93031538194,"activity":0.03330696649029982,"bolusiob":0.35775082610666675}
