{"iob":0.5771549438171875,"activity":0.0185471875,"bolusiob":0.11939794853749999}
