{"iob":0.5388577270022222,"activity":0.0011816049382716047,"bolusiob":0.5510884824533334}
