{"iob":1.6104456741106858,"activity":0.012974568765432097,"bolusiob":0.5976686754133334}
