{"iob":0.7072308225666667,"activity":0.0026648148148148147,"bolusiob":0}
