{"iob":0.9398477045578124,"activity":0.005579671717171717,"bolusiob":0.4988636769550001}
