{"iob":-0.03929944843777777,"activity":0.000809753086419753,"bolusiob":0}
