{"iob":0.04397388774125,"activity":0.000210625,"bolusiob":0}
