{"iob":-0.002187998622499998,"activity":-0.0007637626262626265,"bolusiob":0}
