{"iob":-0.14686576606375001,"activity":-0.00019590277777777783,"bolusiob":0}
