{"iob":0.15277698490469133,"activity":0.00862635241301908,"bolusiob":0}
