{"iob":0.746958826649028,"activity":0.020141278659611992,"bolusiob":0.11945870339999998}
