{"iob":1.5461230358666667,"activity":0.004544444444444443,"bolusiob":1.58854841856}
