{"iob":0.40046676407250015,"activity":0.01841284090909091,"bolusiob":0}
