{"iob":0.057343849966666666,"activity":0.0010630864197530862,"bolusiob":0}
