{"iob":0.9843045649381251,"activity":0.01768901515151515,"bolusiob":0.53634799158}
