{"iob":0.8265553819844444,"activity":0.010537160493827162,"bolusiob":0.3061471204355556}
