{"iob":-0.0013597291638340822,"activity":0.003735854938271604,"bolusiob":0}
