{"iob":0.9286566201833335,"activity":0.019157160493827156,"bolusiob":0}
