{"iob":-0.24697081163722226,"activity":-0.002353518518518518,"bolusiob":0}
