{"iob":0.049863023765,"activity":0.000022638888888888892,"bolusiob":0}
