{"iob":0.237440272469928,"activity":0.009414391552028218,"bolusiob":0}
