{"iob":0.08550065794524332,"activity":0.004376704387626263,"bolusiob":0}
