{"iob":-0.34327355760263895,"activity":-0.0029816402116402117,"bolusiob":0}
