{"iob":0.1251121356527778,"activity":0.002318571428571428,"bolusiob":0}
