{"iob":0.0547263961538889,"activity":-0.00029048500881834237,"bolusiob":0}
