{"iob":0.8213064913567878,"activity":0.005122707354497351,"bolusiob":0.6546859471822223}
