{"iob":0.148433478855,"activity":0.00013291666666666665,"bolusiob":0}
