{"iob":-0.04893442596345679,"activity":-0.00008135802469135801,"bolusiob":0}
