{"iob":1.8314104775200002,"activity":0.008465694444444446,"bolusiob":1.1758759680675}
