{"iob":1.9311314689384722,"activity":0.009607081128747794,"bolusiob":1.3932774263022223}
