{"iob":-0.049987266921249995,"activity":-0.0000034027777777777783,"bolusiob":0}
