{"iob":0.6540798261581173,"activity":0.011981392045454547,"bolusiob":0}
