{"iob":1.8700167202765434,"activity":0.0045722222222222214,"bolusiob":1.5253231689007407}
