{"iob":2.0097801788461114,"activity":0.03311228395061728,"bolusiob":0.4611899046266666}
