{"iob":-0.09957792325530865,"activity":-0.00005271604938271606,"bolusiob":0}
