{"iob":0.06947264199533817,"activity":0.010193685626102292,"bolusiob":0}
