{"iob":0.14606744757375,"activity":0.00025770833333333337,"bolusiob":0}
