{"iob":1.6816954507160655,"activity":0.015780878518518515,"bolusiob":1.0217043053866668}
