{"iob":0.8843764245781249,"activity":0.009392354797979797,"bolusiob":0.447261781075}
