{"iob":-0.0028173769921874814,"activity":-0.0009572285353535354,"bolusiob":0}
