{"iob":-0.21968786104722227,"activity":-0.0021746031746031746,"bolusiob":0}
