{"iob":0.2899413774117037,"activity":0.01352271578483245,"bolusiob":0}
