{"iob":0.045446256496250025,"activity":-0.0009832638888888888,"bolusiob":0}
