{"iob":-0.0996292341728395,"activity":-0.00004691358024691358,"bolusiob":0}
