{"iob":0.13913377171777777,"activity":0.0005386419753086419,"bolusiob":0}
