{"iob":0.6818025615538891,"activity":0.001490925925925926,"bolusiob":0}
