{"iob":0.982998566951875,"activity":0.016777973484848486,"bolusiob":0.05884892351249987}
