{"iob":0.38895151122500005,"activity":0.007904482323232324,"bolusiob":0.054249093500000005}
