{"iob":0.3508652728431888,"activity":0.002841599682539674,"bolusiob":0}
