{"iob":0.4393779662919883,"activity":0.003315943121693121,"bolusiob":0.398288752}
