{"iob":0.43221785045759575,"activity":0.008025943668430336,"bolusiob":0}
