{"iob":0.04940415738000001,"activity":-0.00009529100529100531,"bolusiob":0}
