{"iob":0.09384529218750001,"activity":0.0032177777777777777,"bolusiob":0.06859115353749995}
