{"iob":-0.0678175602166666,"activity":0.009373051146384478,"bolusiob":0}
