{"iob":-0.04523165148444445,"activity":-0.00018592592592592594,"bolusiob":0}
