{"iob":2.0029328187874444,"activity":0.020788620811287472,"bolusiob":1.0043726114666667}
