{"iob":1.6138467438442088,"activity":0.023145079241622565,"bolusiob":0.6008055881955554}
