{"iob":-0.09892990433222223,"activity":0.00010583774250440896,"bolusiob":0}
