{"iob":0.012332110972499997,"activity":0.00159375,"bolusiob":0.008197142735000008}
