{"iob":0.29963956028750005,"activity":0.00008847222222222222,"bolusiob":0.397510912}
