{"iob":2.0069963194240277,"activity":0.021482116402116398,"bolusiob":1.1284330703466665}
