{"iob":0.15460398194777783,"activity":0.004925729517396184,"bolusiob":0}
