{"iob":0.04998639706000001,"activity":0.000004814814814814814,"bolusiob":0}
