{"iob":2.99877836710125,"activity":0.01900777777777778,"bolusiob":2.1533084322800002}
