{"iob":0.5529072464,"activity":0.015764276094276095,"bolusiob":0.02678118559999998}
