{"iob":0.13941088012843747,"activity":0.00405478851010101,"bolusiob":0}
