{"iob":0.9555154589137502,"activity":0.021661395202020203,"bolusiob":0.07443247371000007}
