{"iob":1.3849157885451855,"activity":0.018230875420875422,"bolusiob":0.3111058106074075}
