{"iob":1.9468597671587504,"activity":0.011448661616161615,"bolusiob":1.2522228505600002}
