{"iob":1.088615604590518,"activity":0.019949101964085295,"bolusiob":0.020866644622222097}
