{"iob":-0.03789012593777779,"activity":-0.00030407407407407407,"bolusiob":0}
