{"iob":0.04811117031611112,"activity":-0.00014798941798941794,"bolusiob":0}
