{"iob":-0.0017783901377777748,"activity":0.0018063139329805992,"bolusiob":0}
