{"iob":0.2861612834738888,"activity":0.009579850088183415,"bolusiob":0}
