{"iob":1.2737879122862499,"activity":0.007756060606060604,"bolusiob":0.7493142659550001}
