{"iob":0.08563579308499998,"activity":0.0006379166666666667,"bolusiob":0.32151740708}
