{"iob":-0.09089408505553959,"activity":0.0009878655202821864,"bolusiob":0}
