{"iob":-0.10406153707777777,"activity":-0.0004850440917107583,"bolusiob":0}
