{"iob":1.475841993108582,"activity":0.021206366966490295,"bolusiob":0.46378184416}
