{"iob":-0.04881817509444443,"activity":-0.00006407407407407531,"bolusiob":0}
