{"iob":1.0124322260380714,"activity":0.009361844601571266,"bolusiob":0.5762393942281481}
