{"iob":0.8715107223673902,"activity":0.015436683775252527,"bolusiob":0.007943551349999911}
