{"iob":0.000009585551666674297,"activity":-0.00000908289241622574,"bolusiob":0}
