{"iob":1.0967089518711113,"activity":0.02424906525573192,"bolusiob":-0.0005338000000001952}
