{"iob":0.9474687865222223,"activity":0.0035838271604938265,"bolusiob":0.7201356119999999}
