{"iob":0.7219149591577777,"activity":0.014772336860670192,"bolusiob":0.19884764444444444}
