{"iob":0.09936904212,"activity":0.0000837037037037037,"bolusiob":0}
