{"iob":0.9607302765148009,"activity":0.0024977783950617285,"bolusiob":0.29749846656}
