{"iob":-0.07008944402388888,"activity":-0.0008893209876543208,"bolusiob":0}
