{"iob":0.4659004053096296,"activity":0.001386296296296296,"bolusiob":0}
