{"iob":-0.09437834574222223,"activity":0.00023033509700176358,"bolusiob":0}
