{"iob":0.3265728044929674,"activity":0.003666232872474747,"bolusiob":0.29140418738999996}
