{"iob":0.0072304292960933105,"activity":0.0015665059964726615,"bolusiob":0}
