{"iob":-0.09722919296222224,"activity":-0.0002465432098765432,"bolusiob":0}
