{"iob":0.04785981149333335,"activity":-0.000215837742504409,"bolusiob":0}
