{"iob":0.05420915579256945,"activity":0.00034753086419753057,"bolusiob":0}
