{"iob":1.7930869968433336,"activity":0.02462065255731922,"bolusiob":0.5562183760666668}
