{"iob":0.21452543374222227,"activity":0.010436139169472503,"bolusiob":0}
