{"iob":1.216429065493889,"activity":0.012893024691358022,"bolusiob":0.3876730478000001}
