{"iob":2.1146994908496874,"activity":0.006362866161616162,"bolusiob":1.9863314066}
