{"iob":2.200329645591111,"activity":0.02738835978835978,"bolusiob":1.14198632544}
