{"iob":1.8004267786869868,"activity":0.02088583761904761,"bolusiob":0.8534545579733332}
