{"iob":1.7510318749755553,"activity":0.010022345679012343,"bolusiob":1.1698694872355557}
