{"iob":0.5524762478161108,"activity":0.01710880070546737,"bolusiob":0}
