{"iob":-0.09934871127555556,"activity":-0.00008617283950617283,"bolusiob":0}
