{"iob":2.910769914706667,"activity":0.024720000000000002,"bolusiob":1.8190266804977777}
