{"iob":1.8960010546005557,"activity":0.020343492063492057,"bolusiob":1.049472479288889}
