{"iob":-0.099509134345,"activity":-0.00006152777777777778,"bolusiob":0}
