{"iob":-0.10268904451,"activity":0.0009468606701940036,"bolusiob":0}
