{"iob":0.6043628810383335,"activity":0.008055731922398588,"bolusiob":0.14832641324000007}
