{"iob":-0.0997720918511111,"activity":-0.00004604938271604938,"bolusiob":0}
