{"iob":0.2977303578727778,"activity":0.0015114726631393297,"bolusiob":0}
