{"iob":0.30429242507523935,"activity":0.006266439682539683,"bolusiob":0}
