{"iob":3.49266414243,"activity":0.022703977272727282,"bolusiob":2.27829071961}
