{"iob":-0.4113256534484043,"activity":-0.003087724991181657,"bolusiob":0}
