{"iob":-0.09929910854222224,"activity":-0.00010098765432098764,"bolusiob":0}
