{"iob":1.0269540048800605,"activity":0.007702336419753085,"bolusiob":1.0812671763911113}
