{"iob":0.22938336726222222,"activity":0.001028148148148148,"bolusiob":0}
