{"iob":-0.26345815807686035,"activity":0.006499879842171717,"bolusiob":0}
