{"iob":-0.08910353650944444,"activity":-0.0016058553791887121,"bolusiob":0}
