{"iob":0.9164828702824999,"activity":0.011600126262626262,"bolusiob":0.13488923507499997}
