{"iob":0.04562321030872456,"activity":0.007136878042328041,"bolusiob":0}
