{"iob":0.09939584376098766,"activity":0.00006222222222222222,"bolusiob":0}
