{"iob":0.7565967788162501,"activity":0.006727436868686869,"bolusiob":0.33655449484999994}
