{"iob":1.2386647725171953,"activity":0.012632481268939393,"bolusiob":0.35567611118999987}
