{"iob":1.0703987818216665,"activity":0.02127235449735449,"bolusiob":0.08239295813333325}
