{"iob":1.0526256136533332,"activity":0.01695608465608465,"bolusiob":0.5297524053333333}
