{"iob":0.062162803641382644,"activity":0.004465696208112875,"bolusiob":0}
