{"iob":2.098498918004493,"activity":0.018242310282186945,"bolusiob":1.3581560451333334}
