{"iob":0.1961906776921875,"activity":0.00683247159090909,"bolusiob":0}
