{"iob":1.9211691358735803,"activity":0.002545185185185184,"bolusiob":1.7052783926992594}
