{"iob":0.30657697537625006,"activity":0.007893809523809522,"bolusiob":0.04440521018666668}
