{"iob":-0.09711157038444444,"activity":-0.00019172839506172837,"bolusiob":0}
