{"iob":-0.08493608106954748,"activity":-0.0012021339078282828,"bolusiob":0}
