{"iob":0.49429699614172856,"activity":0.007369029180695848,"bolusiob":0.03069330929777776}
