{"iob":-0.04858328655625002,"activity":-0.00011229166666666668,"bolusiob":0}
