{"iob":1.2020290352359375,"activity":0.013249311868686869,"bolusiob":0.6145833845174999}
