{"iob":-0.09938898301555556,"activity":-0.00008037037037037036,"bolusiob":0}
