{"iob":0.04978013056,"activity":0.00004148148148148147,"bolusiob":0}
