{"iob":1.0243176042440623,"activity":0.011411925505050506,"bolusiob":0.17152737227999992}
