{"iob":-0.09544323595277775,"activity":-0.0017737566137566128,"bolusiob":0}
