{"iob":0.04789162100938272,"activity":0.00011938271604938271,"bolusiob":0}
