{"iob":-0.13209097891555555,"activity":-0.0006177777777777779,"bolusiob":0}
