{"iob":1.2867277990057777,"activity":0.016259312169312163,"bolusiob":0.5004543793866667}
