{"iob":-0.04883192713777778,"activity":-0.00011432098765432097,"bolusiob":0}
