{"iob":1.1436929553003157,"activity":0.016187804320987657,"bolusiob":0.14180462590666673}
