{"iob":-0.061477526340000005,"activity":-0.0008649735449735445,"bolusiob":0}
