{"iob":0.45376815037555557,"activity":0.00914506172839506,"bolusiob":0.06850325699999997}
