{"iob":1.5459267894400004,"activity":0.014886666666666666,"bolusiob":0.3604625657600001}
