{"iob":0.08990849480444435,"activity":0.003913633156966489,"bolusiob":0}
