{"iob":0.1250575042622222,"activity":-0.000937142857142857,"bolusiob":0}
