{"iob":0.16942071124777772,"activity":0.006930211640211637,"bolusiob":0}
