{"iob":0.04355747632520875,"activity":-0.003555008694885361,"bolusiob":0}
