{"iob":0.7170158549888889,"activity":0.01959705467372134,"bolusiob":0.0249573394}
