{"iob":0.1563974324718577,"activity":0.001200934867724867,"bolusiob":0}
