{"iob":1.1460067722380538,"activity":0.0004464158333333333,"bolusiob":0.6992387215099999}
