{"iob":0.3984990903493059,"activity":0.0006118972664141414,"bolusiob":0}
