{"iob":1.0312904986119784,"activity":0.013038360405643736,"bolusiob":0.30672291655111106}
