{"iob":-0.09853681939753087,"activity":-0.0001260493827160494,"bolusiob":0}
