{"iob":1.3640980552527777,"activity":0.002019223985890652,"bolusiob":1.4200875581333334}
