{"iob":2.20875557363,"activity":0.01719165784832451,"bolusiob":1.1629827793733336}
