{"iob":0.06062093986743058,"activity":0.0038319753086419744,"bolusiob":0}
