{"iob":0.44916508485523815,"activity":0.0028261284832451494,"bolusiob":0}
