{"iob":0.13856082497875,"activity":0.002853333333333333,"bolusiob":0}
