{"iob":0.033376414247499986,"activity":0.009412657828282829,"bolusiob":0}
