{"iob":-0.049979381914999996,"activity":-0.000014021164021163947,"bolusiob":0}
