{"iob":0.8829473566394446,"activity":0.022504082892416226,"bolusiob":0.000010585280000263707}
