{"iob":0.2889128120416511,"activity":0.0016678410037878786,"bolusiob":0.17295267035999998}
