{"iob":-0.23821578939875002,"activity":-0.0005939583333333334,"bolusiob":0}
