{"iob":0.043643936,"activity":0.0002888888888888889,"bolusiob":0}
