{"iob":0.09980657506222224,"activity":0.000040987654320987657,"bolusiob":0}
