{"iob":-0.17399217054222224,"activity":-0.0027348821548821554,"bolusiob":0}
