{"iob":2.827203047490556,"activity":0.02509904761904762,"bolusiob":1.7126388721555557}
