{"iob":1.5384237581199998,"activity":0.005179936868686867,"bolusiob":1.40302520225}
