{"iob":-0.11012566305528088,"activity":0.004645308377425043,"bolusiob":0}
