{"iob":1.1852949616849997,"activity":0.0242197601010101,"bolusiob":0.14484310139}
