{"iob":-0.06569137231277779,"activity":-0.0010005820105820104,"bolusiob":0}
