{"iob":-0.09931329237944445,"activity":-0.0001346737213403879,"bolusiob":0}
