{"iob":0.1712371754325,"activity":0.009083068181818178,"bolusiob":0.031202946360000004}
