{"iob":0.04970508340444445,"activity":0.00005012345679012345,"bolusiob":0}
