{"iob":1.1328719174852133,"activity":0.008806384603174601,"bolusiob":0.7825748707555554}
