{"iob":-0.24534695013,"activity":-0.0011684532828282823,"bolusiob":0}
