{"iob":0.49847514774722856,"activity":0.0037804860670193926,"bolusiob":0}
