{"iob":0.046819140156049384,"activity":0.00014950617283950618,"bolusiob":0}
