{"iob":0.042848583853827164,"activity":0.00023061728395061727,"bolusiob":0}
