{"iob":-0.09101641511555555,"activity":-0.0004772839506172839,"bolusiob":0}
