{"iob":0.3558436078500002,"activity":0.017951957671957668,"bolusiob":0}
