{"iob":-0.193802196345,"activity":-0.00033375,"bolusiob":0}
