{"iob":0.4333143491137778,"activity":0.002918271604938271,"bolusiob":0}
