{"iob":0.16613255613999978,"activity":0.00743089947089947,"bolusiob":0}
