{"iob":1.8267594526003987,"activity":0.007701540370370371,"bolusiob":0.9788856531911112}
