{"iob":0.15793291958500005,"activity":0.004154280303030303,"bolusiob":0}
