{"iob":1.54718129963566,"activity":0.004178204191919192,"bolusiob":0.795435746}
