{"iob":3.0475836846987496,"activity":0.026534236111111113,"bolusiob":1.155753517405}
