{"iob":-0.03358512044798405,"activity":0.003917001322751321,"bolusiob":0}
