{"iob":2.0192401567841975,"activity":0.010059382716049382,"bolusiob":1.1473541410844446}
