{"iob":0.05806832846124997,"activity":-0.00034679894179894194,"bolusiob":0}
