{"iob":0.9253366391537501,"activity":-0.00023646464646464647,"bolusiob":1.0732197836800002}
