{"iob":0.10415006100711864,"activity":0.004980208143939395,"bolusiob":0}
