{"iob":0.04654226752790124,"activity":0.00015641975308641976,"bolusiob":0}
