{"iob":2.6312268610514904,"activity":0.010878615890652555,"bolusiob":1.8510302752355554}
