{"iob":0.257646383786875,"activity":0.007436300505050505,"bolusiob":0}
