{"iob":0.01609465008062494,"activity":0.004394412878787878,"bolusiob":0}
