{"iob":0.1548987090923633,"activity":0.0051982322285353535,"bolusiob":0}
