{"iob":0.9902256765066667,"activity":0.009356296296296295,"bolusiob":0.36989275136}
