{"iob":0.889854650861875,"activity":0.010140991161616162,"bolusiob":0.30811081475}
