{"iob":1.8916052970690624,"activity":0.019840457702020198,"bolusiob":1.0762572018299998}
