{"iob":-0.14199260947597225,"activity":-0.0013232363315696652,"bolusiob":0}
