{"iob":0.31852088348833335,"activity":0.0012138712522045854,"bolusiob":0.5902325026133334}
