{"iob":0.060727616676250006,"activity":0.00021854497354497357,"bolusiob":0}
