{"iob":0.7233553664844445,"activity":0.006909814814814815,"bolusiob":0.20717240974222226}
