{"iob":0.04800076188444445,"activity":0.0001545679012345679,"bolusiob":0}
