{"iob":-0.19101271317333338,"activity":-0.0004466666666666666,"bolusiob":0}
