{"iob":-0.19716011484125,"activity":-0.00022687499999999997,"bolusiob":0}
