{"iob":0.6918917119604939,"activity":0.012026251402918069,"bolusiob":0.18981929050074076}
