{"iob":-0.08930943287444454,"activity":0.007261975308641973,"bolusiob":0}
