{"iob":1.156764369540741,"activity":0.01377030303030303,"bolusiob":0.32777321416296284}
