{"iob":-0.14532448978567902,"activity":-0.0014064534231200897,"bolusiob":0}
