{"iob":2.129041106443333,"activity":0.02931881834215167,"bolusiob":0.51173623584}
