{"iob":0.0978726919688889,"activity":0.000205679012345679,"bolusiob":0}
