{"iob":2.2563933061611348,"activity":0.02367433924162257,"bolusiob":0.6276956578577779}
