{"iob":0.14884868014432354,"activity":0.00011476209876543208,"bolusiob":0}
