{"iob":0.9479049357572225,"activity":0.024166948853615523,"bolusiob":0}
