{"iob":0.1584975100715827,"activity":0.00710273324514991,"bolusiob":0}
