{"iob":2.839508844996875,"activity":0.02902852904040404,"bolusiob":1.4574449468025}
