{"iob":0.14876052636444445,"activity":0.00012074074074074073,"bolusiob":0}
