{"iob":0.19897537834,"activity":0.0041247089947089935,"bolusiob":0}
