{"iob":0.11891138460185606,"activity":0.0019316220458553785,"bolusiob":0}
