{"iob":0.04999784129531251,"activity":-0.0001522474747474748,"bolusiob":0}
