{"iob":0.09792960562888892,"activity":-0.0002756790123456787,"bolusiob":0}
