{"iob":-0.11021889727999992,"activity":0.0050717171717171725,"bolusiob":0}
