{"iob":0.9791497907358024,"activity":0.0013296296296296296,"bolusiob":0.9254640696098766}
