{"iob":-0.14279573852,"activity":-0.00041629629629629623,"bolusiob":0}
