{"iob":1.552798859604236,"activity":0.02685482363315696,"bolusiob":0.3906072521066667}
