{"iob":-0.1429125128371875,"activity":-0.0015953345959595958,"bolusiob":0}
