{"iob":-0.10431651638444447,"activity":-0.0017941622574955906,"bolusiob":0}
