{"iob":0.7927212944136891,"activity":0.018356681780303034,"bolusiob":0.11447678467499994}
