{"iob":0.013984667633333392,"activity":0.006722680776014109,"bolusiob":0}
