{"iob":0.5130975106987502,"activity":0.012240656565656566,"bolusiob":0.008657415075000063}
