{"iob":0.6202241090496667,"activity":0.008910167548500878,"bolusiob":0.12264507136000002}
