{"iob":0.8388617838422222,"activity":0.00654432098765432,"bolusiob":0.36874906752000003}
