{"iob":1.4406350261061112,"activity":0.023668333333333326,"bolusiob":0.2551726058800003}
