{"iob":0.3011166115528746,"activity":0.0004713226830808081,"bolusiob":0}
