{"iob":-0.29352895505593324,"activity":-0.002134321111111111,"bolusiob":0}
