{"iob":2.7019583649818952,"activity":0.016047569700176362,"bolusiob":1.9379017169422221}
