{"iob":1.4995992674053125,"activity":0.010575981691919194,"bolusiob":0.8182638433349999}
