{"iob":0.749377483853889,"activity":0.018615820105820104,"bolusiob":0.04382079093333338}
