{"iob":-0.02484472024888887,"activity":-0.0010619753086419756,"bolusiob":0}
