{"iob":-0.10004433591444445,"activity":-0.00012758377425044085,"bolusiob":0}
