{"iob":0.3291260608079012,"activity":0.0041612345679012345,"bolusiob":0.020587315377777804}
