{"iob":0.47330415314562513,"activity":0.009830517676767677,"bolusiob":0.16196282152249997}
