{"iob":1.7532269852072224,"activity":0.003316437389770722,"bolusiob":1.8099759104000002}
