{"iob":-0.09931487779722223,"activity":0.00009271604938271574,"bolusiob":0}
