{"iob":-0.22140989198666666,"activity":-0.0014562962962962962,"bolusiob":0}
