{"iob":-0.025921815492567377,"activity":0.008158253527336857,"bolusiob":0}
