{"iob":-0.21620044109749997,"activity":-0.0003434974747474749,"bolusiob":0}
