{"iob":-0.12523107886666668,"activity":0.004853615520282185,"bolusiob":0}
