{"iob":0.13890142923444443,"activity":0.0050076366843033486,"bolusiob":0}
