{"iob":1.9779403295604938,"activity":0.0022123456790123456,"bolusiob":1.9265114693530865}
