{"iob":-0.0000861464166666659,"activity":-0.00006261022927689574,"bolusiob":0}
