{"iob":-0.09960861163125001,"activity":-0.00004673611111111112,"bolusiob":0}
