{"iob":-0.043575434864197536,"activity":-0.00021790123456790124,"bolusiob":0}
