{"iob":-0.09192018205239755,"activity":0.0003892766313932975,"bolusiob":0}
