{"iob":-0.08439934849500008,"activity":0.006131982323232323,"bolusiob":0}
