{"iob":0.1884351712312451,"activity":0.0031606176543209877,"bolusiob":0}
