{"iob":1.0423779900849999,"activity":0.01162882575757576,"bolusiob":0.4909262186}
