{"iob":0.09646533451187495,"activity":0.012075555555555556,"bolusiob":0}
