{"iob":1.49485489846,"activity":0.015479444444444445,"bolusiob":0.3003197663399999}
