{"iob":-0.1928704530014815,"activity":-0.0003959259259259259,"bolusiob":0}
