{"iob":0.3166667857384914,"activity":0.006305230370370371,"bolusiob":0}
