{"iob":0.4615292579777779,"activity":0.002035802469135802,"bolusiob":0}
