{"iob":0.1979482000177777,"activity":0.010520594837261504,"bolusiob":0}
