{"iob":0.6429607359091359,"activity":0.0135365544332211,"bolusiob":0.015482688000000078}
