{"iob":-0.11430630567111112,"activity":-0.001016490299823633,"bolusiob":0}
