{"iob":-0.029195921197777787,"activity":-0.0007374074074074072,"bolusiob":0}
