{"iob":2.2662383279825007,"activity":0.012683503787878785,"bolusiob":1.4917935102}
