{"iob":-0.093925552185,"activity":0.0014875000000000003,"bolusiob":0}
