{"iob":1.21451345817071,"activity":0.01422295451499118,"bolusiob":0.2965694710755556}
