{"iob":2.483811521913333,"activity":0.017983262786596114,"bolusiob":1.908786163182222}
