{"iob":0.047553361382812506,"activity":0.0036983901515151504,"bolusiob":0}
