{"iob":1.4167286371377779,"activity":0.025060423280423273,"bolusiob":0.27849084885333336}
