{"iob":0.4214852402844445,"activity":0.01392682379349046,"bolusiob":0}
