{"iob":-0.053046644323749996,"activity":-0.0008461111111111111,"bolusiob":0}
