{"iob":1.1373796595933334,"activity":0.01778111111111111,"bolusiob":0.5607178453333332}
