{"iob":0.8526477524450001,"activity":0.002777248677248677,"bolusiob":0.49700490444444445}
