{"iob":1.2369943066027125,"activity":0.0088200064520202,"bolusiob":0.49530829367999996}
