{"iob":1.9486716985173835,"activity":0.01117080320987654,"bolusiob":0.9972030361422222}
