{"iob":-0.03268813322271606,"activity":-0.0003661728395061728,"bolusiob":0}
