{"iob":0.09669815242567902,"activity":0.00020771604938271606,"bolusiob":0}
