{"iob":0.9864493708820834,"activity":0.0163765873015873,"bolusiob":0.1250726368000002}
