{"iob":0.09704599736249996,"activity":0.005711401515151514,"bolusiob":0}
