{"iob":-0.09920082984722223,"activity":-0.00011685185185185184,"bolusiob":0}
