{"iob":0.15573322890430236,"activity":0.0005185362610229276,"bolusiob":0}
