{"iob":0.08904819582333331,"activity":0.005682098765432097,"bolusiob":0}
