{"iob":0.696931727313125,"activity":0.011150315656565655,"bolusiob":0.19979023222250003}
