{"iob":0.025701570012499994,"activity":-0.0010844760101010103,"bolusiob":0}
