{"iob":0.3621586911324999,"activity":0.017956313131313132,"bolusiob":0}
