{"iob":0.8632646103288887,"activity":0.009657283950617282,"bolusiob":0.30015635376000005}
