{"iob":-0.09774353014500001,"activity":-0.00016708333333333335,"bolusiob":0}
