{"iob":0.04999164027777778,"activity":0.0000030864197530864196,"bolusiob":0}
