{"iob":0.3053108863527778,"activity":0.0013946825396825395,"bolusiob":0}
