{"iob":0.8129712694716049,"activity":0.015144197530864198,"bolusiob":0}
