{"iob":-0.14748101866222224,"activity":-0.0002720987654320987,"bolusiob":0}
