{"iob":0.22449287614944452,"activity":0.004003968253968253,"bolusiob":0.40601947804444444}
