{"iob":-0.09121444021555555,"activity":-0.00047148148148148147,"bolusiob":0}
