{"iob":0.14061359231875,"activity":0.00048659722222222225,"bolusiob":0}
