{"iob":-0.18351361148333334,"activity":0.0003435802469135798,"bolusiob":0}
