{"iob":1.7410517869775,"activity":0.014849520202020202,"bolusiob":0.9792440417300002}
