{"iob":0.19790206290555573,"activity":0.006000388007054672,"bolusiob":0}
