{"iob":0.8667091257888889,"activity":0.011716843033509698,"bolusiob":0.2974301119466667}
