{"iob":0.10780418724500003,"activity":0.011971957671957668,"bolusiob":0}
