{"iob":-0.24161637051944446,"activity":-0.0011592592592592588,"bolusiob":0}
