{"iob":-0.16546980479209877,"activity":-0.0010832098765432099,"bolusiob":0}
