{"iob":1.1286171074213336,"activity":0.01569940035273368,"bolusiob":0.3618133694933333}
