{"iob":2.0039855959449335,"activity":0.0190347265079365,"bolusiob":1.17935824636}
