{"iob":-0.09916103803944445,"activity":-0.00014308641975308633,"bolusiob":0}
