{"iob":0.048058050417777776,"activity":0.00015209876543209876,"bolusiob":0}
