{"iob":0.19828432366222223,"activity":0.00023407407407407405,"bolusiob":0}
