{"iob":1.2075023272244443,"activity":0.023161781305114634,"bolusiob":0.14331310592000002}
