{"iob":0.9692023366768056,"activity":0.005787680776014107,"bolusiob":0.64120915896}
