{"iob":1.4018873731654546,"activity":-0.00029760985890652533,"bolusiob":0.9948987688888888}
