{"iob":2.290265870148889,"activity":0.018617989417989415,"bolusiob":1.6855386311111111}
