{"iob":0.20522581466208334,"activity":-0.0017511199294532628,"bolusiob":0.39749211214222224}
