{"iob":0.19534589210444447,"activity":0.00039765432098765426,"bolusiob":0}
