{"iob":2.9725151631888886,"activity":0.0208892328042328,"bolusiob":1.8166821560622224}
