{"iob":1.9249754644567452,"activity":0.005529858994708993,"bolusiob":1.6069506161777776}
