{"iob":1.879603784391111,"activity":0.005693827160493826,"bolusiob":1.6514094476799999}
