{"iob":1.1327054125977776,"activity":0.00782499118165784,"bolusiob":0.7740440497066666}
