{"iob":0.817257594933611,"activity":0.01984814814814815,"bolusiob":0.03530809040000005}
