{"iob":-0.04983555371777778,"activity":-0.00003419753086419752,"bolusiob":0}
