{"iob":0.5879731096523493,"activity":0.013507671516754844,"bolusiob":0.00467952202666666}
