{"iob":2.549280011548579,"activity":0.018975415079365076,"bolusiob":1.3698801809422223}
