{"iob":0.4722806566850001,"activity":0.0017402083333333332,"bolusiob":0.30781219200000004}
