{"iob":1.6881818693927344,"activity":0.00514892361111111,"bolusiob":1.14329309472}
