{"iob":-0.14558713168098766,"activity":-0.00026462962962962963,"bolusiob":0}
