{"iob":1.3704201494162502,"activity":0.006076893939393939,"bolusiob":1.0903545557}
