{"iob":-0.1684233037071875,"activity":-0.0021836805555555555,"bolusiob":0}
