{"iob":0.8914990329744327,"activity":0.0029278471527777773,"bolusiob":0.54297263625}
