{"iob":2.240219697816875,"activity":0.019512140151515152,"bolusiob":1.3361329360624998}
