{"iob":0.19839372003555555,"activity":0.0033819753086419746,"bolusiob":0}
