{"iob":1.7287997944066666,"activity":0.0034958641975308628,"bolusiob":1.670736541688889}
