{"iob":0.033437668649876566,"activity":0.0029490796857463523,"bolusiob":0}
