{"iob":0.712885507823125,"activity":0.015288497474747474,"bolusiob":-0.0003385003875000514}
