{"iob":0.43542217803604943,"activity":0.007429433221099887,"bolusiob":0.014809600071111153}
