{"iob":-0.06285400527222242,"activity":0.00011994942550505057,"bolusiob":0.00997907120249999}
