{"iob":0.6820971186330864,"activity":0.014465982042648711,"bolusiob":0.11150647598222223}
