{"iob":0.24503356053555556,"activity":0.0004322222222222222,"bolusiob":0}
