{"iob":1.3088069317806956,"activity":0.010937670662878787,"bolusiob":0.511042389}
