{"iob":1.2857285950204942,"activity":0.01789556580246914,"bolusiob":0.21883536341333332}
