{"iob":0.8856775007028845,"activity":0.0058771077072310406,"bolusiob":0.5223185602844445}
