{"iob":0.0855790535466667,"activity":0.008878114478114478,"bolusiob":0}
