{"iob":0.787374152762222,"activity":0.02271744268077601,"bolusiob":0.024913568679999967}
