{"iob":2.15922382211125,"activity":0.03339037878787879,"bolusiob":0.21052883149999996}
