{"iob":0.04732401053375,"activity":-0.0003798674242424243,"bolusiob":0}
