{"iob":0.003838860477777775,"activity":-0.0012070017636684302,"bolusiob":0}
