{"iob":0.43409145441975316,"activity":0.00757469135802469,"bolusiob":0.00611987573333328}
