{"iob":0.3635839143427163,"activity":0.011711941638608305,"bolusiob":0}
