{"iob":1.5595958855777778,"activity":0.02189061728395061,"bolusiob":0.37877747788}
