{"iob":0.09909874454913581,"activity":0.00008493827160493825,"bolusiob":0}
