{"iob":1.3563482030143212,"activity":0.004442098765432097,"bolusiob":1.3119402498844446}
