{"iob":-0.05001684748611111,"activity":-0.00003827160493827146,"bolusiob":0}
