{"iob":0.257521804221875,"activity":0.004648301767676768,"bolusiob":0}
