{"iob":1.1900232691984947,"activity":0.008939939012345674,"bolusiob":0.3276771446755556}
