{"iob":1.4443059861525225,"activity":0.006310059564393939,"bolusiob":1.14805392128}
