{"iob":0.008234961208888919,"activity":0.0011213131313131315,"bolusiob":0}
