{"iob":0.07502113355944445,"activity":0.001445485008818342,"bolusiob":0}
