{"iob":1.5119638942088889,"activity":0.00711432098765432,"bolusiob":1.0853492921422223}
