{"iob":0.46064739978044444,"activity":0.002177530864197531,"bolusiob":0}
