{"iob":2.198482070542935,"activity":0.019910273738977066,"bolusiob":1.0488597190133333}
