{"iob":0.14681961287333334,"activity":0.0003048148148148148,"bolusiob":0}
