{"iob":0.17883053280179692,"activity":-0.0032229071969696963,"bolusiob":0}
