{"iob":1.8532686586890628,"activity":0.015331215277777779,"bolusiob":0.9761114518050001}
