{"iob":0.9619510169911113,"activity":0.012248007054673717,"bolusiob":0.5971403397866668}
