{"iob":-0.21093911198444446,"activity":-0.0013847971781305113,"bolusiob":0}
