{"iob":1.7875575477866665,"activity":0.032975026455026445,"bolusiob":0.22112147978666657}
