{"iob":-0.04387515744444445,"activity":0.0002885361552028218,"bolusiob":0}
