{"iob":-0.29146289939111114,"activity":-0.0006491358024691357,"bolusiob":0}
