{"iob":-0.19267568662123458,"activity":-0.00038913580246913577,"bolusiob":0}
