{"iob":0.10099257543081226,"activity":0.0009312545391414139,"bolusiob":0}
