{"iob":0.93530854540875,"activity":0.022520214646464642,"bolusiob":0.5038598371799999}
