{"iob":0.13573926869888892,"activity":0.0039978835978835975,"bolusiob":0}
