{"iob":0.4670901262286242,"activity":0.001544162751322751,"bolusiob":0}
