{"iob":0.013991419808395064,"activity":0.0019010325476992145,"bolusiob":0}
