{"iob":-0.24200771656375003,"activity":-0.002085511363636364,"bolusiob":0}
