{"iob":1.62374700284289,"activity":0.019537444002525252,"bolusiob":0.7715630080000001}
