{"iob":1.7143902031602343,"activity":0.004403923611111111,"bolusiob":1.21294788888}
