{"iob":1.793165421591111,"activity":0.027023280423280414,"bolusiob":0.6545953594400002}
