{"iob":1.1471219093035079,"activity":0.008612990158730157,"bolusiob":0.29551546083555563}
