{"iob":1.1904627595855557,"activity":0.005838483245149908,"bolusiob":0.7089929504711111}
