{"iob":0.6737345921966666,"activity":0.015517107583774253,"bolusiob":0}
