{"iob":0.22890643149555537,"activity":0.007618571428571424,"bolusiob":0}
