{"iob":-0.09962591612049382,"activity":-0.000047160493827160495,"bolusiob":0}
