{"iob":0.2445811871622222,"activity":0.000018342151675485375,"bolusiob":0}
