{"iob":1.5897003701315662,"activity":0.0007019585537918877,"bolusiob":1.073120277777778}
