{"iob":0.6289051336246914,"activity":0.002458580246913581,"bolusiob":0}
