{"iob":1.2299562712868752,"activity":0.004441919191919191,"bolusiob":1.0001633280025}
