{"iob":1.4742801031427777,"activity":0.019095582010582007,"bolusiob":0.6987360996266666}
