{"iob":1.9334701098125002,"activity":0.003791818181818181,"bolusiob":1.829423134}
