{"iob":-0.0230309697972223,"activity":0.006269841269841268,"bolusiob":0}
