{"iob":0.0668913525293826,"activity":0.007300056116722784,"bolusiob":0}
