{"iob":0.027084599548549602,"activity":0.005100738478535352,"bolusiob":0}
