{"iob":1.0819076008816668,"activity":0.002754770723104056,"bolusiob":1.2360309822933333}
