{"iob":1.964908734693,"activity":0.021061407407407404,"bolusiob":0.9479068934177777}
