{"iob":0.06719905346249992,"activity":0.006275000000000001,"bolusiob":0}
