{"iob":0.343860615482726,"activity":0.00045708469135802467,"bolusiob":0}
