{"iob":0.13125252398444448,"activity":0.0007830864197530864,"bolusiob":0}
