{"iob":1.02312570984,"activity":0.012720476190476187,"bolusiob":0.6383298486755555}
