{"iob":1.1553827620193058,"activity":0.015689973544973545,"bolusiob":0.39509283802222234}
