{"iob":-0.07472039751777779,"activity":-0.00107010582010582,"bolusiob":0}
