{"iob":0.2988946234604166,"activity":-0.0004397971781305123,"bolusiob":0}
