{"iob":0.24003758258567903,"activity":0.0005417283950617284,"bolusiob":0.16414735789827162}
