{"iob":0.23147333679187718,"activity":0.009665934303350967,"bolusiob":0.013358770559999988}
