{"iob":0.35813526594749995,"activity":0.013998055555555555,"bolusiob":0}
