{"iob":-0.09390729142562501,"activity":-0.0008900820707070708,"bolusiob":0}
