{"iob":0.15561985496500003,"activity":0.0011619444444444446,"bolusiob":0.056211980735}
