{"iob":-0.14701742808,"activity":-0.0002866666666666666,"bolusiob":0}
