{"iob":1.8200119603155556,"activity":0.018451604938271603,"bolusiob":0.7021920218800001}
