{"iob":-0.00849068049000001,"activity":-0.0009444444444444443,"bolusiob":0}
