{"iob":1.0202703883072224,"activity":0.022375767195767192,"bolusiob":0.0926486302}
