{"iob":0.3870679997305556,"activity":0.001003827160493827,"bolusiob":0}
