{"iob":0.854227105556271,"activity":0.0062699472134038784,"bolusiob":0.4599827232044445}
