{"iob":0.3802368689704212,"activity":0.007920682839506171,"bolusiob":0}
