{"iob":0.5928980460366666,"activity":0.020065626102292757,"bolusiob":0}
