{"iob":-0.3349458842444445,"activity":-0.0009832098765432098,"bolusiob":0}
