{"iob":0.525871699296875,"activity":0.0033845770202020208,"bolusiob":0.0018015970375000467}
