{"iob":1.610037788883125,"activity":-0.0013935416666666668,"bolusiob":1.69530132784}
