{"iob":1.4741658124572226,"activity":0.011260705467372133,"bolusiob":0.7838182464}
