{"iob":-0.04809953887604939,"activity":-0.00011271604938271605,"bolusiob":0}
