{"iob":0.7474975532093748,"activity":0.019459791666666667,"bolusiob":0.001438136249999944}
