{"iob":-0.14902985121375,"activity":-0.00010020833333333332,"bolusiob":0}
