{"iob":0.5968018738850001,"activity":0.012210536616161618,"bolusiob":0.04588931674999999}
