{"iob":2.835834478763831,"activity":0.011477256632996634,"bolusiob":1.7435272685511112}
