{"iob":0.049990183371111115,"activity":0.0000035802469135802467,"bolusiob":0}
