{"iob":-0.09447759536149716,"activity":-0.00030716061728395063,"bolusiob":0}
