{"iob":-0.1451604212201777,"activity":-0.00038654333333333325,"bolusiob":0}
