{"iob":0.0004148308652083491,"activity":0.00274895061728395,"bolusiob":0}
