{"iob":0.4026349549266667,"activity":0.002285555555555556,"bolusiob":0}
