{"iob":0.43418818225370354,"activity":0.0054953446560846555,"bolusiob":0}
