{"iob":0.037792041892222274,"activity":0.010799523809523807,"bolusiob":0}
