{"iob":3.051895214763859,"activity":0.016453706414141414,"bolusiob":1.6129126466}
