{"iob":-0.20041350947284434,"activity":0.0029176718342151676,"bolusiob":0}
