{"iob":-0.2351733777511111,"activity":-0.0008723456790123455,"bolusiob":0}
