{"iob":0.12905607246666667,"activity":-0.0007560317460317459,"bolusiob":0}
