{"iob":-0.07487539689555556,"activity":0.0006950793650793651,"bolusiob":0}
