{"iob":0.8217856479826173,"activity":0.006641952861952863,"bolusiob":0.2757835240138272}
