{"iob":1.9723835368138887,"activity":0.02815981481481481,"bolusiob":0.7155238557333334}
