{"iob":-0.188222180084375,"activity":0.0007922095959595959,"bolusiob":0}
