{"iob":0.993331595041118,"activity":0.01429854279671717,"bolusiob":0.29821674624}
