{"iob":-0.049363013860000006,"activity":-0.00008037037037037036,"bolusiob":0}
