{"iob":0.2488584259138889,"activity":0.00017870370370370365,"bolusiob":0}
