{"iob":0.7558374579733333,"activity":0.016858818342151673,"bolusiob":0.06784439961333323}
