{"iob":-0.03197463644000001,"activity":0.0007823809523809522,"bolusiob":0}
