{"iob":-0.07413947936044327,"activity":-0.0022183079861111113,"bolusiob":0}
