{"iob":-0.05988485354555554,"activity":0.0009440652557319221,"bolusiob":0}
