{"iob":0.3113549248079013,"activity":0.0067700224466891125,"bolusiob":0}
