{"iob":-0.1133665233633519,"activity":-0.001606467160493827,"bolusiob":0}
