{"iob":0.4881488974675,"activity":0.0022535984848484846,"bolusiob":0.36677635685000004}
