{"iob":-0.23783349235499998,"activity":-0.0015513888888888893,"bolusiob":0}
