{"iob":0.010002003556406229,"activity":0.0035714551767676763,"bolusiob":0}
