{"iob":0.06834327487888892,"activity":0.0048852557319223975,"bolusiob":0}
