{"iob":0.2610445878834568,"activity":0.003881391694725028,"bolusiob":-0.0000648202666667097}
