{"iob":-0.023641455028750005,"activity":-0.0016102967171717172,"bolusiob":0}
