{"iob":0.2652457817716665,"activity":0.012285634920634914,"bolusiob":0.005464932693333324}
