{"iob":-0.04998199444444445,"activity":-0.000006172839506172839,"bolusiob":0}
