{"iob":0.13447110972124995,"activity":0.010281824494949495,"bolusiob":0}
