{"iob":2.0210817430749994,"activity":0.012326895943562607,"bolusiob":1.5040199816533333}
