{"iob":0.8192334610596874,"activity":0.013923579545454543,"bolusiob":0.1671585329624999}
