{"iob":-0.0942263252788889,"activity":0.0003768959435626097,"bolusiob":0}
