{"iob":-0.04985687744,"activity":-0.000023333333333333336,"bolusiob":0}
