{"iob":1.2110107644716666,"activity":0.024272733686067013,"bolusiob":0.11380684433333316}
