{"iob":1.3993687757486768,"activity":0.011547721123737373,"bolusiob":0.32593020174}
