{"iob":0.149445541295,"activity":0.00007291666666666667,"bolusiob":0}
