{"iob":0.3191649339511112,"activity":0.009116102292768958,"bolusiob":0}
