{"iob":0.3812337129375,"activity":0.0009968055555555557,"bolusiob":0.15592373344}
