{"iob":0.58481934219233,"activity":0.0027537327160493787,"bolusiob":0}
