{"iob":-0.132102049731749,"activity":-0.0006175309876543211,"bolusiob":0}
