{"iob":1.6698460149644185,"activity":0.020204832186948855,"bolusiob":0.6927208396800001}
