{"iob":-0.04824306750419754,"activity":-0.00010790123456790123,"bolusiob":0}
