{"iob":0.5224843182955555,"activity":0.006431040564373896,"bolusiob":0.29796072576}
