{"iob":2.074721865299753,"activity":0.015033333333333334,"bolusiob":1.1456124244345678}
