{"iob":0.09960709357,"activity":0.000046944444444444446,"bolusiob":0}
