{"iob":-0.06430986927777779,"activity":-0.0008181305114638446,"bolusiob":0}
