{"iob":0.0799579507234375,"activity":-0.000827209595959596,"bolusiob":0}
