{"iob":0.6184120960975,"activity":0.017444053030303032,"bolusiob":0.08634490896500002}
