{"iob":0.8941960541392593,"activity":0.017283860830527496,"bolusiob":0.08828344725333338}
