{"iob":2.605234633475444,"activity":0.01732241622574955,"bolusiob":1.3351962}
