{"iob":-0.18133294655875,"activity":-0.0036028661616161624,"bolusiob":0}
