{"iob":0.0951316807022223,"activity":0.008334197530864196,"bolusiob":0}
