{"iob":0.19205269348444445,"activity":0.0005698765432098765,"bolusiob":0}
