{"iob":0.049663793969444446,"activity":-0.000005873015873015863,"bolusiob":0}
