{"iob":-0.09958632264691358,"activity":-0.0000517283950617284,"bolusiob":0}
