{"iob":-0.4765462693983334,"activity":-0.0026819753086419745,"bolusiob":0}
