{"iob":0.09975548253406052,"activity":0.00003418,"bolusiob":0}
