{"iob":0.8713801093800001,"activity":0.005808518518518517,"bolusiob":0.4567286803200001}
