{"iob":0.01637990687111109,"activity":-0.0018814462081128747,"bolusiob":0}
