{"iob":-0.035605811775000114,"activity":0.006568503787878789,"bolusiob":0}
