{"iob":0.38653504726123455,"activity":0.0007166666666666667,"bolusiob":0}
