{"iob":2.3625069693866667,"activity":0.007145114638447969,"bolusiob":2.0983424866133333}
