{"iob":0.018332622024999995,"activity":0.0017112121212121212,"bolusiob":0}
