{"iob":-0.14446472045037037,"activity":-0.00032148148148148146,"bolusiob":0}
