{"iob":0.3015753575344444,"activity":0.005296490299823633,"bolusiob":0.00806577460000002}
