{"iob":2.386658327286667,"activity":0.014841851851851849,"bolusiob":1.5471800283022223}
