{"iob":-0.19148411617300926,"activity":-0.00044345691358024694,"bolusiob":0}
