{"iob":1.9327912719457818,"activity":0.009046629299242425,"bolusiob":1.17696853455}
