{"iob":0.20196760236748842,"activity":0.0020419363315696626,"bolusiob":0}
