{"iob":-0.09984638586000001,"activity":-0.000025833333333333332,"bolusiob":0}
