{"iob":0.02064823926245308,"activity":-0.001506930952380952,"bolusiob":0}
