{"iob":-0.07764568766944446,"activity":0.00226537918871252,"bolusiob":0}
