{"iob":0.26237037461388885,"activity":0.001365943562610228,"bolusiob":0.14229344725333334}
