{"iob":2.0733227333912496,"activity":0.018441950757575758,"bolusiob":0.9249759612799999}
