{"iob":0.7634688214531249,"activity":0.010068491161616162,"bolusiob":0.255068266075}
