{"iob":-0.08305931421111121,"activity":0.005658447971781301,"bolusiob":0}
