{"iob":-0.44567614465718997,"activity":-0.0032986420987654317,"bolusiob":0}
