{"iob":2.16755986182321,"activity":0.01496631874298541,"bolusiob":1.3329033820681484}
