{"iob":0.20573670690093762,"activity":0.004382733585858585,"bolusiob":0.005547126802500002}
