{"iob":-0.08847673150444445,"activity":-0.0005458024691358024,"bolusiob":0}
