{"iob":0.45042186879787105,"activity":0.011074144744268072,"bolusiob":0}
