{"iob":-0.04999612833111112,"activity":0.000002522045855379163,"bolusiob":0}
