{"iob":1.044101991813125,"activity":0.018014772727272726,"bolusiob":0.5591331475799999}
