{"iob":0.3109437736825001,"activity":0.011239122474747476,"bolusiob":0.009227987999999998}
