{"iob":-0.34139447654222227,"activity":-0.0022266666666666663,"bolusiob":0}
