{"iob":0.23700186829827166,"activity":0.007483569023569024,"bolusiob":0.012071989902222226}
