{"iob":-0.06560073403888889,"activity":0.0014133686067019395,"bolusiob":0}
