{"iob":1.3508803990199998,"activity":0.010075167548500881,"bolusiob":1.1676710929066667}
