{"iob":0.13430758698015627,"activity":0.0053402051767676775,"bolusiob":0.021350760000000024}
