{"iob":-0.15857888254958338,"activity":-0.00007138447971781315,"bolusiob":0}
