{"iob":0.080608365540625,"activity":0.005184785353535354,"bolusiob":0}
