{"iob":0.763516101765086,"activity":0.018839858112874773,"bolusiob":-0.00013730948000015842}
