{"iob":-0.047218432431313385,"activity":0.007726643970959595,"bolusiob":0}
