{"iob":1.3579017828639064,"activity":0.005587881944444445,"bolusiob":1.05471771025}
