{"iob":0.07095539242767118,"activity":-0.00012518530864197544,"bolusiob":0}
