{"iob":-0.21243415161433768,"activity":0.0023779363844797174,"bolusiob":0}
