{"iob":1.4269359882424997,"activity":0.006979179894179894,"bolusiob":1.32292613344}
