{"iob":0.001220344256790122,"activity":0.002597822671156004,"bolusiob":0}
