{"iob":0.19054336310111114,"activity":0.00375432098765432,"bolusiob":0}
