{"iob":0.008667660257500005,"activity":0.0005184343434343435,"bolusiob":0}
