{"iob":0.6695360427463336,"activity":0.009744047619047616,"bolusiob":0.1444791965511111}
