{"iob":1.16565125832,"activity":0.0193947619047619,"bolusiob":0.28440016712}
