{"iob":1.3081320475832978,"activity":0.009810170549242424,"bolusiob":0.573946473865}
