{"iob":1.7468978038787502,"activity":-0.001213465909090909,"bolusiob":1.794757914}
