{"iob":0.4292638446696297,"activity":0.000978888888888889,"bolusiob":0}
