{"iob":0.099130520725,"activity":0.00008847222222222222,"bolusiob":0}
