{"iob":0.019072586222222226,"activity":0.000372334455667789,"bolusiob":0}
