{"iob":0.07084257940080253,"activity":-0.0003681482363315715,"bolusiob":0}
