{"iob":-0.1987301656440515,"activity":-0.0037104231922398586,"bolusiob":0}
