{"iob":-0.1467858937837037,"activity":-0.00022074074074074072,"bolusiob":0}
