{"iob":0.5194769731559374,"activity":0.003512904040404042,"bolusiob":0.5309278080000001}
