{"iob":-0.1066079208866667,"activity":-0.0036811287477954142,"bolusiob":0}
