{"iob":0.8297936762074073,"activity":0.012719797979797979,"bolusiob":0.2575251180562963}
