{"iob":-0.09363010130277778,"activity":-0.00039549382716049376,"bolusiob":0}
