{"iob":0.049856256441249996,"activity":0.00002340277777777778,"bolusiob":0}
