{"iob":1.2322318245444506,"activity":0.008022310953282827,"bolusiob":0.48239059199999995}
