{"iob":1.5784561446989844,"activity":0.007551423611111111,"bolusiob":0.8451611769825}
