{"iob":2.7326603667212503,"activity":0.021274735449735446,"bolusiob":1.5781129400000002}
