{"iob":0.05736666238263889,"activity":-0.0016013844797178127,"bolusiob":0}
