{"iob":0.1990885060034986,"activity":0.00015350172839506172,"bolusiob":0}
