{"iob":0.049028780296111116,"activity":-0.000063668430335097,"bolusiob":0}
