{"iob":0.5539051093933257,"activity":0.0027014822222222222,"bolusiob":0}
