{"iob":0.5314590326617283,"activity":0.004237654320987654,"bolusiob":0.12213019537777778}
