{"iob":0.5917605932811111,"activity":0.011284850088183418,"bolusiob":0.16791607610666667}
