{"iob":-0.1873424617577778,"activity":-0.0007287654320987653,"bolusiob":0}
