{"iob":1.8969599833612503,"activity":0.009263080808080807,"bolusiob":1.0759591758850002}
