{"iob":-0.019659176806687564,"activity":0.007723585858585861,"bolusiob":0}
