{"iob":1.856607372167901,"activity":0.013263086419753085,"bolusiob":0.7019572923377777}
