{"iob":1.2409449407483335,"activity":0.026121904761904752,"bolusiob":0.1516644705066668}
