{"iob":1.7577410377706943,"activity":0.013155617283950614,"bolusiob":0.9840769968}
