{"iob":2.4992775397138893,"activity":0.031967927689594354,"bolusiob":0.6815331878000002}
