{"iob":-0.0656663674933185,"activity":-0.0026523722222222225,"bolusiob":0}
