{"iob":0.09691547459444433,"activity":0.0004782186948853599,"bolusiob":0}
