{"iob":0.90813236166125,"activity":0.012412398989898989,"bolusiob":0.11337301380500006}
