{"iob":1.8165980182581252,"activity":0.01092594696969697,"bolusiob":0.8477295021250002}
