{"iob":1.7835533442509746,"activity":0.008670207477954144,"bolusiob":0.9080379035200001}
