{"iob":0.33730750140277777,"activity":0.0008817989417989416,"bolusiob":0}
