{"iob":-0.14556202633481483,"activity":-0.00026518518518518525,"bolusiob":0}
