{"iob":0.04406744799062509,"activity":0.010496180555555559,"bolusiob":0}
