{"iob":0.4798439607582642,"activity":0.0009855166666666668,"bolusiob":0}
