{"iob":0.22466469644641973,"activity":0.008052704826038162,"bolusiob":0}
