{"iob":2.1404740951328125,"activity":0.007433049242424241,"bolusiob":1.9547185735000001}
