{"iob":-0.09861298827061729,"activity":-0.00012024691358024692,"bolusiob":0}
