{"iob":2.4171608045357775,"activity":0.021949135802469134,"bolusiob":1.3230321151466669}
