{"iob":-0.17233259240222226,"activity":-0.002136596119929453,"bolusiob":0}
