{"iob":1.4877334632,"activity":0.0018444444444444443,"bolusiob":1.4601568128}
