{"iob":0.4187997413530865,"activity":0.0021339506172839504,"bolusiob":0.02522086819555558}
