{"iob":0.09194325838559834,"activity":0.010486445612373737,"bolusiob":0}
