{"iob":-0.16253115585333333,"activity":-0.0010960846560846558,"bolusiob":0}
