{"iob":0.5945273777662501,"activity":0.017275018939393937,"bolusiob":0.07550108811000003}
