{"iob":1.7129347798738888,"activity":0.005432839506172838,"bolusiob":1.6018407424000003}
