{"iob":-0.03938231923687501,"activity":-0.0019844823232323234,"bolusiob":0}
