{"iob":-0.14789908157333334,"activity":-0.00013183421516754846,"bolusiob":0}
