{"iob":0.6840658008468751,"activity":0.011078364898989898,"bolusiob":0.24192226391000002}
