{"iob":3.12663527023593,"activity":0.0030606597916666665,"bolusiob":2.8933353563999997}
