{"iob":-0.14506089166625002,"activity":0.0013908143939393941,"bolusiob":0}
