{"iob":1.0242345352544446,"activity":0.0234900352733686,"bolusiob":0.015511833599999969}
