{"iob":1.3608062457955554,"activity":0.003079841269841269,"bolusiob":1.2958702141333334}
