{"iob":-0.050593740985679016,"activity":-0.00036996632996633,"bolusiob":0}
