{"iob":1.3808457759480743,"activity":0.011793781729797979,"bolusiob":0.30293343774000014}
