{"iob":2.4351425204839465,"activity":0.008215432222222221,"bolusiob":2.00113498224}
