{"iob":1.5791500443885662,"activity":0.0021093659611992944,"bolusiob":1.0350925444444445}
