{"iob":0.3626702423343332,"activity":0.011945961322751318,"bolusiob":0}
