{"iob":-0.110214948285,"activity":-0.0010396780303030303,"bolusiob":0}
