{"iob":-0.0990954008888889,"activity":-0.00008518518518518518,"bolusiob":0}
