{"iob":0.48785756168438316,"activity":0.006893086825396824,"bolusiob":0}
