{"iob":1.7547489961594445,"activity":0.0007193033509700169,"bolusiob":1.8497483923555555}
