{"iob":1.0713048497926092,"activity":0.014995770618686871,"bolusiob":0.20007312307000005}
