{"iob":0.1523452281055555,"activity":0.0033704761904761855,"bolusiob":0}
