{"iob":0.17542737809750003,"activity":0.0011235185185185183,"bolusiob":0}
