{"iob":0.5258418578088887,"activity":0.010124197530864196,"bolusiob":0.08535650453333321}
