{"iob":0.6265529589699999,"activity":0.020395449735449725,"bolusiob":0.0009958348399999428}
