{"iob":0.15512241400156243,"activity":0.010184097222222223,"bolusiob":0}
