{"iob":0.971993140300511,"activity":0.0073160401234567875,"bolusiob":1.0258604972977778}
