{"iob":-0.0968856305,"activity":-0.00019305555555555558,"bolusiob":0}
