{"iob":1.3179484057550002,"activity":0.01846388888888889,"bolusiob":0.23416529358000004}
