{"iob":0.22568119070750003,"activity":0.0029716666666666667,"bolusiob":0.11499360853749999}
