{"iob":0.5020908974383522,"activity":0.010642671526374865,"bolusiob":0}
