{"iob":-0.10604904730031249,"activity":-0.0025937941919191923,"bolusiob":0}
