{"iob":-0.13979698903703705,"activity":-0.00043148148148148147,"bolusiob":0}
