{"iob":-0.09982516605555555,"activity":-0.00003666666666666666,"bolusiob":0}
