{"iob":0.2446876144494444,"activity":-0.001250185185185185,"bolusiob":0}
