{"iob":-0.14568154035333333,"activity":-0.00034703703703703703,"bolusiob":0}
