{"iob":-0.09973670321777778,"activity":-0.00005086419753086419,"bolusiob":0}
