{"iob":0.8265615891832099,"activity":0.0014564197530864196,"bolusiob":0.37098990617283956}
