{"iob":0.04906854068666667,"activity":-0.00018982363315696668,"bolusiob":0}
