{"iob":0.4665077419668749,"activity":0.014728661616161617,"bolusiob":0}
