{"iob":1.927114530743848,"activity":0.004604375026455025,"bolusiob":1.0944356371911113}
