{"iob":2.5480693782327783,"activity":0.02976962081128748,"bolusiob":1.5076583935999999}
