{"iob":0.16760952668444445,"activity":0.010422446689113355,"bolusiob":0}
