{"iob":-0.000007928524684874816,"activity":0.0001550303977272727,"bolusiob":0}
