{"iob":1.492057639604375,"activity":0.018274179292929293,"bolusiob":0.35697370269500006}
