{"iob":0.07953331762999996,"activity":0.010206477272727272,"bolusiob":0}
