{"iob":0.04931920047611111,"activity":0.000042416225749559205,"bolusiob":0}
