{"iob":0.09936405290611111,"activity":0.00010118165784832439,"bolusiob":0}
