{"iob":0.6002993750134376,"activity":0.018718551136363636,"bolusiob":0.13002723035000002}
