{"iob":-0.14798949021375002,"activity":-0.000173125,"bolusiob":0}
