{"iob":0.09945484116444445,"activity":0.00009012345679012344,"bolusiob":0}
