{"iob":0.8707866908958029,"activity":0.013628507295173961,"bolusiob":0.09563570385777777}
