{"iob":0.05314216365111104,"activity":0.0059179541446208106,"bolusiob":0}
