{"iob":0.9201095907890625,"activity":0.006855523989898989,"bolusiob":0.533222716635}
