{"iob":-0.33299434625375,"activity":-0.0007861805555555555,"bolusiob":0}
