{"iob":2.1673516447865984,"activity":0.012905227037037035,"bolusiob":1.2332816751486422}
