{"iob":-0.09960811159124999,"activity":-0.000046319444444444445,"bolusiob":0}
