{"iob":0.3000505255430935,"activity":0.0035838384785353535,"bolusiob":0.22704366395999998}
