{"iob":1.2270397818266667,"activity":0.031173932980599638,"bolusiob":0.01494201567999962}
