{"iob":2.081156311573889,"activity":0.002959717813051145,"bolusiob":2.129126808604444}
