{"iob":1.8101182175960493,"activity":0.002933164983164983,"bolusiob":1.8591858124009875}
