{"iob":0.22594565607111106,"activity":0.009339427609427608,"bolusiob":0.004094763093333298}
