{"iob":0.5663691075671385,"activity":0.0031358030864197532,"bolusiob":0}
