{"iob":2.291582066441481,"activity":0.0016057463524130192,"bolusiob":2.2903713267041974}
