{"iob":1.422993282273333,"activity":0.010251728395061726,"bolusiob":0.9454550340000003}
