{"iob":-0.14822209852,"activity":-0.00020814814814814811,"bolusiob":0}
