{"iob":0.06750219254444446,"activity":0.002143827160493826,"bolusiob":0}
