{"iob":0.4884419195677778,"activity":0.004259664902998236,"bolusiob":0.006313041559999966}
