{"iob":1.4161281488616668,"activity":0.02534137566137566,"bolusiob":0.23685641226666668}
