{"iob":2.2877665062612498,"activity":0.019093636363636365,"bolusiob":1.0872244332799998}
