{"iob":3.268724760585,"activity":0.018545943562610225,"bolusiob":2.2480427554844447}
