{"iob":0.0830564576108642,"activity":0.0005040123456790123,"bolusiob":0}
