{"iob":-0.04805357503125001,"activity":0.0002246464646464647,"bolusiob":0}
