{"iob":-0.03549658435499999,"activity":0.000704021164021164,"bolusiob":0}
