{"iob":-0.040032576438749946,"activity":0.0018613068181818182,"bolusiob":0}
