{"iob":0.09659478189448803,"activity":0.00193186922398589,"bolusiob":0}
