{"iob":0.28117020358555544,"activity":0.0017499999999999972,"bolusiob":0}
