{"iob":0.02031689007256008,"activity":-0.00001421529100529129,"bolusiob":0}
