{"iob":0.01384017394843743,"activity":0.006841938131313129,"bolusiob":0}
