{"iob":0.37756170742374995,"activity":-0.00021479797979797967,"bolusiob":0.29953217091}
