{"iob":-0.13523312419437503,"activity":0.0007783964646464646,"bolusiob":0}
