{"iob":1.5956166263556528,"activity":0.004750763731060605,"bolusiob":1.598066512}
