{"iob":1.2623370967879999,"activity":0.005394938271604937,"bolusiob":0.8191628105422223}
