{"iob":0.743104875334321,"activity":0.013340269360269358,"bolusiob":0}
