{"iob":2.309284261085,"activity":0.03220561868686869,"bolusiob":0.7783799517249999}
