{"iob":0.3475218456872223,"activity":0.010297601410934743,"bolusiob":0}
