{"iob":0.05521453835166659,"activity":0.0015603880070546709,"bolusiob":0}
