{"iob":0.1107651106445916,"activity":0.0016363134038800695,"bolusiob":0}
