{"iob":-0.04998281344,"activity":-0.000004444444444444445,"bolusiob":0}
