{"iob":0.6636997009058926,"activity":0.00241606340388007,"bolusiob":0.376953712}
