{"iob":1.4697902323361112,"activity":0.015074162257495588,"bolusiob":0.5406723142800001}
