{"iob":1.2072618954918504,"activity":0.008267812847222222,"bolusiob":0.49299756485}
