{"iob":0.4714846433244444,"activity":0.010861481481481479,"bolusiob":0.048192199866666785}
