{"iob":-0.04999479793777778,"activity":-0.0000019753086419753083,"bolusiob":0}
