{"iob":0.6677219260535555,"activity":0.01056623456790123,"bolusiob":0.16100007367111113}
