{"iob":0.39544057920922593,"activity":0.0003929484027777778,"bolusiob":0}
