{"iob":0.02505942105687501,"activity":0.0017886047979797982,"bolusiob":0}
