{"iob":0.8639733900892219,"activity":0.02006612019400353,"bolusiob":0.1783807276266667}
