{"iob":0.5519087165137422,"activity":0.011420691287878789,"bolusiob":0}
