{"iob":-0.049982404971111116,"activity":-0.000006049382716049382,"bolusiob":0}
