{"iob":1.56096278113375,"activity":0.029886767676767675,"bolusiob":0.40060675878999996}
