{"iob":0.1496400625138889,"activity":0.00007388888888888888,"bolusiob":0}
