{"iob":0.3528236691281555,"activity":0.00841245162257495,"bolusiob":0}
