{"iob":-0.04671158756666674,"activity":0.00038262786596119855,"bolusiob":0}
