{"iob":0.7850075630693752,"activity":0.010661218434343433,"bolusiob":0.37904254639999996}
