{"iob":-0.2650160962070581,"activity":-0.0026635435921717175,"bolusiob":0}
