{"iob":-0.028733149639236115,"activity":0.0017235890652557311,"bolusiob":0}
