{"iob":0.238147183795,"activity":0.0005959722222222222,"bolusiob":0}
