{"iob":0.7817077317644443,"activity":0.01028384479717813,"bolusiob":0.3788760378977778}
