{"iob":0.4896080140661729,"activity":0.004757901234567901,"bolusiob":0.07874611555555555}
