{"iob":0.025393587654999994,"activity":0.005498611111111112,"bolusiob":0}
