{"iob":0.8025370509062502,"activity":0.026325353535353535,"bolusiob":0}
