{"iob":1.4565940748645836,"activity":0.01801538800705467,"bolusiob":0.8572613390222221}
