{"iob":1.4832705832200004,"activity":0.02039444444444444,"bolusiob":0.4669535290755555}
