{"iob":1.471365361297292,"activity":0.01926400827020202,"bolusiob":0.5494406739200001}
