{"iob":1.4551062821777778,"activity":0.009269876543209873,"bolusiob":0.966344999537778}
