{"iob":0.5205851972577779,"activity":0.01226622574955908,"bolusiob":0}
