{"iob":2.3597061883833335,"activity":0.03521880070546736,"bolusiob":0.5048534000533335}
