{"iob":1.3294512665659257,"activity":0.00983469135802469,"bolusiob":0.5825968986666669}
