{"iob":-0.1288330805189066,"activity":0.0004059434391534391,"bolusiob":0}
