{"iob":1.6142040139927776,"activity":0.026379497354497353,"bolusiob":0.28486127765333324}
