{"iob":-0.04285037687470774,"activity":-0.0010296085542929293,"bolusiob":0}
