{"iob":0.046873077991250005,"activity":0.000148125,"bolusiob":0}
