{"iob":0.5219830031309374,"activity":0.0034780555555555563,"bolusiob":0.541061952}
