{"iob":-0.07297065339722222,"activity":0.0009781569664902997,"bolusiob":0}
