{"iob":-0.012762604,"activity":-0.0003333333333333333,"bolusiob":0}
