{"iob":0.7385244923412372,"activity":0.014015258529741864,"bolusiob":0.013154358293333345}
