{"iob":0.04985501097125,"activity":0.000023541666666666665,"bolusiob":0}
