{"iob":1.719404277051528,"activity":0.011156335126262623,"bolusiob":0.67728761371}
