{"iob":0.8528962386677775,"activity":0.017228924162257485,"bolusiob":0}
