{"iob":0.01688673903333334,"activity":0.0035800352733686047,"bolusiob":0}
