{"iob":0.462451200268642,"activity":0.0014591358024691357,"bolusiob":0}
