{"iob":2.0989013376255556,"activity":0.022060017636684304,"bolusiob":0.9835234147200003}
