{"iob":-0.09954975456395063,"activity":-0.00005530864197530864,"bolusiob":0}
