{"iob":-0.10229344623555556,"activity":-0.0010943033509700172,"bolusiob":0}
