{"iob":-0.09867055453250001,"activity":-0.0001101388888888889,"bolusiob":0}
