{"iob":1.6755599972928128,"activity":0.009747219065656563,"bolusiob":1.3785495366600002}
