{"iob":0.8836207424118748,"activity":0.011113617424242423,"bolusiob":0.41896639991}
