{"iob":-0.18998161997000002,"activity":-0.0015978030303030306,"bolusiob":0}
