{"iob":1.3878786375858472,"activity":0.020998342063492055,"bolusiob":0.4887548992}
