{"iob":-0.09682322998663997,"activity":-0.001110069513888889,"bolusiob":0}
