{"iob":-0.09936987346222223,"activity":-0.00008493827160493827,"bolusiob":0}
