{"iob":0.16746940884024494,"activity":0.0000781837918871212,"bolusiob":0}
