{"iob":2.80025784903125,"activity":0.020195833333333333,"bolusiob":1.95301061344}
