{"iob":0.8819867121465625,"activity":0.008544425505050504,"bolusiob":0.3071549625550001}
