{"iob":0.09975540224444446,"activity":0.00004765432098765432,"bolusiob":0}
