{"iob":1.2237380992066234,"activity":0.008156914197530863,"bolusiob":0.5319465574400001}
