{"iob":1.7723341152072223,"activity":0.0017291358024691351,"bolusiob":1.9162955264}
