{"iob":0.11606536375500004,"activity":0.00841522045855379,"bolusiob":0.0004633936533333216}
