{"iob":1.663507676005,"activity":0.01603054292929293,"bolusiob":0.8303694528100001}
