{"iob":1.7121882130428128,"activity":0.009186613005050505,"bolusiob":1.48360794066}
