{"iob":1.1157868483780558,"activity":0.017604550264550257,"bolusiob":0.2472914504}
