{"iob":0.381546378245165,"activity":0.001191234938271605,"bolusiob":0}
