{"iob":0.923399383953125,"activity":0.009166976010101012,"bolusiob":0.523233286075}
