{"iob":0.7169117258288887,"activity":0.007944567901234567,"bolusiob":0.26042572680000003}
