{"iob":0.05892091752249999,"activity":-0.001409955808080808,"bolusiob":0}
