{"iob":0.086670095371852,"activity":0.006558877665544333,"bolusiob":0}
