{"iob":0.6252198983909765,"activity":0.009758207037037033,"bolusiob":0.07569569856}
