{"iob":-0.18172394908268993,"activity":-0.0005318255202821874,"bolusiob":0}
