{"iob":0.05245938198444444,"activity":0.00018245149911816567,"bolusiob":0}
