{"iob":0.22209080862888897,"activity":0.009244867724867723,"bolusiob":-0.00022507586666664636}
