{"iob":0.0246921463973689,"activity":0.008018249349747474,"bolusiob":0}
