{"iob":0.36176379088987676,"activity":0.008593456790123459,"bolusiob":0.01892328533333343}
