{"iob":0.04999294685234568,"activity":0.0000019753086419753083,"bolusiob":0}
