{"iob":-0.05611925776562501,"activity":0.0000663825757575757,"bolusiob":0}
