{"iob":0.4371343701306249,"activity":0.009883876262626264,"bolusiob":0.07223340202249998}
