{"iob":1.073504989375625,"activity":0.017947664141414143,"bolusiob":0.49469584885}
