{"iob":-0.22910852543209875,"activity":-0.0008117283950617283,"bolusiob":0}
