{"iob":-0.27655169035595994,"activity":-0.0023755909523809522,"bolusiob":0}
