{"iob":0.40546128254666663,"activity":0.015542134038800703,"bolusiob":0}
