{"iob":1.1169726022730802,"activity":0.018404671647727272,"bolusiob":0.20484336027500016}
