{"iob":1.4281048750976442,"activity":0.014952190820707069,"bolusiob":0.43329524146000015}
