{"iob":0.8064243124622223,"activity":0.009963030303030302,"bolusiob":0.31865340110222223}
