{"iob":1.4988996221075,"activity":0.004683055555555555,"bolusiob":1.6670866411581249}
