{"iob":2.0619898978113977,"activity":0.021502125590828917,"bolusiob":0.8771275540533335}
