{"iob":2.603135337678889,"activity":0.023881340388007054,"bolusiob":1.2770502507866668}
