{"iob":2.4751765990655556,"activity":0.0275653086419753,"bolusiob":1.4216735314311109}
