{"iob":0.8351155336537639,"activity":0.008628138563411897,"bolusiob":0.43106915327999995}
