{"iob":0.3952020227625,"activity":0.0015969444444444442,"bolusiob":0.24480091776000001}
