{"iob":-0.04894849201777778,"activity":-0.00008074074074074075,"bolusiob":0}
