{"iob":0.04104460200402778,"activity":0.0009826984126984125,"bolusiob":0}
