{"iob":0.41973789469994444,"activity":0.0032292063492063493,"bolusiob":0}
