{"iob":0.09973942565777778,"activity":0.00005506172839506173,"bolusiob":0}
