{"iob":1.7596271992951718,"activity":0.017042087373737372,"bolusiob":0.48278256071111114}
