{"iob":1.120997419290625,"activity":0.005825189393939394,"bolusiob":0.9069721417}
