{"iob":0.6839113427111864,"activity":0.017288101578282825,"bolusiob":0.0045564000749998}
