{"iob":0.13219085441333334,"activity":-0.0006126102292768954,"bolusiob":0}
