{"iob":1.1880182116405558,"activity":0.02501672839506173,"bolusiob":0.08436813924000022}
