{"iob":1.8898473870052346,"activity":0.009145034722222221,"bolusiob":1.03485648786}
