{"iob":-0.23012668157926489,"activity":-0.0036713226631393293,"bolusiob":0}
