{"iob":2.2245827062240173,"activity":0.02550439527146465,"bolusiob":0.5223381056}
