{"iob":0.8518957621885528,"activity":0.015904617897727274,"bolusiob":-0.00011287500000006778}
