{"iob":0.698681768217284,"activity":0.005571436588103254,"bolusiob":0.1914831602251852}
