{"iob":1.2345571682481797,"activity":0.01427337794191919,"bolusiob":0.33961656371000004}
