{"iob":-0.01726958727000016,"activity":0.001403977272727272,"bolusiob":0}
