{"iob":0.41371375772706265,"activity":0.010044646464646464,"bolusiob":0}
