{"iob":0.29140971451777775,"activity":0.008902821869488532,"bolusiob":0}
