{"iob":0.5878076714681131,"activity":0.01903455537918871,"bolusiob":0}
