{"iob":2.3690897789755576,"activity":0.021619179894179892,"bolusiob":1.5725163238400002}
