{"iob":0.5014443452370934,"activity":0.022212870828924154,"bolusiob":0.003610700133333311}
