{"iob":0.42117669846828126,"activity":0.01759128472222222,"bolusiob":0}
