{"iob":-0.19627920133111112,"activity":-0.0003717283950617284,"bolusiob":0}
