{"iob":1.2808993461605556,"activity":0.011707839506172836,"bolusiob":0.5066072078000001}
