{"iob":0.1778727698864094,"activity":0.005637741975308641,"bolusiob":0}
