{"iob":-0.06555038400249999,"activity":-0.0011128787878787877,"bolusiob":0}
