{"iob":0.91914343765,"activity":0.010565833333333332,"bolusiob":0.3096955498499999}
