{"iob":0.3259935142166666,"activity":0.009561181657848321,"bolusiob":0}
