{"iob":1.0417168281305558,"activity":0.003998386243386242,"bolusiob":1.0137539258311112}
