{"iob":0.09926109772125,"activity":0.00006798611111111111,"bolusiob":0}
