{"iob":2.0020473215219754,"activity":0.010964876543209875,"bolusiob":1.4593488859614816}
