{"iob":2.4270215093144447,"activity":0.0048201234567901196,"bolusiob":2.32044874752}
