{"iob":1.3597644558533333,"activity":0.010968395061728396,"bolusiob":0.6633385650311112}
