{"iob":0.47355573433388864,"activity":0.009203703703703695,"bolusiob":0.09854946399999999}
