{"iob":-0.04891173004641976,"activity":-0.00008234567901234568,"bolusiob":0}
