{"iob":-0.027336024353750005,"activity":-0.0015837752525252526,"bolusiob":0}
