{"iob":-0.247202598185,"activity":-0.0011856376262626262,"bolusiob":0}
