{"iob":0.5070834194983335,"activity":0.013440405643738974,"bolusiob":0}
