{"iob":-0.21253728271660707,"activity":-0.003570158641975308,"bolusiob":0}
