{"iob":0.8808480207789119,"activity":0.007678580864197528,"bolusiob":0.16871483135999996}
