{"iob":0.06499011426944445,"activity":-0.0008397619047619048,"bolusiob":0}
