{"iob":1.788937350719463,"activity":0.019971992857142854,"bolusiob":0.8895457052444445}
