{"iob":2.37855815189,"activity":0.006536860670194004,"bolusiob":2.2082965786666664}
