{"iob":2.028654301454271,"activity":0.010330270157828282,"bolusiob":1.3897345128}
