{"iob":0.2589654409681252,"activity":0.012976571969696971,"bolusiob":0}
