{"iob":-0.09882766662320988,"activity":-0.0001034567901234568,"bolusiob":0}
