{"iob":0.25420361143388887,"activity":0.0016257671957671947,"bolusiob":0.10948545578666669}
