{"iob":-0.2340854523498899,"activity":-0.00008113768959435653,"bolusiob":0}
