{"iob":2.1760931003422224,"activity":0.019073580246913576,"bolusiob":1.517702983111111}
