{"iob":1.824048658280494,"activity":0.012270308641975309,"bolusiob":1.2095968864948148}
