{"iob":1.2319821722267539,"activity":0.007515453320707068,"bolusiob":0.42856317611250005}
