{"iob":0.02815540033724076,"activity":0.005597992329545456,"bolusiob":0}
