{"iob":1.1898373655808434,"activity":0.014159991552028215,"bolusiob":0.2839408065422222}
