{"iob":1.523378453894321,"activity":0.002244691358024691,"bolusiob":1.595927360268642}
