{"iob":1.1958942369422223,"activity":0.0083258024691358,"bolusiob":0.5716553213708643}
