{"iob":0.6231379110214675,"activity":0.001826296913580247,"bolusiob":0}
