{"iob":0.574106925804375,"activity":0.007447152777777777,"bolusiob":0.39676085200000005}
