{"iob":2.344133752275625,"activity":0.011430296717171719,"bolusiob":1.81299120783}
