{"iob":-0.09977838042,"activity":-0.00004481481481481481,"bolusiob":0}
