{"iob":2.681480788296079,"activity":0.02136097075837742,"bolusiob":1.414430726133333}
