{"iob":0.5329898093788888,"activity":0.017231534391534385,"bolusiob":0}
