{"iob":1.1328707469333332,"activity":0.009828800705467369,"bolusiob":0.6483958519999999}
