{"iob":0.01741424257062501,"activity":-0.0016390467171717173,"bolusiob":0}
