{"iob":-0.05034066179666667,"activity":-0.00010340388007054659,"bolusiob":0}
