{"iob":0.04936136455111112,"activity":0.00008049382716049382,"bolusiob":0}
