{"iob":0.22978955289679018,"activity":0.003749203142536476,"bolusiob":0}
