{"iob":0.7291369471288889,"activity":0.010002626262626262,"bolusiob":0.24017104376888895}
