{"iob":1.0639121404661107,"activity":0.019559382716049376,"bolusiob":0.14041335291999998}
