{"iob":0.27307619785222226,"activity":0.006439365079365076,"bolusiob":0.05123824604}
