{"iob":0.04999547700444445,"activity":0.000001728395061728395,"bolusiob":0}
