{"iob":-0.09912066332794746,"activity":-0.0010848611805555556,"bolusiob":0}
