{"iob":0.2346662093458829,"activity":0.008541610437710437,"bolusiob":0}
