{"iob":1.3855468651183334,"activity":0.02262181657848324,"bolusiob":0.20025522730666648}
