{"iob":0.09976634791624997,"activity":0.005500523989898989,"bolusiob":0}
