{"iob":-0.1453068143328395,"activity":-0.0002645679012345679,"bolusiob":0}
