{"iob":1.424113294553125,"activity":0.0229530303030303,"bolusiob":0.17149421934999998}
