{"iob":-0.037263156622499974,"activity":0.007621319444444444,"bolusiob":0.01157550815999997}
