{"iob":-0.09960838934123456,"activity":-0.000050123456790123455,"bolusiob":0}
