{"iob":0.5925835248828125,"activity":0.010561388888888888,"bolusiob":0.08215924607500003}
