{"iob":0.9772967894268749,"activity":0.009613869949494947,"bolusiob":0.34717949771}
