{"iob":1.033729688102222,"activity":0.009924197530864197,"bolusiob":0.5211579424666666}
