{"iob":1.390817113131111,"activity":0.010433456790123452,"bolusiob":1.1892713393066667}
