{"iob":-0.4532814649483333,"activity":-0.001674409171075838,"bolusiob":0}
