{"iob":-0.2978913447716667,"activity":-0.0015219047619047612,"bolusiob":0}
