{"iob":0.0539498612688889,"activity":0.007173121693121691,"bolusiob":0}
