{"iob":0.09014602108666665,"activity":0.002846208112874779,"bolusiob":0}
