{"iob":0.0854771573333334,"activity":0.005617059483726151,"bolusiob":0}
