{"iob":1.8094226544821876,"activity":0.009275842803030305,"bolusiob":1.7080738965}
