{"iob":1.3456235095822222,"activity":0.024224091710758372,"bolusiob":0.20438640085333318}
