{"iob":2.82907200770968,"activity":0.019686173086419748,"bolusiob":1.8587059098133334}
