{"iob":0.8925375422172223,"activity":0.025209312169312163,"bolusiob":0.03446912817333347}
