{"iob":0.04906475210666671,"activity":0.00160324354657688,"bolusiob":0}
