{"iob":0.8443869492485416,"activity":0.01737200176366843,"bolusiob":0.03283640063999987}
