{"iob":0.788915855891111,"activity":-0.0018934038800705465,"bolusiob":0.9914449123555555}
