{"iob":1.254102302105322,"activity":0.01034244327651515,"bolusiob":0.4794381072050001}
