{"iob":1.2995332805100002,"activity":0.02361659090909091,"bolusiob":0.10311368960000022}
