{"iob":0.898721306805,"activity":0.012761944444444446,"bolusiob":0.07625615872000005}
