{"iob":0.04974813931777778,"activity":0.000045308641975308634,"bolusiob":0}
