{"iob":-0.12217505201468754,"activity":-0.0017208522727272728,"bolusiob":0}
