{"iob":-0.1595401856061111,"activity":0.0005864021164021167,"bolusiob":0}
