{"iob":0.04927515724277766,"activity":0.0002916754850088158,"bolusiob":0}
