{"iob":0.002243688699999913,"activity":0.000989417989417988,"bolusiob":0}
