{"iob":1.2841603394601564,"activity":0.0069649652777777765,"bolusiob":0.7582782487899999}
