{"iob":1.9448319548019755,"activity":0.011505864197530864,"bolusiob":1.3837312602311111}
