{"iob":0.6874760595666666,"activity":0.017508730158730158,"bolusiob":0.21535164842666663}
