{"iob":1.6328603451888886,"activity":0.024389894179894175,"bolusiob":0.5008109375600001}
