{"iob":0.48633657098111094,"activity":0.013761675485008815,"bolusiob":0.011284604319999982}
