{"iob":-0.1942724111711111,"activity":-0.0004695061728395062,"bolusiob":0}
