{"iob":-0.187482072209375,"activity":0.0006520580808080808,"bolusiob":0}
