{"iob":-0.022557117728750013,"activity":-0.0015269570707070709,"bolusiob":0}
