{"iob":2.1216145739561107,"activity":0.017894356261022922,"bolusiob":1.0691990980266666}
