{"iob":0.17263987207625,"activity":0.011459741161616162,"bolusiob":0.003327161629999953}
