{"iob":1.3563309433994448,"activity":0.0072013377525252525,"bolusiob":0.8021778430000002}
