{"iob":0.915062446653551,"activity":0.005485573315696648,"bolusiob":0.5741794989511111}
