{"iob":2.1796963263738895,"activity":0.018934320987654314,"bolusiob":1.1653450931333333}
