{"iob":-0.166922548345679,"activity":-0.001025925925925926,"bolusiob":0}
