{"iob":-0.23197945183345772,"activity":0.0006116224514991182,"bolusiob":0}
