{"iob":1.2245744933122227,"activity":0.030303809523809525,"bolusiob":0.0015058695599999728}
