{"iob":0.5229129967484373,"activity":0.018126833964646462,"bolusiob":0.09524190115}
