{"iob":-0.14652116442375002,"activity":-0.000238125,"bolusiob":0}
