{"iob":0.029397295225,"activity":0.0018354545454545455,"bolusiob":0}
