{"iob":-0.2805634853266667,"activity":-0.0011025925925925925,"bolusiob":0}
