{"iob":0.15114721462843753,"activity":0.0041646369949494945,"bolusiob":0}
