{"iob":-0.13524855218812498,"activity":0.0012071780303030302,"bolusiob":0}
