{"iob":1.0166560529760942,"activity":0.007631472222222221,"bolusiob":1.0738130163200001}
