{"iob":0.16149949196500002,"activity":0.0010786111111111111,"bolusiob":0.068381903735}
