{"iob":1.1364027874251856,"activity":0.01737750841750842,"bolusiob":0.25709150312296297}
