{"iob":2.773378443617778,"activity":0.012062645502645502,"bolusiob":2.520785893831111}
