{"iob":1.24501883571625,"activity":0.008190530303030304,"bolusiob":0.6639428805750001}
