{"iob":0.04998831593777778,"activity":0.00000419753086419753,"bolusiob":0}
