{"iob":-0.01142198244611118,"activity":0.0047139506172839485,"bolusiob":0}
