{"iob":-0.1189518715725,"activity":-0.001460909090909091,"bolusiob":0}
