{"iob":0.4643566548955558,"activity":0.015781499118165787,"bolusiob":0}
