{"iob":0.1833679269728395,"activity":-0.0008869921436588108,"bolusiob":0}
