{"iob":0.3972921636187654,"activity":0.006914837261503928,"bolusiob":0.3905725755417284}
