{"iob":0.3657827098421874,"activity":0.016701732954545453,"bolusiob":0.033621653037500004}
