{"iob":0.4407389971775309,"activity":0.004756054994388328,"bolusiob":0.19322973917234568}
