{"iob":0.24415825632500002,"activity":0.00007992063492063535,"bolusiob":0}
