{"iob":1.618239154980625,"activity":0.024079785353535353,"bolusiob":0.32398749197750004}
