{"iob":1.902393312940247,"activity":0.0034118518518518517,"bolusiob":1.639764016165926}
