{"iob":-0.0997793444888889,"activity":-0.000043703703703703705,"bolusiob":0}
