{"iob":0.09956806649975308,"activity":0.000059567901234567904,"bolusiob":0}
