{"iob":0.04299275633777778,"activity":0.0003041975308641975,"bolusiob":0}
