{"iob":-0.08021161870222224,"activity":-0.001001728395061728,"bolusiob":0}
