{"iob":2.911117191476444,"activity":0.013759012345679007,"bolusiob":2.622093350364444}
