{"iob":0.060460663266271045,"activity":-0.0010726630158730158,"bolusiob":0}
