{"iob":0.09725418145347223,"activity":0.0007704938271604939,"bolusiob":0}
