{"iob":0.049983892630123455,"activity":0.000004197530864197531,"bolusiob":0}
