{"iob":0.049691984505679014,"activity":0.00003864197530864198,"bolusiob":0}
