{"iob":-0.13754752038833334,"activity":-0.0016463315696649027,"bolusiob":0}
