{"iob":-0.14642982552,"activity":-0.0002891358024691358,"bolusiob":0}
