{"iob":-0.09841261936197533,"activity":0.0006233221099887766,"bolusiob":0}
