{"iob":1.0046203782673309,"activity":0.0071590709876543195,"bolusiob":0.7774295208888888}
