{"iob":0.319194870396875,"activity":0.00581292297979798,"bolusiob":0.004496769322499983}
