{"iob":0.43616062316246906,"activity":0.0008108641975308641,"bolusiob":0.2517169168118519}
