{"iob":1.2708135650962962,"activity":0.011389640852974186,"bolusiob":0.5345299344000001}
