{"iob":0.7181906760803334,"activity":-0.0011122398589065254,"bolusiob":0.78687843248}
