{"iob":-0.0997352205888889,"activity":-0.00005148148148148147,"bolusiob":0}
