{"iob":0.6601350004381249,"activity":0.011241224747474746,"bolusiob":0.16249958572250003}
