{"iob":1.3860971990594446,"activity":0.029003835978835973,"bolusiob":0.1195405480533331}
