{"iob":0.3858750008974999,"activity":0.015510871212121212,"bolusiob":0.01387039231999996}
