{"iob":0.8573888849993158,"activity":0.019947265520282188,"bolusiob":0.0072477234133333296}
