{"iob":-0.00703171955555556,"activity":-0.00028815937149270483,"bolusiob":0}
