{"iob":1.4917002393644443,"activity":0.0016476543209876537,"bolusiob":1.6540390970844445}
