{"iob":0.0069330962666666555,"activity":0.0019124579124579133,"bolusiob":0}
