{"iob":-0.08867631640000001,"activity":-0.0004038888888888889,"bolusiob":0}
