{"iob":2.6988468571572226,"activity":0.025670476190476188,"bolusiob":1.5443357788222225}
