{"iob":1.558579808352945,"activity":0.009020877733585859,"bolusiob":1.073873244}
