{"iob":1.1475582177277777,"activity":0.02682670194003527,"bolusiob":0.013624875000000381}
