{"iob":0.6277471471327664,"activity":0.007758238541666667,"bolusiob":0.27659985350000005}
