{"iob":0.299166460265,"activity":0.0005332627865961195,"bolusiob":0}
