{"iob":1.68394476498625,"activity":0.03273896464646465,"bolusiob":0.04101289550000015}
