{"iob":2.6180964105736795,"activity":0.02156977097001763,"bolusiob":1.4656904274800002}
