{"iob":1.224010847745,"activity":0.01476597222222222,"bolusiob":0.23705708049000007}
