{"iob":0.12204890212536595,"activity":0.006245943121693119,"bolusiob":0}
