{"iob":0.16060698548055546,"activity":0.013229038800705466,"bolusiob":0}
