{"iob":1.9159830034821874,"activity":0.011937178030303032,"bolusiob":1.5841141957599998}
