{"iob":0.3835711237484375,"activity":0.0028207260101010103,"bolusiob":0.2069229160375}
