{"iob":-0.23853079344222225,"activity":-0.0007188888888888888,"bolusiob":0}
