{"iob":0.009350994691250024,"activity":0.00637516414141414,"bolusiob":0}
