{"iob":-0.06577028620444444,"activity":-0.0009595767195767194,"bolusiob":0}
