{"iob":1.445290996057778,"activity":0.004492098765432098,"bolusiob":1.447275693137778}
