{"iob":0.5703012394144444,"activity":0.010969506172839509,"bolusiob":0.15505478684}
