{"iob":0.38496425837444415,"activity":0.008319947089947086,"bolusiob":0.08887261724}
