{"iob":-0.34769696519543103,"activity":-0.0029224339858906533,"bolusiob":0}
