{"iob":-0.20763523411277773,"activity":0.0017814285714285718,"bolusiob":0}
