{"iob":-0.07530769726875,"activity":-0.00173895202020202,"bolusiob":0}
