{"iob":-0.1296510265560494,"activity":-0.0012002918069584738,"bolusiob":0}
