{"iob":0.09972194277777778,"activity":0.00005382716049382715,"bolusiob":0}
