{"iob":-0.0489372464908642,"activity":-0.00008123456790123457,"bolusiob":0}
