{"iob":0.14123330251555558,"activity":0.0010101234567901234,"bolusiob":0}
