{"iob":2.073304282208395,"activity":0.009020740740740739,"bolusiob":1.2932501862241979}
