{"iob":-0.14810606557555556,"activity":-0.0002265432098765432,"bolusiob":0}
