{"iob":0.94290388768,"activity":0.011419015151515152,"bolusiob":0.46497969860000005}
