{"iob":2.46164255905382,"activity":0.0032847115520282144,"bolusiob":2.3946393736533333}
