{"iob":0.5357167350022223,"activity":0.0013554320987654315,"bolusiob":0.5376616306133334}
