{"iob":-0.05862314214034184,"activity":0.002462327954144621,"bolusiob":0}
