{"iob":1.1049365110587501,"activity":0.013611041666666665,"bolusiob":0.10273614568750003}
