{"iob":0.13981728741247104,"activity":0.0010627338095238093,"bolusiob":0}
