{"iob":0.16375593185541676,"activity":-0.001696569664902998,"bolusiob":0.38887907747555556}
