{"iob":1.2623246644719415,"activity":0.012166797638888888,"bolusiob":0.39938395072000005}
