{"iob":0.06762682070187499,"activity":0.0031748042929292926,"bolusiob":0}
