{"iob":1.5428501081988892,"activity":0.03404308641975308,"bolusiob":0.08316887904000009}
