{"iob":0.6625802453322223,"activity":0.019196966490299817,"bolusiob":0.000037485680000026744}
