{"iob":2.6136289524122227,"activity":0.01804847442680776,"bolusiob":1.72023806976}
