{"iob":0.2950019726177778,"activity":0.0005076543209876543,"bolusiob":0}
