{"iob":1.28115775353216,"activity":0.0036888193749999997,"bolusiob":1.1578001262}
