{"iob":0.508225400769304,"activity":0.0031298599118165784,"bolusiob":0}
