{"iob":0.47605040033975304,"activity":0.016225925925925925,"bolusiob":0.011210662613333299}
