{"iob":-0.046086202877222225,"activity":0.0011026278659611994,"bolusiob":0}
