{"iob":0.3516471533022687,"activity":0.004899541640211639,"bolusiob":0.00004623093333327999}
