{"iob":0.9256545566447874,"activity":0.014479041319444443,"bolusiob":0.22323991588}
