{"iob":2.530239255773333,"activity":0.008884250440917105,"bolusiob":2.066877211751111}
