{"iob":-0.09785943979611111,"activity":-0.0001691534391534392,"bolusiob":0}
