{"iob":1.6970374214519064,"activity":0.006184188762626261,"bolusiob":1.52725225472}
