{"iob":0.04652862430777778,"activity":-0.00028204585537918873,"bolusiob":0}
