{"iob":1.5528953095441096,"activity":0.01283099789141414,"bolusiob":0.61032043732}
