{"iob":0.9712179995168752,"activity":0.02076619318181818,"bolusiob":0.06616918128000009}
