{"iob":1.4293933449851703,"activity":0.011690498945707069,"bolusiob":0.53355752559}
