{"iob":2.7259386091416795,"activity":0.020627972028218686,"bolusiob":1.66467493948}
