{"iob":1.9578357262562502,"activity":-0.0009649747474747478,"bolusiob":2.183895934}
