{"iob":-0.0414000065,"activity":-0.00033888888888888884,"bolusiob":0}
