{"iob":-0.04998075051777778,"activity":-0.000006543209876543209,"bolusiob":0}
