{"iob":0.11099577534277777,"activity":0.006714991181657848,"bolusiob":0}
