{"iob":0.04260190481750002,"activity":-0.0010273611111111108,"bolusiob":0}
