{"iob":0.42886011942055563,"activity":0.01006137566137566,"bolusiob":0.06413187968000003}
