{"iob":0.0006069048609670947,"activity":0.00018488271604938256,"bolusiob":0}
