{"iob":1.6212010508523456,"activity":0.01442469135802469,"bolusiob":0.482147071288889}
