{"iob":0.34808183022249994,"activity":0.01281744318181818,"bolusiob":0}
