{"iob":-0.11938762433777779,"activity":-0.0010482363315696649,"bolusiob":0}
