{"iob":1.29089098161625,"activity":0.007485984848484849,"bolusiob":0.8057323562}
