{"iob":0.6662923734644445,"activity":0.014321763668430333,"bolusiob":0.029806091679999994}
