{"iob":2.9515022303742215,"activity":0.012876261022927687,"bolusiob":2.7117919298133337}
