{"iob":-0.19535416700049382,"activity":-0.00029395061728395064,"bolusiob":0}
