{"iob":2.1857012522327777,"activity":0.020996631393298056,"bolusiob":1.1009622292133336}
