{"iob":0.5141127645502397,"activity":0.005628448095238092,"bolusiob":0.28027042176}
