{"iob":0.1925810211871606,"activity":0.013622704826038159,"bolusiob":0}
