{"iob":0.09530301329979995,"activity":0.00026416673611111117,"bolusiob":0}
