{"iob":0.36635444241666687,"activity":0.007800176366843032,"bolusiob":0.19279142400000002}
