{"iob":-0.2846792247701744,"activity":0.00036900340388007003,"bolusiob":0}
