{"iob":1.3178808885955557,"activity":0.00525126984126984,"bolusiob":1.0881202621333335}
