{"iob":0.444668253006875,"activity":0.003342821969696969,"bolusiob":0.006623758537499969}
