{"iob":0.22333518765249996,"activity":0.004166407828282828,"bolusiob":0}
