{"iob":1.2721692297939566,"activity":0.007278430952380948,"bolusiob":0.6191357542400001}
