{"iob":-0.09217381611358025,"activity":-0.0003300617283950617,"bolusiob":0}
