{"iob":0.18151686550833346,"activity":-0.00013864197530864125,"bolusiob":0.13546430259999998}
