{"iob":-0.0999740203716596,"activity":-0.0006341982007575757,"bolusiob":0}
