{"iob":0.04997603100444445,"activity":0.000007901234567901233,"bolusiob":0}
