{"iob":0.6075529195353333,"activity":0.0015656437389770723,"bolusiob":0.5617937604800001}
