{"iob":3.585954232155,"activity":0.02223784090909091,"bolusiob":2.39062723425}
