{"iob":0.24531932499324605,"activity":0.00035707257495590835,"bolusiob":0}
