{"iob":2.193982380768889,"activity":0.0013034567901234566,"bolusiob":2.08478700528}
