{"iob":-0.09854722352197531,"activity":-0.00012617283950617283,"bolusiob":0}
