{"iob":1.396541755523125,"activity":0.012669526515151516,"bolusiob":0.5209491060000001}
