{"iob":2.8244780331225003,"activity":0.020053194444444443,"bolusiob":1.98192948695}
