{"iob":0.5202844619443391,"activity":0.0035888896296296284,"bolusiob":0}
