{"iob":1.5953915019084377,"activity":0.01086767361111111,"bolusiob":1.12295384064}
