{"iob":-0.30867854259875005,"activity":0.00048526515151515136,"bolusiob":0}
