{"iob":2.367823333422205,"activity":0.015174572502805836,"bolusiob":1.0131891341392594}
