{"iob":-0.14908731785611112,"activity":-0.0020442151675485005,"bolusiob":0}
