{"iob":1.4282072830190624,"activity":0.015445609217171717,"bolusiob":0.7855913671999999}
