{"iob":-0.09751348376493828,"activity":-0.00016395061728395063,"bolusiob":0}
