{"iob":1.989230528291111,"activity":0.013959876543209874,"bolusiob":1.2362570035200002}
