{"iob":0.6416694247743212,"activity":0.01690874298540965,"bolusiob":0.032137422719999975}
