{"iob":0.19455433205,"activity":-0.0002005555555555551,"bolusiob":0}
