{"iob":-0.04978806535111111,"activity":-0.000040493827160493827,"bolusiob":0}
