{"iob":-0.1039377433438889,"activity":-0.0007182186948853616,"bolusiob":0}
