{"iob":0.23863019607500008,"activity":0.007684027777777778,"bolusiob":0}
