{"iob":-0.10134889726684745,"activity":-0.0010598611805555556,"bolusiob":0}
