{"iob":0.049020838340000004,"activity":0.00010333333333333332,"bolusiob":0}
