{"iob":1.4061300851402776,"activity":0.009129074074074072,"bolusiob":0.8856813482400002}
