{"iob":-0.013570213045624994,"activity":0.001672215909090909,"bolusiob":0}
