{"iob":0.7824413651405555,"activity":-0.0009451322751322751,"bolusiob":0.96127468}
