{"iob":0.07808054609375001,"activity":0.001471597222222222,"bolusiob":0.01943928873500003}
