{"iob":1.046383955343125,"activity":0.018622897727272724,"bolusiob":0.14259304257500005}
