{"iob":0.5026587933511112,"activity":0.011938324514991178,"bolusiob":0}
