{"iob":1.454069222318093,"activity":0.017911844761904758,"bolusiob":0.41452877653333337}
