{"iob":0.5375135502879947,"activity":0.007025220070546736,"bolusiob":0.16380248832}
