{"iob":-0.24341259856444447,"activity":-0.0005649382716049382,"bolusiob":0}
