{"iob":2.794844583185,"activity":0.01784425505050505,"bolusiob":2.2207171270074997}
