{"iob":0.09978822237530863,"activity":0.00399459595959596,"bolusiob":0}
