{"iob":-0.17175359875333332,"activity":-0.0015729629629629626,"bolusiob":0}
