{"iob":0.712644474752222,"activity":0.007706349206349205,"bolusiob":0.2786136846666667}
