{"iob":0.4556163200565626,"activity":0.011973876262626266,"bolusiob":0.05492686800000002}
