{"iob":0.378452985053368,"activity":0.0061583222222222215,"bolusiob":0}
