{"iob":0.15972503408197514,"activity":0.008064579124579127,"bolusiob":0}
