{"iob":0.14809787802074076,"activity":0.00016555555555555556,"bolusiob":0}
