{"iob":0.22157616476333328,"activity":0.005252363315696649,"bolusiob":0}
