{"iob":0.5480297626925001,"activity":0.014210006313131312,"bolusiob":0}
