{"iob":-0.06795370639611112,"activity":-0.0007931922398589062,"bolusiob":0}
