{"iob":-0.009331526219027782,"activity":-0.0017901322751322753,"bolusiob":0}
