{"iob":0.26544458372888885,"activity":0.011136596119929449,"bolusiob":0.03660102848}
