{"iob":0.004154468979999987,"activity":0.0005830687830687828,"bolusiob":0}
