{"iob":-0.19198814511111115,"activity":-0.0005728395061728394,"bolusiob":0}
