{"iob":0.2916997331671875,"activity":0.0005505208333333334,"bolusiob":0}
