{"iob":3.725253770658056,"activity":0.02200609539772727,"bolusiob":1.959660971025}
