{"iob":1.3661803333541773,"activity":0.009336748832070705,"bolusiob":0.6817097892049999}
