{"iob":0.7116231939811111,"activity":0.0172658024691358,"bolusiob":0.06329582958666666}
