{"iob":0.09996884553781248,"activity":0.0010703188131313127,"bolusiob":0}
