{"iob":1.1697820862951342,"activity":0.009089259876543208,"bolusiob":0.42925027402666677}
