{"iob":0.0773150526044444,"activity":0.00408636684303351,"bolusiob":0}
