{"iob":1.5318872043844443,"activity":0.0023423456790123455,"bolusiob":1.43932848}
