{"iob":-0.2787341618461111,"activity":-0.002519029982363315,"bolusiob":0}
