{"iob":-0.0996018117688889,"activity":-0.00004592592592592592,"bolusiob":0}
