{"iob":-0.09939216331111111,"activity":-0.00008098765432098764,"bolusiob":0}
