{"iob":0.09257318024888889,"activity":0.0071139153439153426,"bolusiob":0.0000096807333333504}
