{"iob":0.5874896226412503,"activity":0.021974147727272728,"bolusiob":0.0013121689100000222}
