{"iob":1.7558979893544728,"activity":0.0051208524368686874,"bolusiob":1.2093780873600002}
