{"iob":-0.004919152095347101,"activity":-0.0008249999684343434,"bolusiob":0}
