{"iob":0.6595215631005559,"activity":0.011274726631393296,"bolusiob":0.04954806545333335}
