{"iob":1.8653901476172676,"activity":0.006695982345679011,"bolusiob":1.0338553755200002}
