{"iob":1.08672112584,"activity":0.013117301587301584,"bolusiob":0.6689940300088889}
