{"iob":-3.556483333388982e-7,"activity":-0.000024426807760141028,"bolusiob":0}
