{"iob":0.05069285120222223,"activity":0.0011344797178130513,"bolusiob":0}
