{"iob":2.056190171126667,"activity":0.021529171075837735,"bolusiob":0.9981417381688888}
