{"iob":0.5264679133605557,"activity":0.002731261022927688,"bolusiob":0.3773370772266667}
