{"iob":-0.14271451089166667,"activity":-0.0017851234567901229,"bolusiob":0}
