{"iob":0.6919852244611112,"activity":0.019714197530864196,"bolusiob":0}
