{"iob":0.5174446510305326,"activity":0.005746593756613749,"bolusiob":0}
