{"iob":0.36851087806250005,"activity":0.0013295833333333334,"bolusiob":0.12837307586}
