{"iob":0.0953341009786499,"activity":0.008262705568181818,"bolusiob":0}
