{"iob":-0.010386589326111091,"activity":0.003925414462081125,"bolusiob":0}
