{"iob":-0.15053929269221772,"activity":-0.004062310529100529,"bolusiob":0}
