{"iob":0.08217961096222223,"activity":-0.0004980599647266313,"bolusiob":0}
