{"iob":1.558596124316111,"activity":0.023846719576719567,"bolusiob":0.38048071217333346}
