{"iob":2.6060399049146303,"activity":0.014795023187429854,"bolusiob":1.5046838224118517}
