{"iob":1.056809539703125,"activity":0.023743484848484847,"bolusiob":0.014307127062500036}
