{"iob":-0.042920853009382726,"activity":-0.0002293827160493827,"bolusiob":0}
