{"iob":0.08567673011111114,"activity":0.001784620811287478,"bolusiob":0}
