{"iob":-0.09789244777876543,"activity":-0.00012567901234567902,"bolusiob":0}
