{"iob":1.021786518031716,"activity":0.007798817901234564,"bolusiob":1.0988099130311113}
