{"iob":-0.04723895094444445,"activity":-0.0001845679012345679,"bolusiob":0}
