{"iob":1.9079822668487503,"activity":0.004708017676767677,"bolusiob":1.7044242089600001}
