{"iob":0.0998431483325,"activity":0.00002638888888888889,"bolusiob":0}
