{"iob":1.13885758055397,"activity":0.006591319375,"bolusiob":0.5830902262500001}
