{"iob":-0.19812623385555556,"activity":-0.00022925925925925924,"bolusiob":0}
