{"iob":0.2322069175122222,"activity":0.010599171075837733,"bolusiob":0.053673177240000015}
