{"iob":-0.14826776815407408,"activity":-0.00014555555555555556,"bolusiob":0}
