{"iob":1.870428188006094,"activity":0.004010255681818182,"bolusiob":1.44648472104}
