{"iob":1.392060707493889,"activity":0.009337469135802468,"bolusiob":0.7921035278000002}
