{"iob":0.02069686058493264,"activity":0.0025601406525573196,"bolusiob":0}
