{"iob":0.31169693411777777,"activity":0.012232416225749556,"bolusiob":0}
