{"iob":1.6157271599364453,"activity":0.008259514097222219,"bolusiob":1.154546364}
