{"iob":0.15438179904520838,"activity":0.004332151675485009,"bolusiob":0}
