{"iob":1.200005393679012,"activity":0.01969652076318743,"bolusiob":0.3395475630222223}
