{"iob":-0.06325805854912722,"activity":-0.0012562498106060615,"bolusiob":0.062258068702499995}
