{"iob":-0.07059545381277779,"activity":-0.001091569664902998,"bolusiob":0}
