{"iob":1.4714366814177777,"activity":0.009890617283950614,"bolusiob":0.6849562358000001}
