{"iob":0.4043437190277778,"activity":0.018988359788359783,"bolusiob":0}
