{"iob":1.2109462944711111,"activity":0.011308148148148145,"bolusiob":0.2996285867733334}
