{"iob":0.049991999360000004,"activity":0.000002962962962962963,"bolusiob":0}
