{"iob":2.165349726055555,"activity":0.021790282186948846,"bolusiob":1.1983866849599996}
