{"iob":0.04541304889777778,"activity":0.00021696649029982352,"bolusiob":0}
