{"iob":1.4543672877697125,"activity":0.005297279179292929,"bolusiob":0.81338427768}
