{"iob":2.3925543787278123,"activity":0.020187512626262623,"bolusiob":1.7172478632275001}
