{"iob":0.19013600988555562,"activity":0.005195987654320987,"bolusiob":0}
