{"iob":-0.04796308294444445,"activity":-0.00015617283950617283,"bolusiob":0}
