{"iob":1.0061711331378125,"activity":0.014090751262626261,"bolusiob":0.36796362296250007}
