{"iob":0.0622861331288888,"activity":0.006179929453262782,"bolusiob":0.005199381759999966}
