{"iob":0.04439895157888894,"activity":0.005541992945326279,"bolusiob":0}
