{"iob":-0.19641813559277777,"activity":-0.0008644973544973542,"bolusiob":0}
