{"iob":-0.038409525342777764,"activity":0.0016779805996472662,"bolusiob":0}
