{"iob":0.9791121113600002,"activity":0.013826666666666662,"bolusiob":0.08652456544}
