{"iob":0.09586572540831267,"activity":0.008174027777777777,"bolusiob":0}
