{"iob":-0.015830276241666677,"activity":-0.0009554673721340387,"bolusiob":0}
