{"iob":-0.09959360626567902,"activity":-0.000050493827160493826,"bolusiob":0}
