{"iob":-0.17880899226968755,"activity":-0.00016296085858585882,"bolusiob":0}
