{"iob":0.14940198405555558,"activity":0.00010999999999999999,"bolusiob":0}
