{"iob":1.4901325580036966,"activity":0.007340208175505051,"bolusiob":1.32537180928}
