{"iob":1.3802323953227775,"activity":0.019001296296296294,"bolusiob":0.5722226585600001}
