{"iob":0.2794756244922222,"activity":0.0038415343915343915,"bolusiob":0}
