{"iob":0.07356939446222223,"activity":-0.0009374250440917105,"bolusiob":0}
