{"iob":1.6413044688958034,"activity":0.011933118857323233,"bolusiob":1.17981388524}
