{"iob":0.64036564546,"activity":0.013676944444444443,"bolusiob":0.2986567050450001}
