{"iob":-0.03591227041975309,"activity":-0.0003290123456790123,"bolusiob":0}
