{"iob":1.0899895509714843,"activity":0.0009887847222222223,"bolusiob":0.69041283031}
