{"iob":1.4769698816237502,"activity":0.009372506313131313,"bolusiob":0.8006163877600001}
