{"iob":0.05281226018278658,"activity":-0.0040296471428571436,"bolusiob":0}
