{"iob":0.02348614901000002,"activity":0.0020603174603174602,"bolusiob":0}
