{"iob":0.2447341969079167,"activity":0.0045037213403880064,"bolusiob":0}
