{"iob":0.019895787091111113,"activity":-0.0011640388007054673,"bolusiob":0}
