{"iob":0.09970998012781251,"activity":0.000046284722222222225,"bolusiob":0}
