{"iob":-0.09867978831012346,"activity":-0.00011790123456790124,"bolusiob":0}
