{"iob":0.3683748165066667,"activity":0.003536296296296296,"bolusiob":0.013949947959999986}
