{"iob":1.7683494501102341,"activity":0.0023039236111111108,"bolusiob":1.34732752728}
