{"iob":0.8599704449719815,"activity":0.014461447506313133,"bolusiob":0.19157924427000003}
