{"iob":0.07281372833666669,"activity":0.0014954144620811288,"bolusiob":0}
