{"iob":2.001120937711524,"activity":0.0020571250970017625,"bolusiob":2.169700918471111}
