{"iob":2.349932940294675,"activity":0.013353547317620649,"bolusiob":1.3133101378844445}
