{"iob":0.20031853391833332,"activity":0.0021304585537918856,"bolusiob":0.010032398599999992}
