{"iob":1.4649881620894443,"activity":0.021595052910052905,"bolusiob":0.5969841560000001}
