{"iob":-0.09971278258,"activity":-0.00005444444444444443,"bolusiob":0}
