{"iob":0.3340588090745679,"activity":0.011138810325476992,"bolusiob":0}
