{"iob":2.5171141220023676,"activity":0.0051860497530864195,"bolusiob":2.0539334481501235}
