{"iob":-0.09881584607611112,"activity":-0.00004537918871252203,"bolusiob":0}
