{"iob":1.0502805195324998,"activity":0.010169444444444443,"bolusiob":0.27822115957499993}
