{"iob":-0.04997948807111111,"activity":-0.000005185185185185185,"bolusiob":0}
