{"iob":-0.046582523148641974,"activity":-0.0001554320987654321,"bolusiob":0}
