{"iob":0.14570008710444446,"activity":0.000272716049382716,"bolusiob":0}
