{"iob":0.7329572201940777,"activity":0.021012771604938266,"bolusiob":-0.00011416213333326208}
