{"iob":1.7186088375000006,"activity":0.02329727272727273,"bolusiob":0.3274688320625}
