{"iob":-0.11879097231469,"activity":-0.0015253175837742512,"bolusiob":0}
