{"iob":1.9280816665227778,"activity":0.011487671957671952,"bolusiob":1.2316440433066667}
