{"iob":2.3417782201511113,"activity":0.014903703703703699,"bolusiob":1.4391087580088888}
