{"iob":0.06806285129064085,"activity":-0.0015517457671957668,"bolusiob":0}
