{"iob":0.04709149161777778,"activity":0.00018987654320987653,"bolusiob":0}
