{"iob":0.7216246258200001,"activity":0.023712698412698408,"bolusiob":0}
