{"iob":1.0314142200493828,"activity":0.010295117845117845,"bolusiob":0.396155418911605}
