{"iob":0.8174270298074073,"activity":0.0032522222222222215,"bolusiob":0.623706581471605}
