{"iob":2.1896559419472226,"activity":-0.0009362610229276904,"bolusiob":2.3832132744533334}
