{"iob":0.07140781287562495,"activity":0.007634027777777775,"bolusiob":-0.00006213099749998729}
