{"iob":0.5457003704660683,"activity":0.0008373375308641976,"bolusiob":0}
