{"iob":0.04997690761777778,"activity":0.000007654320987654322,"bolusiob":0}
