{"iob":1.7515864964108643,"activity":0.0052303703703703705,"bolusiob":0.9374127244167902}
