{"iob":-0.028116168495802438,"activity":0.0016585521885521888,"bolusiob":0}
