{"iob":-0.0038718202661111034,"activity":0.0002224074074074074,"bolusiob":0}
