{"iob":0.14913614077333334,"activity":0.00012617283950617283,"bolusiob":0}
