{"iob":3.1975742623440624,"activity":0.024144930555555555,"bolusiob":1.8965048800649997}
