{"iob":0.47136950036888897,"activity":0.010815802469135802,"bolusiob":0.047872586666666606}
