{"iob":1.561448815985853,"activity":0.012905132363315693,"bolusiob":0.7892942664000002}
