{"iob":-0.074462188841875,"activity":0.0014756186868686869,"bolusiob":0}
