{"iob":0.05956365979687489,"activity":0.01058554292929293,"bolusiob":0}
