{"iob":0.6670191538383391,"activity":0.005199506913580246,"bolusiob":0}
