{"iob":0.06813545066743058,"activity":0.003931446208112875,"bolusiob":0}
