{"iob":0.04013765017917671,"activity":0.0069714991005291,"bolusiob":0.013045249026666629}
