{"iob":-0.08485146311111112,"activity":-0.0004740740740740741,"bolusiob":0}
