{"iob":-0.06597145654,"activity":-0.0006072486772486772,"bolusiob":0}
