{"iob":-0.049516109440000004,"activity":-0.00005111111111111111,"bolusiob":0}
