{"iob":2.348075986166046,"activity":0.01780074992945326,"bolusiob":1.2645022150133336}
