{"iob":1.88876974624,"activity":0.01797149911816578,"bolusiob":1.0001734802755557}
