{"iob":0.0022903618133333307,"activity":0.00023315696649029967,"bolusiob":0}
