{"iob":0.10442691493166663,"activity":0.0006149911816578477,"bolusiob":0}
