{"iob":1.7833038717289844,"activity":0.010975312499999999,"bolusiob":0.834535430665}
