{"iob":1.4478526198771093,"activity":0.013312058497474749,"bolusiob":0.53653675732}
