{"iob":-0.14741686435333334,"activity":-0.00023592592592592594,"bolusiob":0}
