{"iob":1.06858757137,"activity":0.013587007575757575,"bolusiob":0.21141420241500009}
