{"iob":2.0127134450205553,"activity":0.0003717636684303347,"bolusiob":2.24148331904}
