{"iob":0.20155256064378618,"activity":0.01324674489337823,"bolusiob":0}
