{"iob":0.14210436059,"activity":0.00044139329805996483,"bolusiob":0}
