{"iob":-0.10937240340875001,"activity":-0.001153125,"bolusiob":0}
