{"iob":-0.11695875843874999,"activity":-0.0013110227272727273,"bolusiob":0}
