{"iob":0.8207034042103563,"activity":0.008722178747795413,"bolusiob":0.12591536256}
