{"iob":0.9403258699842453,"activity":0.006374877160493827,"bolusiob":0.21771430656000001}
