{"iob":0.4227004313912501,"activity":0.009777253787878786,"bolusiob":0.0843179711025}
