{"iob":0.6689818552547779,"activity":-0.0001704232804232802,"bolusiob":0.72541240448}
