{"iob":2.2282806900344445,"activity":0.023034567901234565,"bolusiob":1.0373842490355558}
