{"iob":0.6227832948139567,"activity":0.015849135097001765,"bolusiob":0}
