{"iob":2.1504074605050003,"activity":0.019680138888888893,"bolusiob":1.26305437372}
