{"iob":0.4836358289055111,"activity":0.012471510669191919,"bolusiob":0}
