{"iob":0.5154110097077381,"activity":0.018003879805996464,"bolusiob":0}
