{"iob":0.5352898705911111,"activity":0.011471146384479715,"bolusiob":0}
