{"iob":0.14904706899035308,"activity":0.0001429102469135802,"bolusiob":0}
