{"iob":1.4396495398199998,"activity":0.0186542151675485,"bolusiob":0.27455987552}
