{"iob":0.07194438514595086,"activity":-0.0008462519400352726,"bolusiob":0}
