{"iob":-0.14534214354000002,"activity":-0.00021181657848324523,"bolusiob":0}
