{"iob":-0.048151012510624994,"activity":0.00111157196969697,"bolusiob":0}
