{"iob":-0.25178568912166666,"activity":-0.002527460317460317,"bolusiob":0}
