{"iob":0.2978618259133333,"activity":0.0005643209876543212,"bolusiob":0}
