{"iob":0.049980959125,"activity":0.000004861111111111111,"bolusiob":0}
