{"iob":0.000007794839999997194,"activity":0.0009803030303030301,"bolusiob":0}
