{"iob":0.04515454401111112,"activity":-0.0003619400352733686,"bolusiob":0}
