{"iob":-0.03587344135111116,"activity":0.0015068013468013473,"bolusiob":0}
