{"iob":-0.049983422285,"activity":-0.000004305555555555556,"bolusiob":0}
