{"iob":0.38311546611519526,"activity":0.0033378977272727267,"bolusiob":0.11499048021000002}
