{"iob":0.7287582066375,"activity":0.015400353535353533,"bolusiob":0}
