{"iob":1.6605560004738893,"activity":0.015914947089947083,"bolusiob":1.0847315693866666}
