{"iob":-0.08965021830062501,"activity":-0.0008919760101010101,"bolusiob":0}
