{"iob":0.048205286924444445,"activity":0.00020130511463844783,"bolusiob":0}
