{"iob":0.16803743221728407,"activity":0.008698338945005614,"bolusiob":0}
