{"iob":0.04372289734320986,"activity":0.010012951739618406,"bolusiob":0}
