{"iob":-0.17770637763796585,"activity":0.0012403788194444445,"bolusiob":0}
