{"iob":2.33724787140625,"activity":0.021505075757575758,"bolusiob":1.5143694238900003}
