{"iob":1.8392786774565624,"activity":0.013661840277777776,"bolusiob":1.75370429664}
