{"iob":-0.19744144109434708,"activity":-0.0005454040088383839,"bolusiob":0}
