{"iob":-0.09516677055111111,"activity":0.000181358024691358,"bolusiob":0}
