{"iob":2.1190172890335117,"activity":0.025898871869488537,"bolusiob":0.6830689362311111}
