{"iob":0.7558555421727777,"activity":0.018977248677248676,"bolusiob":0.03415034240000003}
