{"iob":0.1328517136620151,"activity":-0.0007350982449494952,"bolusiob":0}
