{"iob":0.887920482354568,"activity":0.011314971941638606,"bolusiob":0.6933631832888888}
