{"iob":-0.14478676541629631,"activity":-0.00030333333333333335,"bolusiob":0}
