{"iob":-0.09761658121555562,"activity":0.0005010758377425043,"bolusiob":0}
