{"iob":0.24217123946687508,"activity":0.00482883207070707,"bolusiob":0}
