{"iob":2.6016291361599997,"activity":0.009758289241622572,"bolusiob":2.022215787657778}
