{"iob":-0.1028148110308485,"activity":-0.002562901322751323,"bolusiob":0}
