{"iob":1.298219878817778,"activity":0.00621037037037037,"bolusiob":1.2347364444444444}
