{"iob":1.6596476172737502,"activity":0.013588150252525253,"bolusiob":0.6409205511925002}
