{"iob":-0.09221127290611113,"activity":-0.0009777072310405643,"bolusiob":0}
