{"iob":0.32731830016812496,"activity":0.013357058080808082,"bolusiob":0}
