{"iob":-0.23837607736222224,"activity":-0.0007272839506172839,"bolusiob":0}
