{"iob":0.6927503736438887,"activity":0.004414109347442675,"bolusiob":0.4809766264}
