{"iob":0.5596209508339391,"activity":0.002522222962962963,"bolusiob":0}
