{"iob":0.36067128246,"activity":0.0030867195767195757,"bolusiob":0}
