{"iob":0.19729293623,"activity":0.0002080555555555556,"bolusiob":0}
