{"iob":0.20306884516850043,"activity":0.0003663163131313132,"bolusiob":0}
