{"iob":0.507299355073617,"activity":0.022936472292768954,"bolusiob":0}
