{"iob":1.9221497786413333,"activity":0.021242952380952376,"bolusiob":0.8832037211511111}
