{"iob":-0.00000907587333333626,"activity":0.00001816578483245148,"bolusiob":0}
