{"iob":1.82732895369625,"activity":0.022831029040404044,"bolusiob":0.41886607327999986}
