{"iob":0.04977912945111112,"activity":0.00004160493827160493,"bolusiob":0}
