{"iob":0.3588636431022222,"activity":-0.002698994708994708,"bolusiob":0}
