{"iob":1.8154405876703124,"activity":0.0071891351010101,"bolusiob":1.2750882815000002}
