{"iob":-0.09974205755555557,"activity":-0.000049629629629629625,"bolusiob":0}
