{"iob":0.0002620939111111151,"activity":0.003959576719576718,"bolusiob":0}
