{"iob":0.5843751119713791,"activity":0.0015474081481481484,"bolusiob":0}
