{"iob":0.022379507342222257,"activity":0.0012883164983164986,"bolusiob":0}
