{"iob":0.35206514954375,"activity":0.009581704545454544,"bolusiob":0.008109029119999977}
