{"iob":0.37333410249555554,"activity":0.0016282716049382713,"bolusiob":0.2194197516266667}
