{"iob":0.2117312077944446,"activity":0.009232716049382713,"bolusiob":0}
