{"iob":0.3175176032622222,"activity":0.001655802469135802,"bolusiob":0}
