{"iob":-0.049983219851111114,"activity":-0.000005802469135802468,"bolusiob":0}
