{"iob":1.2431103241659722,"activity":0.014316851851851848,"bolusiob":0.31033096696888895}
