{"iob":1.9900817593046916,"activity":0.014029618406285074,"bolusiob":1.2213701340681482}
