{"iob":0.004098699519999993,"activity":0.0022444444444444443,"bolusiob":0}
