{"iob":1.3445145328279657,"activity":0.0166292160670194,"bolusiob":0.42339248252000006}
