{"iob":1.3600120898825663,"activity":0.021506490388007053,"bolusiob":0.4518046258666668}
