{"iob":0.04878497585111111,"activity":0.00011691358024691357,"bolusiob":0}
