{"iob":-0.04996808889679012,"activity":-0.000007530864197530863,"bolusiob":0}
