{"iob":0.6653076482011112,"activity":0.010777742504409172,"bolusiob":0.15909781034666665}
