{"iob":1.06432524550625,"activity":0.01609075126262626,"bolusiob":0.49508183641000003}
