{"iob":-0.09860839691111112,"activity":-0.00015580246913580244,"bolusiob":0}
