{"iob":0.26147367583791675,"activity":0.011889038800705461,"bolusiob":0.0003720704000000352}
