{"iob":2.055006886242004,"activity":0.019082291477272726,"bolusiob":1.384123472}
