{"iob":-0.08761877104222222,"activity":-0.0009219929453262781,"bolusiob":0}
