{"iob":1.8859541391195787,"activity":0.013668329365079362,"bolusiob":1.1017351641200006}
