{"iob":0.09702375671277778,"activity":-0.00005303350970017606,"bolusiob":0}
