{"iob":0.7840062331844445,"activity":0.010626049382716047,"bolusiob":0.26505518656888893}
