{"iob":0.06241208879180556,"activity":0.000017151675485008828,"bolusiob":0}
