{"iob":-0.04131021296500001,"activity":0.0006586243386243381,"bolusiob":0}
