{"iob":1.1513376397353086,"activity":0.011091144781144782,"bolusiob":0.6954895779239506}
