{"iob":0.804657108745519,"activity":0.02203073139329806,"bolusiob":0.0006418380800000457}
