{"iob":-0.14746265093777777,"activity":-0.000231358024691358,"bolusiob":0}
