{"iob":0.09937420405555555,"activity":0.00008283950617283951,"bolusiob":0}
