{"iob":1.5851065991161213,"activity":0.013138604962121209,"bolusiob":0.5374383011350001}
