{"iob":0.07365870496000006,"activity":0.006791919191919192,"bolusiob":0}
