{"iob":-0.04863049842444445,"activity":0.00022024691358024653,"bolusiob":0}
