{"iob":-0.2900210428688889,"activity":-0.001571587301587301,"bolusiob":0}
