{"iob":-0.21125029321387534,"activity":-0.0007360846031746031,"bolusiob":0}
