{"iob":-0.04978510523777778,"activity":-0.00004086419753086419,"bolusiob":0}
