{"iob":0.6069182836763911,"activity":0.016891357901234562,"bolusiob":0.02255119499999997}
