{"iob":-0.047201590960000005,"activity":-0.00018592592592592592,"bolusiob":0}
