{"iob":2.2776163731225,"activity":0.01363266414141414,"bolusiob":1.2240188783150001}
