{"iob":0.23984359541728398,"activity":0.0005043209876543209,"bolusiob":0}
