{"iob":1.9555827642241563,"activity":0.006864383333333332,"bolusiob":1.017205459271111}
