{"iob":-0.13173753405055555,"activity":-0.001477301587301587,"bolusiob":0}
