{"iob":-0.1458060615688889,"activity":-0.0017047266313932978,"bolusiob":0}
