{"iob":1.529149394034845,"activity":0.025485115255731914,"bolusiob":0.32607312158666674}
