{"iob":-0.08680870532444447,"activity":-0.0012916931216931217,"bolusiob":0}
