{"iob":1.6878323658767467,"activity":0.021322575079365077,"bolusiob":0.6879609471288888}
