{"iob":1.56778692303625,"activity":0.01629392676767677,"bolusiob":0.6161425468025001}
