{"iob":-0.029614729367499946,"activity":0.006354633838383838,"bolusiob":0}
