{"iob":0.4190813248332775,"activity":0.0013944443750000003,"bolusiob":0.58639199478}
