{"iob":0.9375059949818751,"activity":0.018840669191919193,"bolusiob":0.03155529007500002}
