{"iob":2.1494101863866666,"activity":0.021704885361552025,"bolusiob":1.039617440066667}
