{"iob":0.230906146415625,"activity":0.0026727904040404044,"bolusiob":0}
