{"iob":-0.021900714022499976,"activity":0.006372998737373737,"bolusiob":0}
