{"iob":-0.11008899941925927,"activity":-0.0009507407407407407,"bolusiob":0}
