{"iob":-0.17826547284148145,"activity":0.004623075196408531,"bolusiob":0}
