{"iob":-0.09503402662222224,"activity":-0.00025574074074074073,"bolusiob":0}
