{"iob":-0.00241899347333332,"activity":-0.00032310405643738976,"bolusiob":0}
