{"iob":0.4158069824725938,"activity":0.012003169507575758,"bolusiob":0.004506226074999953}
