{"iob":-0.01721300071968751,"activity":-0.0015423421717171717,"bolusiob":0}
