{"iob":0.09945922011555555,"activity":0.0000748148148148148,"bolusiob":0}
