{"iob":0.8713967191918752,"activity":0.014295511363636363,"bolusiob":0.4342691864}
