{"iob":1.5085710205587501,"activity":0.029616313131313132,"bolusiob":0.37366884805249995}
