{"iob":0.5949336873738308,"activity":0.012891885890151515,"bolusiob":-0.000014098000000117849}
