{"iob":2.0917305158011112,"activity":0.036449171075837734,"bolusiob":0.32395922343999994}
