{"iob":0.8811573344912501,"activity":0.007550321969696969,"bolusiob":0.31228586561250016}
