{"iob":0.24137906346666665,"activity":0.000474074074074074,"bolusiob":0}
