{"iob":-0.050849950893333315,"activity":0.0055843033509700175,"bolusiob":0}
