{"iob":1.91091961880875,"activity":0.01823167297979798,"bolusiob":1.04647252547}
