{"iob":0.12417162205706261,"activity":0.008479968434343435,"bolusiob":0}
