{"iob":-0.09894189249580247,"activity":-0.0001028395061728395,"bolusiob":0}
