{"iob":0.000003589927973346452,"activity":7.810405643736939e-7,"bolusiob":0}
