{"iob":1.851060437013333,"activity":0.012654208754208753,"bolusiob":0.8075739759999999}
