{"iob":-0.03141469850897516,"activity":0.0003277600529100526,"bolusiob":0}
