{"iob":0.27177897835374987,"activity":0.012327316919191918,"bolusiob":0}
