{"iob":0.11281337643128952,"activity":-0.000751516384479718,"bolusiob":0}
