{"iob":2.303191663014111,"activity":0.022718888888888882,"bolusiob":1.16633285784}
