{"iob":2.5280382875938887,"activity":0.012457830687830686,"bolusiob":1.81326004288}
