{"iob":0.05062872003833328,"activity":0.0031068518518518502,"bolusiob":0.034725976000000026}
