{"iob":1.361743250040139,"activity":0.018049726631393294,"bolusiob":0.4620918647466667}
