{"iob":0.142610480965,"activity":0.0013286111111111111,"bolusiob":0.03544423473499999}
