{"iob":0.6307843826477778,"activity":0.016170564373897706,"bolusiob":0.039344597586666634}
