{"iob":1.5688470758666666,"activity":0.0033592592592592584,"bolusiob":1.68162253056}
