{"iob":0.9879522118575265,"activity":0.01285096600378788,"bolusiob":0.13623400881999995}
