{"iob":0.09597397012444445,"activity":0.0002560493827160494,"bolusiob":0}
