{"iob":-0.20393725265111112,"activity":-0.0014006701940035271,"bolusiob":0}
