{"iob":-0.0913336225888889,"activity":-0.00046802469135802464,"bolusiob":0}
