{"iob":-0.05155425033513414,"activity":-0.00031487257495590803,"bolusiob":0}
