{"iob":0.00016051626666663266,"activity":0.0016599326599326604,"bolusiob":0}
