{"iob":0.07280769207333333,"activity":0.0009764197530864197,"bolusiob":0}
