{"iob":-0.12730083221277325,"activity":0.0005879540211640211,"bolusiob":0}
