{"iob":0.7193357766455556,"activity":0.010759753086419752,"bolusiob":0.2033339863466667}
