{"iob":-0.04996020897975309,"activity":-0.000009012345679012344,"bolusiob":0}
