{"iob":1.5995591663481004,"activity":0.018325757407407404,"bolusiob":0.30834294826666686}
