{"iob":0.7558675213066666,"activity":0.01133259259259259,"bolusiob":0.15291519855999994}
