{"iob":1.6467004630400002,"activity":0.021153468013468013,"bolusiob":0.5233081003456789}
