{"iob":0.7020212549176235,"activity":0.016818182716049384,"bolusiob":0}
