{"iob":0.6772233516437689,"activity":0.001976134179894178,"bolusiob":0}
