{"iob":0.010615104115555572,"activity":0.0038078306878306864,"bolusiob":0}
