{"iob":-0.1943174000377778,"activity":-0.0002070546737213406,"bolusiob":0}
