{"iob":2.4256147309734373,"activity":0.027726672979797976,"bolusiob":0.7670087117250001}
