{"iob":-0.06580645331750001,"activity":-0.0027651893939393945,"bolusiob":0}
