{"iob":-0.14516156053724696,"activity":0.0003361181657848309,"bolusiob":0}
