{"iob":0.19049958705937503,"activity":0.002665511363636364,"bolusiob":0}
