{"iob":-0.18809907545937501,"activity":0.0009323611111111108,"bolusiob":0}
