{"iob":0.2771916409066667,"activity":0.008372768959435626,"bolusiob":0}
