{"iob":-0.11336685525744579,"activity":-0.0011427334215167544,"bolusiob":0}
