{"iob":0.0014128149450000015,"activity":0.00023095238095238084,"bolusiob":0}
