{"iob":-0.09622870243555556,"activity":-0.00021333333333333333,"bolusiob":0}
