{"iob":0.09118428935111109,"activity":0.008940965207631876,"bolusiob":0}
