{"iob":0.051463549982916676,"activity":0.0008490476190476192,"bolusiob":0}
