{"iob":0.6544172391901233,"activity":0.007595005611672279,"bolusiob":0.39952442469135807}
