{"iob":-0.04815093554388887,"activity":0.0010624162257495593,"bolusiob":0}
