{"iob":1.3017772841750002,"activity":0.012723068181818183,"bolusiob":0.72946325792}
