{"iob":-0.049972442240000005,"activity":-0.000006666666666666667,"bolusiob":0}
