{"iob":1.3610233593875,"activity":0.01781791666666667,"bolusiob":0.3145690275499999}
