{"iob":-0.16053379916,"activity":-0.001098007054673721,"bolusiob":0}
