{"iob":-0.049989814,"activity":-0.0000037037037037037033,"bolusiob":0}
