{"iob":0.2572340397373175,"activity":0.008490247178130508,"bolusiob":0.0028560115199998794}
