{"iob":0.9660992904454322,"activity":0.005779304152637487,"bolusiob":0.6587199973372839}
