{"iob":-0.09939197403555555,"activity":0.000025855379188712502,"bolusiob":0}
