{"iob":-0.09553931322222226,"activity":-0.00012828924162257556,"bolusiob":0}
