{"iob":0.37845166083222215,"activity":0.01462975308641975,"bolusiob":0}
