{"iob":-0.0753813488238889,"activity":-0.000800432098765432,"bolusiob":0}
