{"iob":-0.19222828732049382,"activity":-0.0003920987654320988,"bolusiob":0}
