{"iob":1.325881120300247,"activity":0.009493456790123455,"bolusiob":0.6967824394903703}
