{"iob":0.14848077852944905,"activity":0.0001726985185185185,"bolusiob":0}
