{"iob":1.0163856274511105,"activity":0.02380444444444443,"bolusiob":0.04195762303999982}
