{"iob":1.4795164688272222,"activity":0.0069670987654320985,"bolusiob":1.0997730461333333}
