{"iob":1.1736343296634373,"activity":0.01967012626262626,"bolusiob":0.5896679512799999}
