{"iob":-0.04684899939555556,"activity":0.0021400176366843026,"bolusiob":0}
