{"iob":2.466919941545,"activity":0.019365845959595958,"bolusiob":1.4650273421800002}
