{"iob":0.4510645203837501,"activity":0.012173118686868685,"bolusiob":0.02403008923000001}
