{"iob":0.19554689989500007,"activity":0.008056565656565656,"bolusiob":0}
