{"iob":0.5917399013511112,"activity":0.01753992945326278,"bolusiob":0}
