{"iob":1.538387220831019,"activity":0.014405679876543207,"bolusiob":0.4854967474133334}
