{"iob":0.09982679343625,"activity":0.000029375,"bolusiob":0}
