{"iob":1.2032948625155553,"activity":0.012381234567901233,"bolusiob":0.5336747845733333}
