{"iob":1.5420117322745681,"activity":0.00110037037037037,"bolusiob":1.6702701485511111}
