{"iob":2.4322722165431108,"activity":0.02172430335097001,"bolusiob":1.2874336621866669}
