{"iob":0.09394862292444445,"activity":0.00034493827160493823,"bolusiob":0}
