{"iob":0.039115099688728984,"activity":0.007800176102292764,"bolusiob":0}
