{"iob":1.0135951227977777,"activity":0.020851481481481474,"bolusiob":0.07810685578666661}
