{"iob":-0.09127362782055556,"activity":-0.0004698148148148147,"bolusiob":0}
