{"iob":2.1091970765462498,"activity":0.023766597222222224,"bolusiob":0.9246949518124999}
