{"iob":1.7893741515417285,"activity":0.01103,"bolusiob":1.075954876634074}
