{"iob":0.5753127980550005,"activity":0.02009486772486772,"bolusiob":0}
