{"iob":1.6565708251215123,"activity":0.025575062345679002,"bolusiob":0.40392995358666667}
