{"iob":1.5853513971975,"activity":0.002942967171717171,"bolusiob":1.60222950769}
