{"iob":2.063372853625972,"activity":0.004822689594356259,"bolusiob":1.8856636123022221}
