{"iob":-0.03346224772345678,"activity":0.0017525813692480358,"bolusiob":0}
