{"iob":0.41319044405728395,"activity":0.0015681369248035913,"bolusiob":0}
