{"iob":0.4373216075061729,"activity":0.010707306397306396,"bolusiob":0.050061771093333304}
