{"iob":1.2138746265166667,"activity":0.005522345679012344,"bolusiob":0.7423100518400001}
