{"iob":2.3742803752205557,"activity":0.02189600529100529,"bolusiob":1.0795812825600002}
