{"iob":2.9680581912733337,"activity":0.001343439153439153,"bolusiob":2.484325700888889}
