{"iob":-0.0787615690488889,"activity":-0.0008819576719576716,"bolusiob":0}
