{"iob":0.8616719298588891,"activity":0.01578962962962963,"bolusiob":0.15935725926666655}
