{"iob":1.8011402025685999,"activity":0.02249883585537918,"bolusiob":0.8127295399555554}
