{"iob":-0.36230983346387546,"activity":-0.002709665026455026,"bolusiob":0}
