{"iob":-0.09930599180888888,"activity":-0.00010024691358024691,"bolusiob":0}
