{"iob":-0.017153230727777767,"activity":-0.0012621428571428569,"bolusiob":0}
