{"iob":-0.008967720308888899,"activity":-0.0014931922398589063,"bolusiob":0}
