{"iob":0.7020986535664198,"activity":0.007009135802469136,"bolusiob":0.21820094755555555}
