{"iob":0.492142446229375,"activity":0.0021860479797979797,"bolusiob":0.37840610659999996}
