{"iob":0.035403533765,"activity":0.00033513888888888894,"bolusiob":0}
