{"iob":1.1222578342287501,"activity":0.008627013888888889,"bolusiob":0.43119290625000006}
