{"iob":0.7492526408348502,"activity":0.009627823411896743,"bolusiob":0}
