{"iob":0.13780595048000002,"activity":0.0005493055555555556,"bolusiob":0}
