{"iob":0.6638875241266667,"activity":0.00746890652557319,"bolusiob":0.2232258225066667}
