{"iob":3.195868981237222,"activity":0.005278738977072309,"bolusiob":2.958987989346667}
