{"iob":0.3256809730133333,"activity":0.014279416386083052,"bolusiob":0.000594360177777753}
