{"iob":-0.09955132869250001,"activity":-0.0000575,"bolusiob":0}
