{"iob":0.46091580213,"activity":0.0026715277777777774,"bolusiob":0.28303891765}
