{"iob":0.6468272499216611,"activity":0.0029223464197530866,"bolusiob":0}
