{"iob":0.011138316959999991,"activity":0.0010698412698412693,"bolusiob":0}
