{"iob":-0.09787973317000001,"activity":-0.00015166666666666665,"bolusiob":0}
