{"iob":0.5368346214622223,"activity":0.01951227513227513,"bolusiob":0}
