{"iob":0.8176279920849384,"activity":0.013809663299663301,"bolusiob":0.025644854968888783}
