{"iob":-0.07655198868438212,"activity":0.0036167899999999995,"bolusiob":0}
