{"iob":0.7657954907403196,"activity":0.008756138832772167,"bolusiob":0.3383403528533333}
