{"iob":0.40105163453589354,"activity":0.015097671834215164,"bolusiob":0}
