{"iob":0.2942731412211112,"activity":0.009856137566137563,"bolusiob":0}
