{"iob":-0.10978592434250001,"activity":-0.0010601515151515153,"bolusiob":0}
