{"iob":-0.04357397469558975,"activity":0.0007037210758377422,"bolusiob":0}
