{"iob":-0.0565710389769721,"activity":-0.0010252398674242423,"bolusiob":0}
