{"iob":-0.10868695387791666,"activity":0.00031203703703703705,"bolusiob":0}
