{"iob":1.6760253198779642,"activity":0.011252045943562609,"bolusiob":0.9827297864000002}
