{"iob":0.7048407513850002,"activity":0.02152835978835979,"bolusiob":0}
