{"iob":0.07386462738687487,"activity":0.00965671717171717,"bolusiob":0}
