{"iob":1.137557650928889,"activity":0.019186208112874775,"bolusiob":0.15976031921333322}
