{"iob":0.004926992020146487,"activity":0.0013297736331569655,"bolusiob":0}
