{"iob":-0.26582274010351553,"activity":-0.0018838096472663136,"bolusiob":0}
