{"iob":-0.09935877072222224,"activity":-0.00010333333333333333,"bolusiob":0}
