{"iob":-0.028322589614999987,"activity":0.0011675189393939394,"bolusiob":0}
