{"iob":-0.028054003113333337,"activity":0.006442363315696647,"bolusiob":0}
