{"iob":-0.00938498190843759,"activity":0.005747304292929293,"bolusiob":0}
