{"iob":1.1781165796175188,"activity":0.011282109770723102,"bolusiob":0.5915076188799999}
