{"iob":0.5766556520195392,"activity":0.0019000007407407407,"bolusiob":0}
