{"iob":0.10709018011777778,"activity":0.002893104056437389,"bolusiob":0}
