{"iob":0.011288127350208316,"activity":0.0029966578483245146,"bolusiob":0}
