{"iob":0.8404361667815279,"activity":0.016819338624338622,"bolusiob":0.02255119499999997}
