{"iob":0.1985491855073112,"activity":-0.0027162082363315692,"bolusiob":0.29492759488000003}
