{"iob":-0.10681263434718752,"activity":-0.0017968371212121214,"bolusiob":0}
