{"iob":1.4474976964933333,"activity":0.01045654320987654,"bolusiob":0.6215882102000001}
