{"iob":0.06757292764666667,"activity":0.0010502469135802467,"bolusiob":0}
