{"iob":0.32816324236555555,"activity":0.004729999999999999,"bolusiob":0}
