{"iob":0.08338500631333332,"activity":-0.0015829982363315697,"bolusiob":0}
