{"iob":0.047795076017777785,"activity":-0.0002699118165784828,"bolusiob":0}
