{"iob":-0.14337570388846999,"activity":-0.0003571606172839506,"bolusiob":0}
