{"iob":0.3302264621184437,"activity":0.008513333209876543,"bolusiob":0.009310634666666574}
