{"iob":1.4305787280955558,"activity":0.02268652557319224,"bolusiob":0.18769476469333335}
