{"iob":-0.16727110489166666,"activity":-0.0013406790123456787,"bolusiob":0}
