{"iob":-0.02435606369593751,"activity":0.0032823421717171715,"bolusiob":0}
