{"iob":1.1051090982299998,"activity":0.013696414141414138,"bolusiob":0.4962418122700001}
