{"iob":2.2743773467072224,"activity":0.016690934744268075,"bolusiob":1.3156095731333333}
