{"iob":0.22980408406803698,"activity":0.012030652292768956,"bolusiob":0}
