{"iob":-0.17347971251399277,"activity":-0.0009013488712522043,"bolusiob":0}
