{"iob":-0.14706914277925928,"activity":-0.00020962962962962962,"bolusiob":0}
