{"iob":0.17987525281782685,"activity":0.009394704144620807,"bolusiob":-0.00006036576000004734}
