{"iob":1.1113979258500655,"activity":0.008775716273849607,"bolusiob":0}
