{"iob":0.7584681767210425,"activity":0.014858041661054993,"bolusiob":0.0779544948266667}
