{"iob":2.1313292034177778,"activity":0.0031130511463844782,"bolusiob":2.037074645386667}
