{"iob":0.5347874307705557,"activity":0.016043086419753085,"bolusiob":0.07574195797333334}
