{"iob":0.1610042719911308,"activity":0.009390860493827159,"bolusiob":0}
