{"iob":1.2697169220177777,"activity":0.014029964726631391,"bolusiob":0.6992087926755556}
