{"iob":0.9433079716066667,"activity":0.01655024691358024,"bolusiob":0.11741061020000007}
