{"iob":-0.14874512801333334,"activity":-0.00015975308641975308,"bolusiob":0}
