{"iob":-0.18851490739777776,"activity":-0.0007887654320987653,"bolusiob":0}
