{"iob":0.882466835835625,"activity":0.012454526515151514,"bolusiob":-0.00034650781250032957}
