{"iob":0.5478197439453124,"activity":0.010815176767676767,"bolusiob":0.05381574107499998}
