{"iob":0.7806090374044447,"activity":0.01462188552188552,"bolusiob":0.007621172586666413}
