{"iob":0.9940266302343149,"activity":0.020054083686067016,"bolusiob":0.05695557941333327}
