{"iob":0.9177348500406248,"activity":0.014557891414141414,"bolusiob":0.45556771884999997}
