{"iob":-0.14706341392592592,"activity":-0.0001962962962962963,"bolusiob":0}
