{"iob":0.7570367260911113,"activity":0.01336022927689594,"bolusiob":0.1139435934666666}
