{"iob":-0.09780606501135802,"activity":-0.00015728395061728395,"bolusiob":0}
