{"iob":1.3846377787733337,"activity":0.020992974186307523,"bolusiob":0.3615629285333335}
