{"iob":0.37533766825436593,"activity":0.010838535714285714,"bolusiob":0}
