{"iob":0.7440231919174445,"activity":0.011833536155202821,"bolusiob":0.1796263537777778}
