{"iob":0.9918126349585447,"activity":0.014482580303030304,"bolusiob":0.255506497}
