{"iob":0.3432124172931369,"activity":0.0004998769135802469,"bolusiob":0}
