{"iob":0.5198577323987502,"activity":0.015258308080808079,"bolusiob":0}
