{"iob":-0.15712264029,"activity":-0.0010558017676767677,"bolusiob":0}
