{"iob":1.8602175642161116,"activity":0.019899708994708994,"bolusiob":1.0914504772266667}
