{"iob":-0.0038892115451535925,"activity":-0.002062733421516754,"bolusiob":0}
