{"iob":1.601227810244994,"activity":0.02108643712522046,"bolusiob":0.5772431651200001}
