{"iob":-0.09975872041111111,"activity":-0.00004679012345679012,"bolusiob":0}
