{"iob":-0.04368242867797764,"activity":0.0020013318813131313,"bolusiob":0}
