{"iob":-0.17768341761777778,"activity":-0.002128112874779541,"bolusiob":0}
