{"iob":0.04805256316222221,"activity":-0.0013961375661375658,"bolusiob":0}
