{"iob":0.23884106437530866,"activity":0.0005812345679012346,"bolusiob":0.15987590144}
