{"iob":-0.050140958434444445,"activity":-0.00007915343915343906,"bolusiob":0}
