{"iob":0.9005156478555556,"activity":0.005065308641975307,"bolusiob":0.5547890520000001}
