{"iob":0.3649534996960494,"activity":0.00464831088664422,"bolusiob":0.16568734391308645}
