{"iob":0.5274596374266667,"activity":-0.0015285714285714282,"bolusiob":0}
