{"iob":2.700121326215,"activity":0.017714305555555556,"bolusiob":1.6073407060425002}
