{"iob":1.5162878552789159,"activity":0.014457282196969696,"bolusiob":0.4929556518600001}
