{"iob":0.7200761298849999,"activity":0.00977054292929293,"bolusiob":0.1608476670625001}
