{"iob":1.5782454616493824,"activity":0.016744567901234565,"bolusiob":0.29535016700444455}
