{"iob":0.1339901922673827,"activity":0.006539770282186948,"bolusiob":0}
