{"iob":1.4529419311851561,"activity":0.0030899652777777765,"bolusiob":1.48232308724}
