{"iob":0.09861216198888889,"activity":-0.000046296296296296016,"bolusiob":0}
