{"iob":0.18428738095111113,"activity":0.0008612345679012344,"bolusiob":0}
