{"iob":0.04174206678444445,"activity":0.00033172839506172833,"bolusiob":0}
