{"iob":0.21820996764804687,"activity":-0.0020730587121212127,"bolusiob":0}
