{"iob":-0.046086686960000005,"activity":-0.00022296296296296295,"bolusiob":0}
