{"iob":-0.15819595982958334,"activity":-0.00015265432098765438,"bolusiob":0}
