{"iob":-0.19624696521333335,"activity":-0.0003762962962962963,"bolusiob":0}
