{"iob":0.027602022233750002,"activity":0.0004158459595959596,"bolusiob":0}
