{"iob":1.2140498361484642,"activity":0.010714780035273364,"bolusiob":0.4301530868000001}
