{"iob":0.037096724765,"activity":0.00031430555555555557,"bolusiob":0}
