{"iob":-0.049261003527901234,"activity":-0.00006580246913580246,"bolusiob":0}
