{"iob":2.102155272454444,"activity":0.016495573192239852,"bolusiob":1.7905046372088889}
