{"iob":0.3337095053940625,"activity":0.004442196969696969,"bolusiob":0.033251039022499984}
