{"iob":1.882480736505,"activity":0.020185820707070708,"bolusiob":0.9758607805500001}
