{"iob":0.021871418261319456,"activity":0.0032127954144620806,"bolusiob":0}
