{"iob":0.047105369271111114,"activity":0.0001893827160493827,"bolusiob":0}
