{"iob":1.8812730447470214,"activity":0.00946421472663139,"bolusiob":1.5400289494755552}
