{"iob":0.33812988583968984,"activity":0.011782354873737372,"bolusiob":0}
