{"iob":-0.14897615492031105,"activity":0.002959312045855378,"bolusiob":0}
