{"iob":1.1316867869475158,"activity":0.014462948295454548,"bolusiob":0.31119911872000006}
