{"iob":-0.30069024613226475,"activity":-0.0028318867739898996,"bolusiob":0}
