{"iob":0.8710611621728396,"activity":0.005736599326599326,"bolusiob":0.3238668717511112}
