{"iob":-0.05528058380777778,"activity":-0.0008195590828924159,"bolusiob":0}
