{"iob":1.21217131392,"activity":0.009038686868686868,"bolusiob":0.4310647891200001}
