{"iob":0.011758447059999975,"activity":0.004326186868686869,"bolusiob":0}
