{"iob":0.11738899685062494,"activity":0.0071850378787878776,"bolusiob":0}
