{"iob":1.9948218727511113,"activity":0.009176543209876542,"bolusiob":1.5359382613866668}
