{"iob":0.23930422608444446,"activity":0.0031072663139329803,"bolusiob":0.0015457257599999607}
