{"iob":0.06040800994191122,"activity":0.0064358023456790115,"bolusiob":0}
