{"iob":0.4947805554766667,"activity":0.010849382716049382,"bolusiob":0.013965451080000113}
