{"iob":-0.12017307207333336,"activity":0.0012342328042328034,"bolusiob":0}
