{"iob":2.6969038568994446,"activity":0.030171737213403875,"bolusiob":1.6638190335999998}
