{"iob":-0.04733124487664524,"activity":-0.0010580176452020204,"bolusiob":0}
