{"iob":0.9259224518422222,"activity":0.004322098765432099,"bolusiob":0.64440503552}
