{"iob":-0.14814057117222224,"activity":-0.0026350440917107575,"bolusiob":0}
