{"iob":0.06722465708499999,"activity":0.002178156565656566,"bolusiob":0}
