{"iob":2.030789917819259,"activity":0.010929999999999999,"bolusiob":1.3893576710479012}
