{"iob":1.0922035722549999,"activity":0.008361022727272727,"bolusiob":0.61680173356}
