{"iob":0.7593289034662503,"activity":0.02346751893939394,"bolusiob":0.02475433376000006}
