{"iob":-0.049693539271111115,"activity":-0.00003851851851851852,"bolusiob":0}
