{"iob":1.1488814867239505,"activity":0.020582581369248037,"bolusiob":0.17229830951111114}
