{"iob":0.42779041724839506,"activity":0.00102679012345679,"bolusiob":0}
