{"iob":-0.13894122681222223,"activity":-0.0010821781305114639,"bolusiob":0}
