{"iob":1.785324349015,"activity":0.02917166666666666,"bolusiob":0.2548229673600004}
