{"iob":-0.04494334946111114,"activity":0.0005599294532627866,"bolusiob":0}
