{"iob":-0.0066064407977777725,"activity":0.0016934215167548497,"bolusiob":0}
