{"iob":0.09752899049666666,"activity":-0.00018019400352733674,"bolusiob":0}
