{"iob":0.33700541010444446,"activity":0.0007875308641975307,"bolusiob":0}
