{"iob":-0.044918818046419756,"activity":-0.0001923456790123457,"bolusiob":0}
