{"iob":0.2306619165015601,"activity":0.01407960305114638,"bolusiob":0}
