{"iob":-0.045924040204444454,"activity":-0.0002279012345679012,"bolusiob":0}
