{"iob":0.8249776051358024,"activity":0.0013537037037037038,"bolusiob":0.5165074939733333}
