{"iob":-0.19526164852974998,"activity":-0.00029530876543209877,"bolusiob":0}
