{"iob":0.3642068938903704,"activity":0.004691851851851851,"bolusiob":0.04269055274666673}
