{"iob":-0.0036563011300000045,"activity":0.0025108994708994705,"bolusiob":0}
