{"iob":-0.33470295515375,"activity":-0.0007278472222222223,"bolusiob":0}
