{"iob":-0.04462685061111113,"activity":0.000005467372134038693,"bolusiob":0}
