{"iob":-0.14594520618157494,"activity":0.00208246836489899,"bolusiob":0}
