{"iob":1.8614334922750002,"activity":0.02063898589065256,"bolusiob":0.8221126014222222}
