{"iob":0.9152197000455555,"activity":0.0222474074074074,"bolusiob":-0.0004681956666665154}
