{"iob":1.525740043871356,"activity":0.008192697340067338,"bolusiob":0.7958724147911113}
