{"iob":0.14943688724625,"activity":0.00007562500000000001,"bolusiob":0}
