{"iob":0.18052347056790125,"activity":-0.001394107744107744,"bolusiob":0}
