{"iob":-0.26401691477388894,"activity":0.0012689594356261008,"bolusiob":0}
