{"iob":-0.19294957181333336,"activity":-0.0005162962962962963,"bolusiob":0}
