{"iob":-0.046587538639012355,"activity":-0.00015530864197530863,"bolusiob":0}
