{"iob":0.09799580469777779,"activity":0.0001590123456790123,"bolusiob":0}
