{"iob":0.1334985027506251,"activity":0.007412310606060605,"bolusiob":0}
