{"iob":-0.01856511454444445,"activity":-0.0007415696649029982,"bolusiob":0}
