{"iob":-0.2555280749037037,"activity":-0.0013432098765432097,"bolusiob":0}
