{"iob":1.19986342639125,"activity":0.012775776515151514,"bolusiob":0.299984170815}
