{"iob":-0.14396462137500002,"activity":-0.0003354166666666667,"bolusiob":0}
