{"iob":0.19553479096,"activity":0.0003859259259259259,"bolusiob":0}
