{"iob":-0.048274952285000006,"activity":-0.00010680555555555557,"bolusiob":0}
