{"iob":0.5542266663323457,"activity":0.007308221099887767,"bolusiob":0.058010496071111174}
