{"iob":0.48447963350105583,"activity":0.011602175731922392,"bolusiob":0}
