{"iob":0.04083788995888878,"activity":0.005390952380952375,"bolusiob":0}
