{"iob":2.813469692943147,"activity":0.029408317518939395,"bolusiob":1.109771019825}
