{"iob":1.3822762319555557,"activity":0.02517818342151676,"bolusiob":0.2570936644266665}
