{"iob":0.04998600711111112,"activity":0.000004938271604938271,"bolusiob":0}
