{"iob":-0.049993953077777785,"activity":-0.000004285714285714273,"bolusiob":0}
