{"iob":-0.19396634176296298,"activity":-0.00034067901234567904,"bolusiob":0}
