{"iob":-0.04999332759125,"activity":-0.0000018750000000000003,"bolusiob":0}
