{"iob":0.8259305630249999,"activity":0.01773941919191919,"bolusiob":0.28658602725000004}
