{"iob":0.4463408252481251,"activity":0.011250593434343434,"bolusiob":0}
