{"iob":0.09976149506722223,"activity":0.00005376543209876543,"bolusiob":0}
