{"iob":1.5377966612701233,"activity":0.006497777777777776,"bolusiob":1.4272085409343211}
