{"iob":0.0502707726822222,"activity":0.012101331569664905,"bolusiob":0}
