{"iob":0.3336524099275209,"activity":0.0037663708017676768,"bolusiob":0.29674923996}
