{"iob":0.69731872607452,"activity":0.019841830738636365,"bolusiob":0.22725184720249997}
