{"iob":1.5582792681641564,"activity":0.01061151737213404,"bolusiob":0.6976731313777778}
