{"iob":-0.02490765166431408,"activity":0.001359805908289241,"bolusiob":0}
