{"iob":-0.4514691522904168,"activity":-0.00015603174603174647,"bolusiob":0}
