{"iob":-0.09888862806123458,"activity":-0.00008987654320987655,"bolusiob":0}
