{"iob":0.15806637804333326,"activity":0.0023726102292768963,"bolusiob":0}
