{"iob":0.1979020947078806,"activity":-0.0006604934567901234,"bolusiob":0}
