{"iob":0.3961132824491666,"activity":0.007747654320987653,"bolusiob":0.06593212218666666}
