{"iob":0.016663981763950647,"activity":0.001225342312008979,"bolusiob":0}
