{"iob":0.5798168769733334,"activity":0.00834768959435626,"bolusiob":0.16335864466666666}
