{"iob":0.10356364915156246,"activity":0.010499463383838382,"bolusiob":0}
