{"iob":0.6808349418544446,"activity":0.0049943738977072305,"bolusiob":0.4715390703600001}
