{"iob":-0.09904864928611114,"activity":0.00016042328042327993,"bolusiob":0}
