{"iob":2.830610786295556,"activity":0.01694497354497354,"bolusiob":2.1825569729288894}
