{"iob":0.762673402036875,"activity":0.011386344696969697,"bolusiob":0.28546847291}
