{"iob":-0.10794293163968752,"activity":-0.0016678219696969697,"bolusiob":0}
