{"iob":1.2464598390150001,"activity":0.0174077398989899,"bolusiob":0.1356483116425}
