{"iob":0.15615068110111116,"activity":0.005662257495590828,"bolusiob":0}
