{"iob":0.5994692266387499,"activity":0.00011659722222222221,"bolusiob":0.49888692484999997}
