{"iob":0.7856500264918862,"activity":0.014236592857142856,"bolusiob":0.06316368383999996}
