{"iob":2.2782691554528394,"activity":0.004687037037037036,"bolusiob":2.050840198668642}
