{"iob":0.9374930885530863,"activity":0.0028086419753086418,"bolusiob":0.7686981319901235}
