{"iob":0.5090097854181249,"activity":0.014074520202020201,"bolusiob":0}
