{"iob":-0.07802057419722222,"activity":0.0008283156966490301,"bolusiob":0}
