{"iob":2.506759002744889,"activity":0.019631675485008816,"bolusiob":1.081755303666667}
