{"iob":0.6224364127400001,"activity":0.005689797979797979,"bolusiob":0.22882701325000007}
