{"iob":0.2711845472072221,"activity":0.0023168783068783054,"bolusiob":0}
