{"iob":0.9300949761222223,"activity":0.01913555555555555,"bolusiob":0.13960672500000007}
