{"iob":0.241513160346875,"activity":0.004559286616161616,"bolusiob":0}
