{"iob":0.3949696881422222,"activity":0.0006212345679012345,"bolusiob":0.28480572282666666}
