{"iob":0.564656662553563,"activity":0.010321408417508417,"bolusiob":0.04808867840000003}
