{"iob":0.44223177058422913,"activity":0.01272092081128748,"bolusiob":0}
