{"iob":0.26111048986087226,"activity":0.003113068112874779,"bolusiob":0}
