{"iob":0.84984457377875,"activity":0.009433383838383838,"bolusiob":0.23247922955500014}
