{"iob":0.042844115856666684,"activity":0.0037555643738977074,"bolusiob":0}
