{"iob":0.7215409657725014,"activity":0.004568036893939392,"bolusiob":0.05589133453750006}
