{"iob":0.5727570380134159,"activity":0.006255466984126982,"bolusiob":0.22468068948000006}
