{"iob":1.0216218769799998,"activity":0.019170987654320983,"bolusiob":0.19531082286666673}
