{"iob":-0.314010889734321,"activity":-0.001218888888888889,"bolusiob":0}
