{"iob":-0.049994626885000004,"activity":-0.000001527777777777778,"bolusiob":0}
