{"iob":-0.14738941055413793,"activity":-0.0009750721340388011,"bolusiob":0}
