{"iob":0.002512348515555568,"activity":0.002574814814814815,"bolusiob":0}
