{"iob":1.7097736719118746,"activity":0.011778428030303031,"bolusiob":1.40023650695}
