{"iob":0.8873302243361114,"activity":0.024015414462081126,"bolusiob":0.06325960927999995}
