{"iob":-0.1183911175822222,"activity":-0.00084,"bolusiob":0}
