{"iob":-0.047911320801975306,"activity":-0.00011876543209876545,"bolusiob":0}
