{"iob":0.1494665115938889,"activity":0.00009685185185185185,"bolusiob":0}
