{"iob":1.586983930405,"activity":0.016375997474747474,"bolusiob":0.73778343961}
