{"iob":-0.15585129149234567,"activity":-0.0013997867564534234,"bolusiob":0}
