{"iob":1.138315793394618,"activity":0.014484400352733684,"bolusiob":0.2683244522400001}
