{"iob":1.0078661690200001,"activity":0.018969690656565653,"bolusiob":0.03660457319999999}
