{"iob":-0.09888991943111111,"activity":-0.00008962962962962963,"bolusiob":0}
