{"iob":1.5005152084606093,"activity":0.013071528194444444,"bolusiob":0.57634549732}
