{"iob":0.047149871575,"activity":0.00021185185185185185,"bolusiob":0}
