{"iob":2.459952542107191,"activity":0.02291254270833333,"bolusiob":1.14820902372}
