{"iob":-0.34893340322152777,"activity":0.0014589594356261024,"bolusiob":0}
