{"iob":0.34955063780479634,"activity":0.00885982389770723,"bolusiob":0.015195897000000003}
