{"iob":1.1163360828599997,"activity":0.00762860670194003,"bolusiob":0.7185732420266665}
