{"iob":-0.14026504933555556,"activity":-0.0014617636684303346,"bolusiob":0}
