{"iob":0.18753240020555528,"activity":0.001742416225749555,"bolusiob":0.2620993269333333}
