{"iob":-0.08997679904206421,"activity":0.0006485358906525568,"bolusiob":0}
