{"iob":2.063999037591111,"activity":0.027266666666666654,"bolusiob":0.9779093834400001}
