{"iob":2.9336297741577777,"activity":0.026555273368606698,"bolusiob":1.3705081595022222}
