{"iob":0.07900155676125001,"activity":-0.0006616540404040406,"bolusiob":0}
