{"iob":1.1059159915293748,"activity":0.012968484848484847,"bolusiob":0.42416430802000005}
