{"iob":0.09875672055344496,"activity":0.00013041673611111112,"bolusiob":0}
