{"iob":0.046740952435,"activity":0.0000722751322751325,"bolusiob":0}
