{"iob":1.0832653784888888,"activity":0.018499943883277217,"bolusiob":0.010015479004444482}
