{"iob":-0.03788770182874996,"activity":0.002213787878787878,"bolusiob":0}
