{"iob":0.03800238374860083,"activity":-0.0015758374779541453,"bolusiob":0}
