{"iob":1.24213848259625,"activity":0.025530353535353534,"bolusiob":0.59779424022}
