{"iob":0.04347567786656253,"activity":-0.0007213257575757576,"bolusiob":0}
