{"iob":1.3522464265965244,"activity":0.01486453082070707,"bolusiob":0.39296420813500016}
