{"iob":0.24575164498662377,"activity":0.0003267727513227515,"bolusiob":0}
