{"iob":0.7835478682255557,"activity":0.015578606701940034,"bolusiob":0.10518153926666654}
