{"iob":0.2966322593868759,"activity":0.0008766262310606061,"bolusiob":0}
