{"iob":0.08051336988666666,"activity":-0.0010704938271604936,"bolusiob":0}
