{"iob":-0.30408364948171107,"activity":-0.0028466138800705464,"bolusiob":0}
