{"iob":-0.008263189630624987,"activity":0.007870890151515151,"bolusiob":0.003227108002500001}
