{"iob":0.3830568090377778,"activity":-0.00004858906525573162,"bolusiob":0}
