{"iob":0.7251740467753088,"activity":0.006756666666666666,"bolusiob":0.2544598613333335}
