{"iob":-0.05379562414187499,"activity":-0.00005529040404040402,"bolusiob":0}
