{"iob":0.027594085248888928,"activity":0.005262539682539683,"bolusiob":0}
