{"iob":0.40396125169421876,"activity":0.014568241792929293,"bolusiob":0}
