{"iob":0.8923532460922223,"activity":0.006303527336860669,"bolusiob":0.6540530695111111}
