{"iob":-0.0497710465,"activity":-0.000042592592592592586,"bolusiob":0}
