{"iob":0.034515263716123935,"activity":0.008136734198232323,"bolusiob":0}
