{"iob":0.3938938622200002,"activity":0.016490564373897704,"bolusiob":0}
