{"iob":1.2917493182059374,"activity":0.007617080176767675,"bolusiob":0.6705116231875}
