{"iob":0.0010456776533333545,"activity":0.001016936026936027,"bolusiob":0}
