{"iob":0.3418153299255556,"activity":0.013017689594356258,"bolusiob":0}
