{"iob":0.626202398083889,"activity":0.002737918871252204,"bolusiob":0.35600662959999996}
