{"iob":-0.30600980336748884,"activity":-0.003353509823633157,"bolusiob":0}
