{"iob":1.253521710310253,"activity":0.016746402380952378,"bolusiob":0.45697582224000005}
