{"iob":-0.1874871408060739,"activity":-0.00277416485479798,"bolusiob":0}
