{"iob":-0.15046180449500002,"activity":-0.0006960670194003527,"bolusiob":0}
