{"iob":0.7295213584546876,"activity":0.009387973484848485,"bolusiob":0.104319811125}
