{"iob":-0.04998061116049383,"activity":-0.000004938271604938272,"bolusiob":0}
