{"iob":0.8429475497868747,"activity":0.011204526515151515,"bolusiob":0.37399054091}
