{"iob":0.02956277953321059,"activity":-0.004328945802469135,"bolusiob":0}
