{"iob":2.013610626313086,"activity":0.010020112233445566,"bolusiob":1.2841414794745676}
