{"iob":0.39012667779,"activity":0.0006144444444444445,"bolusiob":0}
