{"iob":0.20281503654825978,"activity":0.0005898414638447972,"bolusiob":0}
