{"iob":-0.12118201946777785,"activity":0.0050203527336860655,"bolusiob":0}
