{"iob":0.13762258174743103,"activity":0.0006828396296296294,"bolusiob":0}
