{"iob":0.19060272521833335,"activity":0.00103742504409171,"bolusiob":0}
