{"iob":-0.13237456670000006,"activity":0.0012674955908289244,"bolusiob":0}
