{"iob":1.2430339740266667,"activity":0.019288552188552188,"bolusiob":0.06160557155555548}
