{"iob":0.8847342286933335,"activity":0.01707298059964726,"bolusiob":0.15482602794666667}
