{"iob":-0.049850615365,"activity":-0.00002402777777777778,"bolusiob":0}
