{"iob":1.2971265196114063,"activity":0.006742048611111108,"bolusiob":0.8031209871275002}
