{"iob":0.24331624922836592,"activity":0.008764461640211638,"bolusiob":0}
