{"iob":-0.09860024193777778,"activity":-0.00015604938271604937,"bolusiob":0}
