{"iob":-0.000003770833333333057,"activity":0.000004409171075837621,"bolusiob":0}
