{"iob":0.1403527387377778,"activity":0.0074303367003367,"bolusiob":0}
