{"iob":-0.09974780287111112,"activity":-0.00005012345679012345,"bolusiob":0}
