{"iob":0.6704670068737502,"activity":0.006688977272727273,"bolusiob":0.37140450485000004}
