{"iob":-0.0479270147871605,"activity":-0.0001182716049382716,"bolusiob":0}
