{"iob":-0.09844827582055556,"activity":-0.0001735185185185185,"bolusiob":0}
