{"iob":-0.149008427625,"activity":-0.00010208333333333333,"bolusiob":0}
