{"iob":1.2406548838528253,"activity":0.008479343781565658,"bolusiob":0.5018309261600001}
