{"iob":2.4506227113311105,"activity":0.022298941798941794,"bolusiob":1.2985878947199998}
