{"iob":1.4593235182675308,"activity":0.009739775883838382,"bolusiob":0.84476943628}
