{"iob":-0.09841757506222223,"activity":-0.00017555555555555553,"bolusiob":0}
