{"iob":0.1019013218638889,"activity":0.0003973368606701938,"bolusiob":0}
