{"iob":-0.11006737362222223,"activity":-0.0005979541446208111,"bolusiob":0}
