{"iob":0.04979490026,"activity":0.000039629629629629626,"bolusiob":0}
