{"iob":2.6438469197599574,"activity":0.018145432716049372,"bolusiob":1.5377802980888888}
