{"iob":0.08175994690888891,"activity":0.0003248324514991181,"bolusiob":0}
