{"iob":0.062234267867361116,"activity":0.0005763492063492066,"bolusiob":0}
