{"iob":-0.09901503232,"activity":-0.00009555555555555554,"bolusiob":0}
