{"iob":0.09876914022222222,"activity":0.00011925925925925925,"bolusiob":0}
