{"iob":0.6452037726422223,"activity":0.005672222222222221,"bolusiob":0.20285232421333338}
