{"iob":-0.09357203621555556,"activity":-0.00039740740740740736,"bolusiob":0}
