{"iob":0.5495571278116664,"activity":0.010630246913580246,"bolusiob":0.14275434524}
