{"iob":-0.1338017096910228,"activity":-0.0015311372310405638,"bolusiob":0}
