{"iob":-0.046733417627654344,"activity":-0.0018377890011223347,"bolusiob":0}
