{"iob":0.8905803561945834,"activity":0.0052347883597883595,"bolusiob":0.6749016877688889}
