{"iob":0.8643239854524106,"activity":0.006491595679012342,"bolusiob":0.7865954316977778}
