{"iob":0.007911239428888883,"activity":0.003619964726631392,"bolusiob":0}
