{"iob":0.7710309185112499,"activity":0.0027449305555555556,"bolusiob":0.307655863245}
