{"iob":0.6286594445609877,"activity":0.002687283950617284,"bolusiob":0.3074449351901235}
