{"iob":-0.15204292612958337,"activity":-0.0007113844797178131,"bolusiob":0}
