{"iob":1.6083162920018708,"activity":0.013712725132275132,"bolusiob":0.9108753078488888}
