{"iob":0.17049373691812503,"activity":0.005915965909090909,"bolusiob":0}
