{"iob":0.3380048674697651,"activity":0.0008722225925925926,"bolusiob":0}
