{"iob":1.0810165265753127,"activity":0.008393219696969694,"bolusiob":0.60935356831}
