{"iob":1.0916607947866666,"activity":0.019342363315696637,"bolusiob":0.2550774056177778}
