{"iob":0.08536337789333323,"activity":0.007003668430335097,"bolusiob":0}
