{"iob":-0.24216813996388892,"activity":-0.0016019400352733685,"bolusiob":0}
