{"iob":0.8529975208162501,"activity":0.011220625,"bolusiob":0.39500493439999995}
