{"iob":0.016317563828888878,"activity":-0.0018815343915343915,"bolusiob":0}
