{"iob":-0.09784153754166666,"activity":-0.00021155202821869485,"bolusiob":0}
