{"iob":0.16928385473718757,"activity":0.0058678030303030305,"bolusiob":0}
