{"iob":0.04999127913777778,"activity":0.0000032098765432098762,"bolusiob":0}
