{"iob":0.4370467026166668,"activity":0.011528377425044088,"bolusiob":0}
