{"iob":0.6383566201876023,"activity":0.006584470467171719,"bolusiob":0.18300152976}
