{"iob":1.6514762219489842,"activity":0.00605142361111111,"bolusiob":1.04349200942}
