{"iob":0.3945333511133333,"activity":0.0006751146384479716,"bolusiob":0}
