{"iob":-0.07539244767291668,"activity":-0.0016645590828924162,"bolusiob":0}
