{"iob":-0.09859973469555555,"activity":-0.00015641975308641973,"bolusiob":0}
