{"iob":0.49841452035458333,"activity":0.017272795414462076,"bolusiob":0.03973118420000002}
