{"iob":0.19718979989333335,"activity":0.0002785185185185185,"bolusiob":0}
