{"iob":1.6563180032649996,"activity":0.02632928571428571,"bolusiob":0.41372319266666685}
