{"iob":1.4445853947575307,"activity":0.01078333333333333,"bolusiob":0.5650361251911112}
