{"iob":-0.09974386325555556,"activity":-0.00005074074074074074,"bolusiob":0}
