{"iob":0.04880296906000001,"activity":0.00011592592592592591,"bolusiob":0}
