{"iob":-0.27166976471275556,"activity":0.0007933861199294521,"bolusiob":0}
