{"iob":1.5848280061137496,"activity":0.016255845959595956,"bolusiob":0.6713614871325001}
