{"iob":1.442764733605,"activity":0.017020845959595958,"bolusiob":0.56725171321}
