{"iob":0.5882423207534867,"activity":0.0008017616666666667,"bolusiob":0}
