{"iob":1.2100289109212503,"activity":0.025324242424242423,"bolusiob":0.5957211855}
