{"iob":0.07527535479890624,"activity":0.0052924842171717165,"bolusiob":0.003543101759999989}
