{"iob":1.0357266155355558,"activity":0.015071728395061724,"bolusiob":0.2582184164266667}
