{"iob":-0.19581193856314852,"activity":-0.000268889012345679,"bolusiob":0}
