{"iob":1.9949073361244443,"activity":0.010356262626262627,"bolusiob":1.2169921969066666}
