{"iob":0.4163597421694445,"activity":0.008763033509700176,"bolusiob":0.025994506026666753}
