{"iob":1.4300741756244448,"activity":0.032911922398589054,"bolusiob":0.10125148010666685}
