{"iob":0.13356256899710617,"activity":0.00971865580246913,"bolusiob":0}
