{"iob":0.06888331312888889,"activity":-0.0011173192239858902,"bolusiob":0}
