{"iob":-0.23510659926189137,"activity":-0.00023255682539682454,"bolusiob":0}
