{"iob":1.137324451728889,"activity":-0.00032790123456790114,"bolusiob":1.2646849528}
