{"iob":0.9034131380064103,"activity":0.006802706790123453,"bolusiob":0.8962456844977779}
