{"iob":-0.23046700462444444,"activity":0.00021874779541446168,"bolusiob":0}
