{"iob":-0.09165435232222226,"activity":0.0010746913580246913,"bolusiob":0}
