{"iob":-0.032373531712499994,"activity":0.00009893939393939397,"bolusiob":0}
