{"iob":-0.00884806547333334,"activity":-0.0006405643738977072,"bolusiob":0}
