{"iob":0.04880520895111111,"activity":0.00011580246913580246,"bolusiob":0}
