{"iob":0.04982919694666667,"activity":0.00013298059964726619,"bolusiob":0}
