{"iob":0.7223843340977779,"activity":0.011366948853615519,"bolusiob":0.2960685497066667}
