{"iob":-0.03372016581833334,"activity":0.0008850440917107581,"bolusiob":0}
