{"iob":1.2539267311562503,"activity":0.02991563131313131,"bolusiob":-0.0003023071800000831}
