{"iob":0.309628346755776,"activity":0.0043593998236331555,"bolusiob":0}
