{"iob":-0.0030236391999999782,"activity":-0.00040211640211640153,"bolusiob":0}
