{"iob":2.3176360077903126,"activity":0.02060228535353535,"bolusiob":1.574864315525}
