{"iob":-0.09854412222222222,"activity":-0.0001604938271604938,"bolusiob":0}
