{"iob":1.1918429166000972,"activity":0.01876398590828924,"bolusiob":0.15323303541333338}
