{"iob":0.4684121949195063,"activity":0.0076936026936026925,"bolusiob":0.05404197991111112}
