{"iob":0.13750631184222226,"activity":0.004302553310886644,"bolusiob":0}
