{"iob":-0.05899289754807367,"activity":0.004416689312169311,"bolusiob":0}
