{"iob":-0.2501763549638889,"activity":-0.0015490299823633154,"bolusiob":0}
