{"iob":0.14786932910144907,"activity":-0.00009843022927689583,"bolusiob":0}
