{"iob":0.01897129747849481,"activity":-0.00006781313932980642,"bolusiob":0}
