{"iob":2.3630649582854693,"activity":0.021471347853535352,"bolusiob":1.44440197972}
