{"iob":0.19330538970937503,"activity":0.002670056818181819,"bolusiob":0}
