{"iob":1.472851715928889,"activity":0.024764144620811283,"bolusiob":0.29338977356000007}
