{"iob":0.05509604117458335,"activity":0.006007945326278657,"bolusiob":0}
