{"iob":0.18985823399111112,"activity":0.000611358024691358,"bolusiob":0}
