{"iob":-0.12735184829432988,"activity":0.003667127583774248,"bolusiob":0}
