{"iob":1.32398018763625,"activity":0.006934090909090909,"bolusiob":0.9204509121800002}
