{"iob":0.29081871720999997,"activity":0.009845767195767192,"bolusiob":0}
