{"iob":0.6629380860977779,"activity":0.021742239858906522,"bolusiob":0}
