{"iob":0.5238939156562502,"activity":0.01245669191919192,"bolusiob":0}
