{"iob":0.5288331857399999,"activity":0.01926095238095238,"bolusiob":-0.00014946400000005465}
