{"iob":1.467563642941968,"activity":0.011192411824494947,"bolusiob":0.5812411353300002}
