{"iob":-0.09639646391209877,"activity":-0.0002104320987654321,"bolusiob":0}
