{"iob":-0.00015551053333351383,"activity":0.00014462081128747625,"bolusiob":0}
