{"iob":0.6455767025855557,"activity":0.011259594356261022,"bolusiob":0.0029806320133334064}
