{"iob":2.324861618266893,"activity":0.011986913703703703,"bolusiob":1.6016217891733333}
