{"iob":0.2238747034325001,"activity":0.00918766414141414,"bolusiob":0}
