{"iob":1.8824253836175,"activity":0.00741861111111111,"bolusiob":1.32874703447}
