{"iob":0.5822206114351054,"activity":0.0013638725925925925,"bolusiob":0}
