{"iob":0.4571718048277779,"activity":0.013548289241622576,"bolusiob":0}
