{"iob":-0.04998944257111112,"activity":-0.000003827160493827161,"bolusiob":0}
