{"iob":0.3265743880011111,"activity":0.001634744268077601,"bolusiob":0}
