{"iob":2.950439325293778,"activity":0.0033579541446208112,"bolusiob":2.4307352}
