{"iob":0.3462422720664673,"activity":0.002294568271604938,"bolusiob":0}
