{"iob":-0.09904304872944446,"activity":0.00005582010582010583,"bolusiob":0}
