{"iob":0.5642105024777777,"activity":0.010283333333333332,"bolusiob":0.0762487861333333}
