{"iob":0.2897705469342186,"activity":0.013590388257575758,"bolusiob":0}
