{"iob":0.03943474286390626,"activity":0.005451006944444446,"bolusiob":0.00614442204000003}
