{"iob":0.26839229343944454,"activity":0.009032081128747791,"bolusiob":0.023460048733333294}
