{"iob":0.0630928563244927,"activity":0.009939172885101008,"bolusiob":0}
