{"iob":0.08338206576222223,"activity":0.00010862433862433873,"bolusiob":0}
