{"iob":0.19223849485333333,"activity":-0.0012854673721340384,"bolusiob":0}
