{"iob":1.8103040237755554,"activity":0.008289012345679012,"bolusiob":1.3930458584355554}
