{"iob":-0.13599078476500004,"activity":-0.0013994444444444445,"bolusiob":0}
