{"iob":-0.15223590590204966,"activity":-0.001021148800505052,"bolusiob":0.03591270056250002}
