{"iob":0.6289898243126605,"activity":0.008362785714285715,"bolusiob":0.14401020347999996}
