{"iob":0.11963976660111117,"activity":0.00810285714285714,"bolusiob":0}
