{"iob":0.69819933844625,"activity":0.02100635732323232,"bolusiob":0}
