{"iob":0.19989465841,"activity":0.005900795454545455,"bolusiob":0}
