{"iob":-0.14227662207680555,"activity":-0.0014182275132275132,"bolusiob":0}
