{"iob":1.3858095440747484,"activity":0.0021040832627865955,"bolusiob":0.9275780750222222}
