{"iob":0.05889105866956045,"activity":0.007754673280423277,"bolusiob":0}
