{"iob":0.1766037326377778,"activity":0.0038623104056437377,"bolusiob":0}
