{"iob":2.714432820621875,"activity":0.02990921085858586,"bolusiob":1.3125152663025001}
