{"iob":0.8763384537465625,"activity":0.00938808712121212,"bolusiob":0.41696874752}
