{"iob":0.19757366998609377,"activity":0.00021878472222222226,"bolusiob":0}
