{"iob":0.45197670500444437,"activity":0.01137742504409171,"bolusiob":0.0001761271466666603}
