{"iob":0.047871829760000005,"activity":0.00015999999999999999,"bolusiob":0}
