{"iob":0.031532013305679014,"activity":0.000378641975308642,"bolusiob":0}
