{"iob":-0.09694829913632555,"activity":-0.0001922368606701941,"bolusiob":0}
