{"iob":1.5048270000698611,"activity":0.0012838536155202816,"bolusiob":1.4920058467555557}
