{"iob":0.9935394402165625,"activity":0.006209135101010101,"bolusiob":0.65270050929}
