{"iob":0.6194384384599999,"activity":0.018489682539682535,"bolusiob":0}
