{"iob":-0.049609581937777786,"activity":-0.00004481481481481482,"bolusiob":0}
