{"iob":-0.009397442201458345,"activity":0.002486516754850087,"bolusiob":0}
