{"iob":-0.06992890015500001,"activity":0.0015737752525252521,"bolusiob":0}
