{"iob":1.8837293371900006,"activity":0.03190873015873015,"bolusiob":0.2795596761600001}
