{"iob":0.3840336760277779,"activity":0.012068924162257496,"bolusiob":0}
