{"iob":0.5024021073688887,"activity":0.024831058201058194,"bolusiob":0}
