{"iob":0.522297932403889,"activity":0.006963192239858905,"bolusiob":0.12179380608000004}
