{"iob":0.6918103865984375,"activity":0.019357136994949495,"bolusiob":0.17362452714999999}
