{"iob":2.3286305520628123,"activity":0.022492402146464644,"bolusiob":1.9253408895}
