{"iob":0.5972309481311111,"activity":0.013813827160493826,"bolusiob":0.016012555679999974}
