{"iob":-0.14846728406123463,"activity":-0.0016270258136924808,"bolusiob":0}
