{"iob":-0.19580678407750005,"activity":0.001227727272727273,"bolusiob":0}
