{"iob":0.24577030239200004,"activity":0.00043925925925925925,"bolusiob":0}
