{"iob":0.512464353962739,"activity":0.003773016613756614,"bolusiob":0}
