{"iob":-0.09146972701499992,"activity":0.003537878787878788,"bolusiob":0}
