{"iob":1.0589868814302084,"activity":0.015867098765432096,"bolusiob":0.17666067624000006}
