{"iob":0.09920588606444444,"activity":0.00010802469135802468,"bolusiob":0}
