{"iob":-0.09654495635753087,"activity":-0.00016320987654320988,"bolusiob":0}
