{"iob":0.6164489887022223,"activity":0.014213139329805995,"bolusiob":0.03679095346666661}
