{"iob":-0.047033313667160494,"activity":-0.00014395061728395063,"bolusiob":0}
