{"iob":0.20036232103147147,"activity":0.003211040713383838,"bolusiob":0.004867416209999975}
