{"iob":0.11059749940736598,"activity":0.005949646825396824,"bolusiob":0}
