{"iob":-0.09452166885555557,"activity":0.0006747266313932976,"bolusiob":0}
