{"iob":0.6317776187088888,"activity":0.007298641975308641,"bolusiob":0.21969049632000004}
