{"iob":0.6786041463350001,"activity":0.012223087121212122,"bolusiob":0.174097076375}
