{"iob":-0.07314453445500001,"activity":-0.001146912878787879,"bolusiob":0}
