{"iob":0.0000937096933333395,"activity":0.0014515167548500882,"bolusiob":0}
