{"iob":1.1295145066999561,"activity":0.009922346296296293,"bolusiob":0.36347660544000004}
