{"iob":0.009497490771805554,"activity":0.0002966225749559083,"bolusiob":0}
