{"iob":1.617945650244375,"activity":0.017870845959595958,"bolusiob":0.5141741181050004}
