{"iob":1.5446578875866668,"activity":0.021660634920634917,"bolusiob":0.5977852397511112}
