{"iob":1.317125049289375,"activity":0.023730624999999998,"bolusiob":0.06732827934999985}
