{"iob":-0.04998610479125,"activity":-0.0000036805555555555556,"bolusiob":0}
