{"iob":0.026605945658888866,"activity":0.003933985890652556,"bolusiob":0}
