{"iob":0.84304902375875,"activity":0.0068075631313131305,"bolusiob":0.2975374848500001}
