{"iob":0.2837859363977777,"activity":0.011246613756613755,"bolusiob":0}
