{"iob":-0.09691598143611112,"activity":-0.0002652469135802469,"bolusiob":0}
