{"iob":0.5816951623800001,"activity":0.015275185185185185,"bolusiob":0}
