{"iob":-0.04986709045437497,"activity":0.0009971717171717172,"bolusiob":0}
