{"iob":1.017305764551111,"activity":0.008831604938271603,"bolusiob":0.42688034176000006}
