{"iob":0.38813652116222225,"activity":0.0010356790123456788,"bolusiob":0.26410480762666666}
