{"iob":1.4916678310892812,"activity":0.007312650568181814,"bolusiob":0.16603463820000014}
