{"iob":1.5690673346212343,"activity":0.005821313131313131,"bolusiob":1.549468716942222}
