{"iob":2.8590837531128126,"activity":0.01767198863636364,"bolusiob":1.704558339085}
