{"iob":1.4340583510057778,"activity":0.01676407407407407,"bolusiob":0.6022969393866666}
