{"iob":0.03871313011781251,"activity":-0.0011474558080808083,"bolusiob":0}
