{"iob":-0.05358190024166666,"activity":-0.0020454144620811287,"bolusiob":0}
