{"iob":0.38798120836058286,"activity":0.0008774959611992946,"bolusiob":0}
