{"iob":0.14740817982374999,"activity":0.00019520833333333334,"bolusiob":0}
