{"iob":3.3342233904452883,"activity":0.027953715347222217,"bolusiob":1.54718108415}
