{"iob":1.8064758081713896,"activity":0.011461658465608465,"bolusiob":0.82339733392}
