{"iob":-0.07011482289382717,"activity":-0.0011827721661054995,"bolusiob":0}
