{"iob":0.049985910159854485,"activity":0.00015663393308080806,"bolusiob":0}
