{"iob":-0.19259331576734662,"activity":-0.0005320988888888888,"bolusiob":0}
