{"iob":0.034449774186666685,"activity":0.0031350970017636664,"bolusiob":0}
