{"iob":0.011772130536666675,"activity":0.001215996472663139,"bolusiob":0}
