{"iob":-0.04318139873499999,"activity":0.002985782828282829,"bolusiob":0}
