{"iob":-0.025523778951111117,"activity":-0.00040594837261503924,"bolusiob":0}
