{"iob":0.3467735524487501,"activity":-0.0006898295454545454,"bolusiob":0.29875190016}
