{"iob":0.1790430587312501,"activity":0.004114962121212122,"bolusiob":0}
