{"iob":2.112356718812582,"activity":0.019676208236331566,"bolusiob":1.14741757216}
