{"iob":1.375222358339262,"activity":0.007021699305555556,"bolusiob":0.8703376970800001}
