{"iob":-0.4899986843066667,"activity":-0.0022466666666666663,"bolusiob":0}
