{"iob":1.7727401437471606,"activity":0.013891481481481484,"bolusiob":0.9014849621333334}
