{"iob":0.1317332437649384,"activity":0.005212143658810327,"bolusiob":0}
