{"iob":-0.049964214787160496,"activity":-0.000008271604938271606,"bolusiob":0}
