{"iob":0.101128531713125,"activity":0.0041710479797979795,"bolusiob":0}
