{"iob":-0.03650752214965279,"activity":0.0012592592592592586,"bolusiob":0}
