{"iob":0.3167108376401776,"activity":0.010070387901234568,"bolusiob":0.005295624533333321}
