{"iob":0.23029641631562503,"activity":0.005123598484848484,"bolusiob":0}
