{"iob":0.049211420257777784,"activity":0.0001907231040564373,"bolusiob":0}
