{"iob":0.6557873382400001,"activity":0.009861212121212121,"bolusiob":0.17441443221333347}
