{"iob":0.07979951525336589,"activity":0.005060757936507935,"bolusiob":0}
