{"iob":1.5174229371875,"activity":0.004176388888888888,"bolusiob":1.6726006447431252}
