{"iob":0.4511514989855556,"activity":0.0031230335097001756,"bolusiob":0}
