{"iob":1.0901325621466667,"activity":0.0238974074074074,"bolusiob":0.07981410283999998}
