{"iob":0.27821103136489556,"activity":0.009862965061728393,"bolusiob":0.023768332160000006}
