{"iob":-0.030149526461111117,"activity":0.0011218342151675484,"bolusiob":0}
