{"iob":1.2517202024466665,"activity":0.01361169312169312,"bolusiob":0.6892365957866666}
