{"iob":0.47483826238888893,"activity":0.010032380952380952,"bolusiob":0.0897712275466667}
