{"iob":0.48639423732837017,"activity":0.004384233544973544,"bolusiob":0}
