{"iob":0.30210098834444443,"activity":0.001992469135802469,"bolusiob":0.12771311596}
