{"iob":1.5478126516662505,"activity":0.027539772727272725,"bolusiob":0.6312339112125}
