{"iob":1.1405088229533333,"activity":0.019216913580246908,"bolusiob":0.28192735246666667}
