{"iob":-0.028559852918249928,"activity":0.007718819444444445,"bolusiob":0}
