{"iob":0.09291712055250001,"activity":-0.0009872537878787878,"bolusiob":0}
