{"iob":0.9589544156896878,"activity":0.01985228535353535,"bolusiob":0.02353126099999996}
