{"iob":2.6968216053594443,"activity":0.00561242504409171,"bolusiob":2.496372717155556}
