{"iob":0.19773178441375003,"activity":0.00017756944444444444,"bolusiob":0}
