{"iob":0.036165036547222244,"activity":0.0025482892416225753,"bolusiob":0}
