{"iob":-0.05171311136000001,"activity":-0.001082828282828283,"bolusiob":0}
