{"iob":-0.09733344192790125,"activity":-0.00017753086419753088,"bolusiob":0}
