{"iob":-0.04866368688493827,"activity":-0.00011771604938271605,"bolusiob":0}
