{"iob":1.0169277944444444,"activity":0.013364056437389768,"bolusiob":0.2998614457066667}
