{"iob":-0.1348666699289401,"activity":-0.000547530987654321,"bolusiob":0}
