{"iob":1.5402166286540626,"activity":0.010058595328282825,"bolusiob":0.9375615315000001}
