{"iob":-0.0966348689293828,"activity":0.0018828338945005606,"bolusiob":0}
