{"iob":1.9196341221833333,"activity":0.01678813051146384,"bolusiob":1.6196374873199997}
