{"iob":1.1584851716791307,"activity":0.01113982412698412,"bolusiob":0.33999740680000007}
