{"iob":1.9442762526655553,"activity":0.024695370370370364,"bolusiob":0.7800697766400003}
