{"iob":0.39765292691468745,"activity":0.0026216540404040405,"bolusiob":0.24351951853749998}
