{"iob":1.24422051228,"activity":0.021826161616161615,"bolusiob":0.27370330961250006}
