{"iob":0.3687968081977779,"activity":0.011101305114638445,"bolusiob":0.00011943466666668457}
