{"iob":1.2252473683855556,"activity":0.005362292768959434,"bolusiob":0.7563093280711112}
