{"iob":-0.049244384,"activity":-0.00006666666666666667,"bolusiob":0}
