{"iob":1.3743614124731702,"activity":0.01117426412878788,"bolusiob":0.8829937751499999}
