{"iob":0.009507916992222198,"activity":0.003420758377425044,"bolusiob":0}
