{"iob":-0.09978049581555556,"activity":-0.000043086419753086416,"bolusiob":0}
