{"iob":-0.09942157512888888,"activity":-0.00007802469135802467,"bolusiob":0}
