{"iob":1.4568690452902269,"activity":0.01745933520833333,"bolusiob":0.5025582419750001}
