{"iob":0.6188778457213499,"activity":0.00224021238095238,"bolusiob":0}
