{"iob":0.040583920470731116,"activity":-0.001866022927689594,"bolusiob":0}
