{"iob":0.3979033640375002,"activity":0.017767651515151518,"bolusiob":0}
