{"iob":0.17180402331595707,"activity":0.005332386268939394,"bolusiob":0}
