{"iob":-0.06577093240937501,"activity":-0.0028090467171717174,"bolusiob":0}
