{"iob":0.013234382299909768,"activity":0.002063940652557317,"bolusiob":0}
