{"iob":0.6609768874156882,"activity":0.013929282398589066,"bolusiob":0}
