{"iob":1.8755050299544447,"activity":0.02277439153439153,"bolusiob":0.7539523202844446}
