{"iob":0.8156908024948611,"activity":0.01653157848324515,"bolusiob":0.015030231800000071}
