{"iob":0.6938808137531313,"activity":0.0050003033080808085,"bolusiob":0.03917084715000002}
