{"iob":0.23930350999333336,"activity":0.007638818342151674,"bolusiob":0}
