{"iob":0.42488097554962967,"activity":0.0011188888888888889,"bolusiob":0}
