{"iob":1.8374201235887502,"activity":0.010439027777777778,"bolusiob":0.9017282082600001}
