{"iob":0.04998281344,"activity":0.000005925925925925926,"bolusiob":0}
