{"iob":-0.09983751272222222,"activity":-0.00003814814814814815,"bolusiob":0}
