{"iob":2.2532629667199995,"activity":0.00924754850088183,"bolusiob":1.9441073889200002}
