{"iob":1.9907832521325006,"activity":0.017835972222222225,"bolusiob":1.0612616045300003}
