{"iob":0.049977776,"activity":0.000007407407407407407,"bolusiob":0}
