{"iob":0.3044674354747811,"activity":0.0035781566603535356,"bolusiob":0.24491175996}
