{"iob":0.37092181784781253,"activity":0.010577881944444444,"bolusiob":0}
