{"iob":1.8775917455987503,"activity":0.005630366161616161,"bolusiob":1.56031268096}
