{"iob":0.6727491003977777,"activity":0.003989417989417987,"bolusiob":0.46030135111111115}
