{"iob":0.888302109895625,"activity":0.011844191919191921,"bolusiob":0.66823738975}
