{"iob":0.15920279843333335,"activity":0.003950158730158729,"bolusiob":0}
