{"iob":3.0874007522926092,"activity":0.01606431247474747,"bolusiob":1.6570717346000001}
