{"iob":-0.031542276727499985,"activity":0.000046969696969696885,"bolusiob":0}
