{"iob":0.6507481975111112,"activity":0.007877777777777779,"bolusiob":0.4047699953777778}
