{"iob":1.39432470359213,"activity":0.019235827462121213,"bolusiob":0.4518590259200001}
