{"iob":0.6500581490044445,"activity":0.0019435185185185187,"bolusiob":0}
