{"iob":0.6363487215138888,"activity":0.0012083333333333332,"bolusiob":0}
