{"iob":2.1718305512675,"activity":0.011545,"bolusiob":1.29796755202}
