{"iob":0.053594941123950676,"activity":0.005245813692480359,"bolusiob":0}
