{"iob":0.9418661573266667,"activity":0.005178112874779542,"bolusiob":0.6156692376177778}
