{"iob":1.0835018936,"activity":0.009876419753086419,"bolusiob":0.5841191933333334}
