{"iob":-0.14758348845037036,"activity":-0.0001825925925925926,"bolusiob":0}
