{"iob":-0.07170190243325711,"activity":-0.0011931502209595961,"bolusiob":0}
