{"iob":-0.08206767413333335,"activity":-0.0012811463844797175,"bolusiob":0}
