{"iob":0.7079397839502246,"activity":0.007144191622574955,"bolusiob":0.2805077104133334}
