{"iob":1.3972787639378026,"activity":0.017952840839646465,"bolusiob":0.438251568275}
