{"iob":0.49377896704781254,"activity":0.009849842171717171,"bolusiob":0.12777894307000004}
