{"iob":2.933795557306806,"activity":0.016304029982363313,"bolusiob":2.1537287067866666}
