{"iob":1.4337758604064064,"activity":0.003717048611111111,"bolusiob":1.3962511048100001}
