{"iob":1.7790902082636113,"activity":0.019524074074074072,"bolusiob":1.0208563731555558}
