{"iob":0.3049732838875,"activity":0.0026563888888888887,"bolusiob":0.17341018500000002}
