{"iob":2.3601954415812503,"activity":0.022687500000000003,"bolusiob":1.2640471514399998}
