{"iob":1.120977620740705,"activity":0.0265488574074074,"bolusiob":0.10915884559999967}
