{"iob":-0.09914244934125001,"activity":-0.00008798611111111111,"bolusiob":0}
