{"iob":2.215880217555048,"activity":0.02066869883277217,"bolusiob":0.541357234334815}
