{"iob":0.049772064071111115,"activity":0.00004246913580246913,"bolusiob":0}
