{"iob":0.5997977824349999,"activity":0.00003666666666666667,"bolusiob":0.49995645484999995}
