{"iob":0.04747974746250002,"activity":0.005706818181818183,"bolusiob":0}
