{"iob":1.081039557464625,"activity":0.009701490828924164,"bolusiob":0.37445619534222224}
