{"iob":0.6089677465487501,"activity":0.006008522727272727,"bolusiob":0.2070931420800001}
