{"iob":1.0894413408474075,"activity":0.004034545454545454,"bolusiob":0.7877523287229629}
