{"iob":2.1014372115995084,"activity":0.009099762645502642,"bolusiob":1.244291610168889}
