{"iob":1.0754429641483334,"activity":0.002986887125220456,"bolusiob":1.2021410120533336}
