{"iob":1.440903347447222,"activity":0.021549753086419748,"bolusiob":0.24247467743999981}
