{"iob":0.7726501874266669,"activity":0.02215996472663139,"bolusiob":0.013708872426666628}
