{"iob":3.0657522149520005,"activity":0.008943456790123455,"bolusiob":2.920526568213333}
