{"iob":1.2816492910499857,"activity":0.0081675635479798,"bolusiob":0.4831893034}
