{"iob":0.3038394931956251,"activity":0.007006123737373737,"bolusiob":0}
