{"iob":-0.04941153626,"activity":-0.00007666666666666666,"bolusiob":0}
