{"iob":-0.049859965071250005,"activity":-0.000022986111111111112,"bolusiob":0}
