{"iob":0.046726528057812515,"activity":-0.0009153093434343435,"bolusiob":0}
