{"iob":1.9397526149000002,"activity":0.01471917929292929,"bolusiob":0.9813458963149999}
