{"iob":0.9088705101846872,"activity":0.014192518939393937,"bolusiob":0.25446337796250007}
