{"iob":-0.12108800650864202,"activity":-0.00222641975308642,"bolusiob":0}
