{"iob":1.7547875770686419,"activity":0.013987789001122332,"bolusiob":0.6083167172622224}
