{"iob":0.3063984048712501,"activity":0.004492215909090908,"bolusiob":0.019973868070000022}
