{"iob":-0.003556719700000005,"activity":-0.0004417989417989411,"bolusiob":0}
