{"iob":0.5698486114381258,"activity":0.002168148888888889,"bolusiob":0}
