{"iob":-0.028451818520493766,"activity":0.00878524130190797,"bolusiob":0}
