{"iob":-0.25415882080000013,"activity":0.00271986531986532,"bolusiob":0}
