{"iob":0.5819983562524053,"activity":0.002835221075837742,"bolusiob":0}
