{"iob":0.7410995089577825,"activity":0.01772532615520282,"bolusiob":0.057305699200000115}
