{"iob":0.8779517250743749,"activity":0.012848194444444445,"bolusiob":0.011218048187499963}
