{"iob":1.0886803406322225,"activity":0.028553509700176363,"bolusiob":0}
