{"iob":0.0988074693688889,"activity":0.00012860670194003514,"bolusiob":0}
