{"iob":0.0049385953022222095,"activity":0.004224708994708994,"bolusiob":0}
