{"iob":0.5738710430215512,"activity":0.00987777751322751,"bolusiob":0.4187579456}
