{"iob":1.0498876379118751,"activity":0.01074998106060606,"bolusiob":0.6035164909099999}
