{"iob":0.24788741948444445,"activity":0.00026518518518518514,"bolusiob":0}
