{"iob":-0.09854589556938273,"activity":-0.00012580246913580247,"bolusiob":0}
