{"iob":1.4329130228666667,"activity":0.03323753086419752,"bolusiob":0.061231351679999955}
