{"iob":0.5152293383116664,"activity":0.01800749493827161,"bolusiob":0}
