{"iob":0.14389592431543105,"activity":0.00046061740740740737,"bolusiob":0}
