{"iob":0.9561581531022223,"activity":0.008743569023569023,"bolusiob":0.48267367285333335}
