{"iob":0.43455100467777774,"activity":0.016744585537918865,"bolusiob":0}
