{"iob":0.37923935340917503,"activity":0.009921980864197528,"bolusiob":0.03817683455999997}
