{"iob":-0.10307033853277778,"activity":-0.00032079365079365073,"bolusiob":0}
