{"iob":0.5766583399249999,"activity":0.003938800705467371,"bolusiob":0.19885026926666668}
