{"iob":-0.14691956531333333,"activity":-0.0002929629629629629,"bolusiob":0}
