{"iob":0.24932040669829045,"activity":0.0007036686948853617,"bolusiob":0}
