{"iob":0.5276689306669258,"activity":0.0034125933333333325,"bolusiob":0}
