{"iob":-0.17307551356592593,"activity":-0.0008710493827160494,"bolusiob":0}
