{"iob":1.0875534937225,"activity":0.02102431186868687,"bolusiob":0.41239252665000004}
