{"iob":0.03966536496,"activity":0.0020222222222222217,"bolusiob":0}
