{"iob":-0.1874663883377778,"activity":-0.0005437037037037038,"bolusiob":0}
