{"iob":2.924285831078889,"activity":0.011339479717813052,"bolusiob":2.5208354457600004}
