{"iob":0.49240940909425085,"activity":0.0005788322916666667,"bolusiob":0}
