{"iob":0.0372146450290625,"activity":-0.0010909722222222221,"bolusiob":0}
