{"iob":0.6139080354666666,"activity":0.0025012345679012336,"bolusiob":0.30625544817777783}
