{"iob":0.9898071564594446,"activity":0.024707574955908286,"bolusiob":-0.0005628552800002184}
