{"iob":0.24602246371555558,"activity":0.00039185185185185183,"bolusiob":0}
