{"iob":0.13914342151342146,"activity":0.007709148589065255,"bolusiob":0}
