{"iob":2.0382793972916664,"activity":0.005869259259259256,"bolusiob":1.9123074891377776}
