{"iob":-0.17227680090277778,"activity":-0.002124753086419753,"bolusiob":0}
