{"iob":0.296640576097639,"activity":-0.0006625837742504417,"bolusiob":0}
