{"iob":0.8773199258455555,"activity":0.010430123456790123,"bolusiob":0.35320306042222216}
