{"iob":-0.04058533559308643,"activity":-0.0002665432098765432,"bolusiob":0}
