{"iob":0.6841089954011109,"activity":0.012548853615520272,"bolusiob":0.21717204096}
