{"iob":0.20490118566055557,"activity":0.0030557142857142857,"bolusiob":0.02160528725333335}
