{"iob":0.0737186249792842,"activity":0.00043267222222222255,"bolusiob":0}
