{"iob":0.23255788044641978,"activity":0.01335993265993266,"bolusiob":0}
