{"iob":-0.07493347458375006,"activity":0.0041272411616161625,"bolusiob":0}
