{"iob":0.98111752842,"activity":0.02235239898989899,"bolusiob":0.10400675711250007}
