{"iob":-0.17992888792888895,"activity":-0.0002619400352733689,"bolusiob":0}
