{"iob":0.8709962817908676,"activity":0.011420997319223984,"bolusiob":0.29203136256}
