{"iob":-0.008124437639783356,"activity":-0.0007145517361111111,"bolusiob":0}
