{"iob":1.80584686323328,"activity":0.01966955789141414,"bolusiob":1.07302740112}
