{"iob":0.774709268038889,"activity":0.018642504409171073,"bolusiob":0.24050657424}
