{"iob":0.9316995319575851,"activity":0.010856273984287316,"bolusiob":0.6495212953599999}
