{"iob":0.50680813784,"activity":0.002889074074074074,"bolusiob":0.2166170588444445}
