{"iob":0.9901158414501156,"activity":0.0013305140211640211,"bolusiob":0.868147452}
