{"iob":1.6814879004966667,"activity":0.03386499118165784,"bolusiob":0.1482855033599999}
