{"iob":0.09937705922222223,"activity":0.00008271604938271604,"bolusiob":0}
