{"iob":-0.10499659734833333,"activity":-0.0028444268077601398,"bolusiob":0}
