{"iob":-0.14877500695358276,"activity":-0.0006598421401515152,"bolusiob":0}
