{"iob":0.28127599047888896,"activity":0.011957513227513226,"bolusiob":0}
