{"iob":-0.18255938717111111,"activity":-0.0007312522045855378,"bolusiob":0}
