{"iob":0.28337602750000024,"activity":0.014368747795414463,"bolusiob":0}
