{"iob":1.136678459805,"activity":0.010057398989898991,"bolusiob":0.30528259072}
