{"iob":0.09805034495763995,"activity":0.00017083340277777777,"bolusiob":0}
