{"iob":0.5394423261155556,"activity":0.01412368125701459,"bolusiob":0.008020771484444467}
