{"iob":0.11057203727388892,"activity":0.0026954761904761856,"bolusiob":0}
