{"iob":0.8524612411911111,"activity":0.0035755202821869483,"bolusiob":0.5041207094044445}
