{"iob":0.6219699332216173,"activity":0.024994673350970015,"bolusiob":0}
