{"iob":0.04363710234864198,"activity":0.0002167901234567901,"bolusiob":0}
