{"iob":0.9465280181505273,"activity":0.010693503926767677,"bolusiob":0.18595783480500003}
