{"iob":-0.06095325853875004,"activity":-0.00012858585858585916,"bolusiob":0}
