{"iob":0.6237461841655555,"activity":0.021466631393298054,"bolusiob":0}
