{"iob":1.029329751319685,"activity":0.010207416596119923,"bolusiob":0.388917632}
