{"iob":0.09913866129388889,"activity":0.000126358024691358,"bolusiob":0}
