{"iob":0.24759860879579518,"activity":0.00022871802469135805,"bolusiob":0}
