{"iob":-0.1255868810501174,"activity":-0.000726172962962963,"bolusiob":0}
