{"iob":1.212829283827778,"activity":0.024404320987654323,"bolusiob":0.036883395240000096}
