{"iob":0.06733142387999998,"activity":0.009159523809523808,"bolusiob":0.006130473520000001}
