{"iob":0.7590102468795,"activity":0.010998800505050504,"bolusiob":0.09256006217999997}
