{"iob":0.679232458729861,"activity":0.0036363315696649008,"bolusiob":0}
