{"iob":0.5214207572274847,"activity":0.00864347416225749,"bolusiob":0.3717319616}
