{"iob":0.19848318730666667,"activity":0.00021432098765432095,"bolusiob":0}
