{"iob":1.8618779225599997,"activity":0.013280617283950611,"bolusiob":0.9996233243333336}
