{"iob":0.3545529019905556,"activity":0.008966208112874775,"bolusiob":0.0377898407333333}
