{"iob":2.297008599556111,"activity":0.01775170194003527,"bolusiob":1.82013270396}
