{"iob":0.41690553127777774,"activity":0.010679929453262784,"bolusiob":0.021327326799999935}
