{"iob":0.7012319027933334,"activity":0.007087954144620809,"bolusiob":0.2789750945066667}
