{"iob":1.1547535582159376,"activity":0.013469311868686867,"bolusiob":0.5576931648375}
