{"iob":1.4970539101475002,"activity":0.01827291666666667,"bolusiob":0.37387552258999995}
