{"iob":1.7064882988562966,"activity":0.013153164983164982,"bolusiob":0.98897428812642}
