{"iob":2.3964476137183333,"activity":0.018277742504409167,"bolusiob":1.883357972848889}
