{"iob":-0.004942314747211088,"activity":-0.001677483209876543,"bolusiob":0}
