{"iob":-0.37325698915774225,"activity":-0.0024895592063492074,"bolusiob":0}
