{"iob":2.426143866668889,"activity":0.015486402116402113,"bolusiob":1.5704487674800003}
