{"iob":0.9535881340383333,"activity":0.01701918871252204,"bolusiob":0.1489783879466666}
