{"iob":-0.0472492826303125,"activity":-0.000348276515151515,"bolusiob":0}
