{"iob":1.1871238935545334,"activity":0.008995114761904758,"bolusiob":0.8702003987555555}
