{"iob":-0.09915909744335512,"activity":0.00013967989417989395,"bolusiob":0}
