{"iob":-0.005795248139613553,"activity":0.006972174426807759,"bolusiob":0}
