{"iob":-0.1418273650481895,"activity":-0.0003958025925925926,"bolusiob":0}
