{"iob":-0.23032935190555556,"activity":0.00002730158730158716,"bolusiob":0}
