{"iob":2.3264174013311107,"activity":0.024838624338624334,"bolusiob":1.17192594272}
