{"iob":0.6973698794393179,"activity":0.014661386578483242,"bolusiob":0.029882333333333302}
