{"iob":-0.049793930017777786,"activity":-0.00003975308641975308,"bolusiob":0}
