{"iob":2.055067445867778,"activity":0.023533033509700173,"bolusiob":0.8473727789511112}
