{"iob":0.1495319913688889,"activity":0.00008666666666666665,"bolusiob":0}
