{"iob":0.7818681706311109,"activity":0.010007354497354494,"bolusiob":0.31178734679111114}
