{"iob":0.6956431961817622,"activity":0.008085273633156963,"bolusiob":0}
