{"iob":1.1981813248627777,"activity":0.02232892416225749,"bolusiob":0.3448126476266667}
