{"iob":-0.15548124851555556,"activity":-0.0017745502645502642,"bolusiob":0}
