{"iob":0.39092065217770383,"activity":0.006056976825396826,"bolusiob":0}
