{"iob":0.4490279774340742,"activity":0.0017766666666666666,"bolusiob":0}
