{"iob":0.68291127862,"activity":0.013882853535353533,"bolusiob":0.34741621157999997}
