{"iob":0.8378600145088889,"activity":0.019087883597883593,"bolusiob":0.009521081386666673}
