{"iob":0.6524946198266667,"activity":0.01112747795414462,"bolusiob":0.020945974720000052}
