{"iob":-0.09771264007111112,"activity":-0.00017086419753086415,"bolusiob":0}
