{"iob":-0.04435716842666668,"activity":0.0005622045855379188,"bolusiob":0}
