{"iob":0.0499951385,"activity":0.0000018518518518518517,"bolusiob":0}
