{"iob":0.7187704637716668,"activity":0.010238112874779541,"bolusiob":0.09187425147999997}
