{"iob":1.3315753959559375,"activity":0.006922004419191917,"bolusiob":0.7921062056875001}
