{"iob":-0.02037646141999999,"activity":0.0009315719696969697,"bolusiob":0}
