{"iob":0.9747523310944446,"activity":0.02023975308641976,"bolusiob":-0.000048013160000037744}
