{"iob":1.02969031644625,"activity":0.024075909090909092,"bolusiob":0.56982511398}
