{"iob":0.07593683391,"activity":-0.0008204797979797977,"bolusiob":0}
