{"iob":0.8279558231177777,"activity":0.01793197530864197,"bolusiob":0.2159355147733334}
