{"iob":-0.2414134158628125,"activity":0.0008744539141414141,"bolusiob":0}
