{"iob":0.50246514938,"activity":0.0007885795454545452,"bolusiob":0.44529195768}
