{"iob":1.43977992832,"activity":0.021066666666666664,"bolusiob":0.43632488512}
