{"iob":0.4101800792978125,"activity":0.009812897727272729,"bolusiob":0.05059354807000001}
