{"iob":2.7282130597971572,"activity":0.00620327197530864,"bolusiob":2.146540333902222}
