{"iob":2.2494139084554465,"activity":0.020004021275252526,"bolusiob":1.53017396992}
