{"iob":0.511614340562366,"activity":0.012616313492063488,"bolusiob":-0.00010697216000004062}
