{"iob":0.38716858988473185,"activity":0.011501896313932973,"bolusiob":0.0062800989866667045}
