{"iob":0.04137019444444445,"activity":0.00033950617283950616,"bolusiob":0}
