{"iob":2.2393010795693753,"activity":0.02864242424242424,"bolusiob":0.5655095583125}
