{"iob":0.5422457758342398,"activity":0.0060358555026455004,"bolusiob":0.29133797376}
