{"iob":1.23194572574,"activity":0.020427654320987653,"bolusiob":0.3543788193066667}
