{"iob":-0.3227779833181555,"activity":-0.003210652680776014,"bolusiob":0}
