{"iob":1.1430078062137123,"activity":0.009800309482323232,"bolusiob":0.37785656567999987}
