{"iob":2.0372232514528394,"activity":0.01608079685746352,"bolusiob":1.128498185426173}
