{"iob":1.7454758448955556,"activity":0.010593985890652555,"bolusiob":1.10524679552}
