{"iob":-0.02257590001777776,"activity":0.0021229629629629636,"bolusiob":0}
