{"iob":2.7859896258850005,"activity":0.014688386243386245,"bolusiob":2.2012101}
