{"iob":-0.012262391758750043,"activity":0.0012607702020202018,"bolusiob":0}
