{"iob":0.01556783055093752,"activity":-0.0011012752525252523,"bolusiob":0}
