{"iob":0.6144391965088889,"activity":0.019752275132275128,"bolusiob":0}
