{"iob":0.537627287217778,"activity":0.012494377104377105,"bolusiob":0}
