{"iob":1.5024418470432066,"activity":0.031375631746031744,"bolusiob":0.054932199999999654}
