{"iob":0.09703177696444445,"activity":0.0001965432098765432,"bolusiob":0}
