{"iob":0.5475555173511111,"activity":0.004659753086419752,"bolusiob":0.014298029760000008}
