{"iob":0.7494995922844445,"activity":0.016250056116722783,"bolusiob":0}
