{"iob":1.0943588145389864,"activity":0.019484983368606698,"bolusiob":0.09927310741333337}
