{"iob":-0.049988693540000004,"activity":-0.000004074074074074074,"bolusiob":0}
