{"iob":-0.08790550942121522,"activity":0.0051346999118165775,"bolusiob":0}
