{"iob":0.14838196779,"activity":0.00014305555555555556,"bolusiob":0}
