{"iob":-0.005057387666249968,"activity":0.0010473926767676773,"bolusiob":0}
