{"iob":0.3025578345477829,"activity":0.0000874077777777778,"bolusiob":0}
