{"iob":1.2414796138500002,"activity":0.005125520282186946,"bolusiob":0.7734829158400001}
