{"iob":-0.04905772800790124,"activity":-0.00007580246913580246,"bolusiob":0}
