{"iob":-0.1943090097777778,"activity":-0.0003407407407407407,"bolusiob":0}
