{"iob":1.9900944485787508,"activity":0.0009834406565656566,"bolusiob":2.09752232096}
