{"iob":-0.031624948037530874,"activity":-0.0003776543209876543,"bolusiob":0}
