{"iob":0.6719754149513921,"activity":0.006493749053030303,"bolusiob":0.20653118975999998}
