{"iob":1.4439525820050003,"activity":0.021034280303030305,"bolusiob":0.43148559461250013}
