{"iob":-0.14836064355333334,"activity":-0.00018407407407407408,"bolusiob":0}
