{"iob":1.8277953666431908,"activity":0.018826622514029178,"bolusiob":0.3061140332800001}
