{"iob":0.21137024030944457,"activity":0.003362345679012341,"bolusiob":0.3737601073777778}
