{"iob":-0.049966812160000006,"activity":-0.000007777777777777777,"bolusiob":0}
