{"iob":-0.040286467328750054,"activity":0.0020811111111111113,"bolusiob":0}
