{"iob":0.674969613490944,"activity":0.0037730897178130437,"bolusiob":0}
