{"iob":-0.07459028834722227,"activity":0.002118024691358024,"bolusiob":0}
