{"iob":-0.15074008371333333,"activity":-0.0005462257495590827,"bolusiob":0}
