{"iob":-0.32176906269333333,"activity":-0.0013385185185185184,"bolusiob":0}
