{"iob":0.12285412216098772,"activity":0.005993288439955107,"bolusiob":0}
