{"iob":1.5144609668383333,"activity":0.005777962962962961,"bolusiob":1.2225239765333333}
