{"iob":2.27243867349,"activity":0.008889241622574953,"bolusiob":1.994235770666667}
