{"iob":0.8317893739930865,"activity":0.006020617283950617,"bolusiob":0.3617559670755557}
