{"iob":0.0007595397056250009,"activity":0.001056628787878788,"bolusiob":0}
