{"iob":0.24750214046500002,"activity":0.00022680555555555556,"bolusiob":0}
