{"iob":-0.09978224595555557,"activity":-0.00004395061728395061,"bolusiob":0}
