{"iob":1.0698342825301153,"activity":0.016933026988636364,"bolusiob":0.013259999999999994}
