{"iob":0.007151647585625011,"activity":0.004250309343434343,"bolusiob":0}
