{"iob":0.48905072699264585,"activity":0.0009653314814814815,"bolusiob":0}
