{"iob":0.0009552727463808472,"activity":0.004645233428030303,"bolusiob":0}
