{"iob":-0.05557254138843751,"activity":-0.0002760416666666667,"bolusiob":0}
