{"iob":0.4397244696066665,"activity":0.002887266313932977,"bolusiob":0.10174478976}
