{"iob":-0.23053019476430556,"activity":0.0029645149911816573,"bolusiob":0}
