{"iob":0.8171208847659377,"activity":0.009813314393939393,"bolusiob":0.35331001728}
