{"iob":2.1580915712790123,"activity":0.008040864197530863,"bolusiob":1.6029296910538273}
