{"iob":0.028450979293333303,"activity":0.003267813051146383,"bolusiob":0}
