{"iob":1.140255108029979,"activity":0.006346426957070708,"bolusiob":0.6214711111125002}
