{"iob":0.23064534642444443,"activity":0.003684814814814814,"bolusiob":0}
