{"iob":0.07364372016000001,"activity":-0.0009000252525252524,"bolusiob":0}
