{"iob":2.2893491458875,"activity":0.019420555555555555,"bolusiob":1.37348156983}
