{"iob":0.7700976416155556,"activity":0.0063273192239858885,"bolusiob":0.39725481387111117}
