{"iob":1.30172281371625,"activity":0.007309848484848483,"bolusiob":0.8428018037}
