{"iob":2.6508349638312505,"activity":0.021062499999999998,"bolusiob":1.7487590604400003}
