{"iob":-0.14325369440000002,"activity":-0.0004141269841269844,"bolusiob":0}
