{"iob":0.5289823712656055,"activity":0.01386306807760141,"bolusiob":0}
