{"iob":0.9167928450351949,"activity":0.008289616004489339,"bolusiob":0.5136605611614814}
