{"iob":0.04986585243777778,"activity":0.000029753086419753082,"bolusiob":0}
