{"iob":0.8970432967412503,"activity":0.019291395202020202,"bolusiob":0.03550428992000008}
