{"iob":-0.11234873943555557,"activity":-0.0011990652557319218,"bolusiob":0}
