{"iob":0.03473141067020424,"activity":0.005740622398589064,"bolusiob":0}
