{"iob":1.217108549072223,"activity":0.004505124074074074,"bolusiob":0.37115502592000005}
