{"iob":0.025317294419999997,"activity":0.005028359788359787,"bolusiob":0}
