{"iob":1.6023158145543746,"activity":0.015348383838383835,"bolusiob":0.951572669405}
