{"iob":0.3927448946612502,"activity":0.012433383838383839,"bolusiob":0}
