{"iob":1.09615472737,"activity":0.009613194444444443,"bolusiob":0.3459266965050001}
