{"iob":0.5376961750071498,"activity":0.018103985961199293,"bolusiob":0.08195856070666664}
