{"iob":0.73824112496749,"activity":0.00507632287477954,"bolusiob":0.4987236440355556}
