{"iob":1.3896343041422223,"activity":0.018076812570145904,"bolusiob":0.3116349907911112}
