{"iob":2.0537313041753835,"activity":0.00951383671957672,"bolusiob":1.1732093934755556}
