{"iob":1.2765342684736114,"activity":0.011905511463844795,"bolusiob":0.5088056042400002}
