{"iob":1.0125052528012497,"activity":0.02110768308080808,"bolusiob":0.08864301653999998}
