{"iob":0.7838294911570834,"activity":0.01619122574955908,"bolusiob":0.007464087800000074}
