{"iob":0.332962915175,"activity":0.0032334406565656558,"bolusiob":0.02532518953750007}
