{"iob":0.09183022967749996,"activity":0.0055153851010101,"bolusiob":0}
