{"iob":-0.14735485630666667,"activity":-0.00025333333333333333,"bolusiob":0}
