{"iob":0.3280643739650001,"activity":0.007257231040564373,"bolusiob":0.49588444444444446}
