{"iob":0.018093788144878595,"activity":-0.0015740208994709,"bolusiob":0}
