{"iob":0.048834693241250005,"activity":0.00008562500000000001,"bolusiob":0}
