{"iob":1.0858130379066622,"activity":0.020201661189674525,"bolusiob":0.0944610618666667}
