{"iob":-0.1479150428788889,"activity":-0.00018111992945326282,"bolusiob":0}
