{"iob":1.786738548647222,"activity":0.01507356261022927,"bolusiob":0.79178378784}
