{"iob":0.05611586611888887,"activity":-0.00034013227513227524,"bolusiob":0}
