{"iob":1.3357560816388891,"activity":0.01617063492063492,"bolusiob":0.37963504800000003}
