{"iob":0.0017605045074402526,"activity":0.004693181628787879,"bolusiob":0}
