{"iob":0.0357504739810979,"activity":0.0018391180423280413,"bolusiob":0}
