{"iob":0.5418902969735439,"activity":0.014908570987654317,"bolusiob":-0.00005432544000003592}
