{"iob":0.951375270090625,"activity":0.0097296148989899,"bolusiob":0.33558010278999995}
