{"iob":0.29565318520444445,"activity":0.0004674074074074074,"bolusiob":0}
