{"iob":0.6067362729975,"activity":0.003618125,"bolusiob":-0.00008475285000009158}
