{"iob":1.506387909132525,"activity":0.008194715997474747,"bolusiob":0.1299036391125001}
