{"iob":0.5276987855012346,"activity":0.0031090123456790123,"bolusiob":0}
