{"iob":-0.4159194869883334,"activity":-0.0004837213403880072,"bolusiob":0}
