{"iob":1.1330972364219751,"activity":0.011348794286616162,"bolusiob":0.3171140701049999}
