{"iob":1.6628350756543209,"activity":0.019404938271604937,"bolusiob":0.7329805477135802}
