{"iob":0.23754005619375004,"activity":0.008599842171717172,"bolusiob":0}
