{"iob":-0.04793092913777778,"activity":-0.00011814814814814815,"bolusiob":0}
