{"iob":-0.03383489689843751,"activity":0.0011392045454545455,"bolusiob":0}
