{"iob":1.3394165739704706,"activity":0.026612421552028215,"bolusiob":0.17901106506666667}
