{"iob":0.7440111779212502,"activity":0.01691116792929293,"bolusiob":0}
