{"iob":0.04503850113111111,"activity":-0.00027194003527336846,"bolusiob":0}
