{"iob":0.5708561466844444,"activity":0.0041412345679012336,"bolusiob":0.025436981759999998}
