{"iob":0.47688832154328137,"activity":0.019039251893939395,"bolusiob":0.002629823399999953}
