{"iob":-0.2820764446518519,"activity":-0.00197317620650954,"bolusiob":0}
