{"iob":-0.13188208424999998,"activity":-0.00454232804232804,"bolusiob":0}
