{"iob":1.0824881183115624,"activity":0.010731281565656565,"bolusiob":0.23396024300000012}
