{"iob":1.5637814338928124,"activity":0.004502140151515151,"bolusiob":1.48753683764}
