{"iob":-0.3683115179864222,"activity":-0.0007067549735449748,"bolusiob":0}
