{"iob":0.31158678369375004,"activity":0.009255145202020202,"bolusiob":0.003063490829999971}
