{"iob":1.2566735075426234,"activity":0.007538924779541448,"bolusiob":0.5919691366400002}
