{"iob":0.11652520863111118,"activity":0.00446084656084656,"bolusiob":0}
