{"iob":0.12201885196500001,"activity":0.0009091666666666667,"bolusiob":0.096293849735}
