{"iob":1.1520008673264197,"activity":0.0065138271604938255,"bolusiob":0.859970465848889}
