{"iob":2.164720122453023,"activity":0.025930653174603167,"bolusiob":0.7116834788799999}
