{"iob":0.07323134924666666,"activity":-0.0014135097001763668,"bolusiob":0}
