{"iob":-0.35176676960627107,"activity":-0.0037648502116402116,"bolusiob":0}
