{"iob":2.4510917493277775,"activity":0.0038762081128747763,"bolusiob":2.37840893952}
