{"iob":0.9261760265325001,"activity":-0.0005372790404040405,"bolusiob":1.08694888192}
