{"iob":0.8514662317766666,"activity":0.006438271604938269,"bolusiob":0.5681583152}
