{"iob":-0.018135590666666673,"activity":-0.000367003367003367,"bolusiob":0}
