{"iob":1.3862560352806945,"activity":0.008354082892416223,"bolusiob":0.8603462187733334}
