{"iob":0.20062450509440063,"activity":-0.0005504934567901237,"bolusiob":0}
