{"iob":0.05015961610666669,"activity":0.001734556677890011,"bolusiob":0}
