{"iob":-0.04976036491777777,"activity":-0.0001982892416225748,"bolusiob":0}
