{"iob":1.8739594395851387,"activity":0.011397433862433859,"bolusiob":1.1929816478222222}
