{"iob":-0.1965903092622222,"activity":0.003913939393939393,"bolusiob":0}
