{"iob":0.605450743410319,"activity":0.012862076812570147,"bolusiob":0.0015959025066666576}
