{"iob":0.25890606016625006,"activity":0.009287417929292932,"bolusiob":0.0427060805025}
