{"iob":0.38881538162499996,"activity":0.009644886363636359,"bolusiob":0.07094691936000001}
