{"iob":1.9129807557755556,"activity":0.0039556790123456784,"bolusiob":1.7736392664355554}
