{"iob":0.2813829030134376,"activity":0.004539236111111111,"bolusiob":0.010938476022499932}
