{"iob":-0.049784114417777775,"activity":-0.00004098765432098765,"bolusiob":0}
