{"iob":1.6364962899310707,"activity":0.013211137830687827,"bolusiob":0.9582478646488888}
