{"iob":-0.099544192705,"activity":-0.00005819444444444445,"bolusiob":0}
