{"iob":0.011097088678888874,"activity":0.0020464373897707226,"bolusiob":0}
