{"iob":0.444826754613889,"activity":0.0010616931216931216,"bolusiob":0}
