{"iob":1.3862746190601563,"activity":0.004964965277777777,"bolusiob":1.18253243924}
