{"iob":0.03948074186,"activity":0.00037666666666666664,"bolusiob":0}
