{"iob":-0.14830033774617285,"activity":-0.00014320987654320989,"bolusiob":0}
