{"iob":1.3344195957044442,"activity":0.02085375661375661,"bolusiob":0.43638608469333334}
