{"iob":2.289207757768889,"activity":0.026943033509700173,"bolusiob":0.7884866789999999}
