{"iob":1.3975263567237504,"activity":0.012204993686868688,"bolusiob":0.8335575273375}
