{"iob":0.20964349528098777,"activity":0.009267766554433223,"bolusiob":0}
