{"iob":0.1284139098005556,"activity":0.007732045855379187,"bolusiob":0.01408868607999998}
