{"iob":2.0432913774833334,"activity":0.030255114638447968,"bolusiob":0.42038930016000015}
