{"iob":1.8905929019329681,"activity":0.009895739147727272,"bolusiob":1.07354922}
