{"iob":0.9877977334866668,"activity":0.019157901234567894,"bolusiob":0.1736090471333334}
