{"iob":3.389077279698828,"activity":0.012368315000000001,"bolusiob":1.9780315406000002}
