{"iob":-0.049785772117777835,"activity":0.00034283950617283997,"bolusiob":0}
