{"iob":0.2928333279642794,"activity":0.0005822401763668429,"bolusiob":0}
