{"iob":0.18057377495050342,"activity":0.00322173783459596,"bolusiob":0.0015617702099999463}
