{"iob":-0.146835441414321,"activity":-0.00022345679012345678,"bolusiob":0}
