{"iob":1.828805800228889,"activity":0.02357973544973544,"bolusiob":0.6964537265600002}
