{"iob":0.08745461464790125,"activity":0.00042993827160493824,"bolusiob":0}
