{"iob":1.8662093723200002,"activity":0.007765694444444444,"bolusiob":1.2780359820675}
