{"iob":-0.06618981848666668,"activity":-0.0028557319223985887,"bolusiob":0}
