{"iob":-0.3989417426990624,"activity":-0.0003321338383838382,"bolusiob":0}
