{"iob":0.36957132811294713,"activity":0.015638694620811286,"bolusiob":0}
