{"iob":3.6756187143724994,"activity":0.01959986111111111,"bolusiob":2.2466222191850003}
