{"iob":1.4687679657191373,"activity":0.006094261205808081,"bolusiob":1.2438215080000001}
