{"iob":-0.04975489770833333,"activity":-0.00006035273368606699,"bolusiob":0}
