{"iob":0.9521593784849385,"activity":0.008442502805836138,"bolusiob":0.21917797962666669}
