{"iob":0.45159030634876307,"activity":0.010228479124579123,"bolusiob":0.01514641706666664}
