{"iob":1.2616381407844446,"activity":0.002456931216931216,"bolusiob":1.466664}
