{"iob":-0.04998755456000001,"activity":-0.000004444444444444444,"bolusiob":0}
