{"iob":1.2102670639217012,"activity":0.013172619047619046,"bolusiob":0.37823824776000003}
