{"iob":-0.0993270667638889,"activity":-0.00009853615520282182,"bolusiob":0}
