{"iob":0.8742139726150001,"activity":0.023040661375661374,"bolusiob":0}
