{"iob":0.12067772394809981,"activity":0.009721163368606699,"bolusiob":0}
