{"iob":-0.05822981091777778,"activity":-0.0006981305114638444,"bolusiob":0}
