{"iob":-0.0996804865580247,"activity":-0.00004148148148148148,"bolusiob":0}
