{"iob":0.262856509934272,"activity":0.006138135669191919,"bolusiob":0.001271253500000036}
