{"iob":-0.09562597829555555,"activity":-0.0003206172839506173,"bolusiob":0}
