{"iob":0.902711100364025,"activity":0.019861905746352417,"bolusiob":0.012696909653333366}
