{"iob":0.7011313451868119,"activity":0.0054705388552188546,"bolusiob":0.23746501249185187}
