{"iob":-0.079061507666875,"activity":0.0014299116161616162,"bolusiob":0}
