{"iob":-0.10811244639375002,"activity":-0.0016248737373737376,"bolusiob":0}
