{"iob":1.4262103790274725,"activity":0.009569873945707071,"bolusiob":0.7922162132399998}
