{"iob":0.14104750551571105,"activity":0.000571358148148148,"bolusiob":0}
