{"iob":0.4196943094834569,"activity":0.007445645342312009,"bolusiob":-0.000005510933333396917}
