{"iob":0.14883938760033935,"activity":0.00011550283950617282,"bolusiob":0}
