{"iob":2.3095374978344445,"activity":0.015100388007054669,"bolusiob":1.4478491926400001}
