{"iob":0.1353066666666667,"activity":0.009932659932659934,"bolusiob":0}
