{"iob":0.6988689997994445,"activity":0.01994901234567901,"bolusiob":0.002059610199999784}
