{"iob":0.5137868638377777,"activity":0.018619241622574948,"bolusiob":0}
