{"iob":1.6167196123602343,"activity":0.0068039236111111095,"bolusiob":0.9473621992800001}
