{"iob":0.8292347040066665,"activity":-0.0015415167548500882,"bolusiob":0.9827417470222223}
