{"iob":0.8592200853795,"activity":0.010593497474747474,"bolusiob":0.15117213018}
