{"iob":-0.13719613302487516,"activity":0.0037016639015151516,"bolusiob":0}
