{"iob":0.5740389460533489,"activity":0.018618324585537912,"bolusiob":0.09533637690666663}
