{"iob":-0.049395567904444444,"activity":-0.00007790123456790123,"bolusiob":0}
