{"iob":1.587991691515554,"activity":-0.00033947564373897684,"bolusiob":1.0948504111111113}
