{"iob":0.297424159705,"activity":-0.0008133156966490303,"bolusiob":0}
