{"iob":0.009158705811111105,"activity":-0.0010641446208112873,"bolusiob":0}
