{"iob":1.0281672318506252,"activity":0.007397866161616162,"bolusiob":0.7608315625000001}
