{"iob":0.7542715241133334,"activity":0.002829753086419753,"bolusiob":0.36572881408}
