{"iob":0.6972387300525604,"activity":0.016151339947089942,"bolusiob":0.00123191276000002}
