{"iob":2.137639287979375,"activity":0.013753819444444445,"bolusiob":1.5189611839600001}
