{"iob":-0.0995927099891358,"activity":-0.00005172839506172839,"bolusiob":0}
