{"iob":1.5501165263122225,"activity":0.030355396825396824,"bolusiob":0.2870153278666668}
