{"iob":1.1186918935071606,"activity":0.012085218855218854,"bolusiob":0.6852788882488888}
