{"iob":0.9466312298449384,"activity":0.01050803591470258,"bolusiob":0.31124743831308643}
