{"iob":1.5432666301605555,"activity":0.004596728395061729,"bolusiob":1.3223093661333334}
