{"iob":-0.14553469904592595,"activity":-0.00026629629629629627,"bolusiob":0}
