{"iob":0.14856816632666667,"activity":0.0001628395061728395,"bolusiob":0}
