{"iob":0.003213795178333319,"activity":-0.00013394179894179946,"bolusiob":0}
