{"iob":1.1779505345915626,"activity":0.0050641666666666665,"bolusiob":0.9691788308}
