{"iob":1.7621423083962502,"activity":0.0146652398989899,"bolusiob":1.0320592026425002}
