{"iob":1.3887705137357231,"activity":0.010026313339646462,"bolusiob":0.6968419172399999}
