{"iob":0.5377701227328309,"activity":0.012686522411616162,"bolusiob":0}
