{"iob":-0.050053486024444455,"activity":-0.000059206349206349006,"bolusiob":0}
