{"iob":-0.2750886006075,"activity":0.0011028409090909094,"bolusiob":0}
