{"iob":0.10323750381922284,"activity":-0.0016456786419753089,"bolusiob":0}
