{"iob":0.18148873404055546,"activity":0.00007172839506172819,"bolusiob":0.10012098293333332}
