{"iob":0.012786715413333328,"activity":0.0023966329966329967,"bolusiob":0}
