{"iob":0.48145627343874997,"activity":0.005399526515151514,"bolusiob":0.29961073275}
