{"iob":0.0484044157,"activity":-0.00014650793650793656,"bolusiob":0}
