{"iob":-0.14908832933555557,"activity":-0.00013148148148148147,"bolusiob":0}
