{"iob":-0.09977340574222224,"activity":-0.00004444444444444444,"bolusiob":0}
