{"iob":0.7040668991815627,"activity":0.02541179292929293,"bolusiob":0}
