{"iob":0.40863351234625,"activity":0.00969863005050505,"bolusiob":0.09765476762249999}
