{"iob":0.24010198336722222,"activity":0.0009411111111111109,"bolusiob":0}
