{"iob":0.035039590787777804,"activity":0.0029564373897707228,"bolusiob":0.000676726039999953}
