{"iob":0.5726856737933232,"activity":0.009883904412878793,"bolusiob":0}
