{"iob":0.02484078338370376,"activity":0.010589180695847362,"bolusiob":0}
