{"iob":-0.04161675507875,"activity":0.00167770202020202,"bolusiob":0}
