{"iob":2.0289021614444445,"activity":0.022381560846560847,"bolusiob":1.2651544931199998}
