{"iob":1.4627031777451909,"activity":0.021333227636684295,"bolusiob":0.47091998161777787}
