{"iob":0.7336844814066668,"activity":0.014015255731922393,"bolusiob":0}
