{"iob":1.9407822586955557,"activity":0.022234647266313922,"bolusiob":1.18365803808}
