{"iob":0.26925752228635624,"activity":0.00280957708994709,"bolusiob":0}
