{"iob":0.049990091221250005,"activity":0.0000027083333333333334,"bolusiob":0}
