{"iob":0.01348989020642824,"activity":0.00535935596590909,"bolusiob":0}
