{"iob":-0.04891742597530864,"activity":-0.00008209876543209878,"bolusiob":0}
