{"iob":-0.04484717609444447,"activity":0.0006791887125220446,"bolusiob":0}
