{"iob":0.04960259463901235,"activity":0.00004530864197530864,"bolusiob":0}
