{"iob":0.31778889223777784,"activity":0.0017594356261022921,"bolusiob":0}
