{"iob":0.3576217860625,"activity":0.011733737373737372,"bolusiob":0.008276519680000005}
