{"iob":0.3352012121996873,"activity":0.01637072285353535,"bolusiob":0.023790268837499906}
