{"iob":0.4030277701162056,"activity":0.0034752204585537915,"bolusiob":0}
