{"iob":0.1599378618975,"activity":0.0031038888888888887,"bolusiob":0.09014939733749999}
