{"iob":1.31710266276,"activity":0.019227020202020204,"bolusiob":0.3640806750000001}
