{"iob":0.21547110935888894,"activity":0.014784356261022922,"bolusiob":0}
