{"iob":2.1021934613333335,"activity":0.012711111111111109,"bolusiob":1.4990001386666667}
