{"iob":-0.2941979750222222,"activity":-0.0018351290684624018,"bolusiob":0}
