{"iob":1.793681860941875,"activity":0.020354943181818182,"bolusiob":0.8546358750000002}
