{"iob":0.14849359246000002,"activity":0.00016407407407407408,"bolusiob":0}
