{"iob":0.04838892249111113,"activity":-0.00022204585537918874,"bolusiob":0}
