{"iob":0.03994053871249981,"activity":0.008123352272727272,"bolusiob":0}
