{"iob":-0.14533533811333335,"activity":0.000036313932980599756,"bolusiob":0}
