{"iob":-0.045441360031605,"activity":0.002136924803591471,"bolusiob":0}
