{"iob":-0.046912426753333354,"activity":0.0003637213403880065,"bolusiob":0}
