{"iob":0.049778343165624954,"activity":0.0010483838383838384,"bolusiob":0}
