{"iob":0.1472740617777778,"activity":0.0002641975308641975,"bolusiob":0}
