{"iob":-0.09717602821555557,"activity":-0.00024925925925925924,"bolusiob":0}
