{"iob":0.791061075305,"activity":0.009601275252525254,"bolusiob":0.18365070138249998}
