{"iob":0.4462366543445782,"activity":0.006811338536155206,"bolusiob":0}
