{"iob":1.5363206560739844,"activity":0.008301423611111112,"bolusiob":0.7414744434824998}
