{"iob":-0.14770549964968754,"activity":-0.0017571527777777778,"bolusiob":0}
