{"iob":0.8176206445168751,"activity":0.01059546717171717,"bolusiob":0.17034746300000003}
