{"iob":0.6679483039933334,"activity":0.005202098765432098,"bolusiob":0.23733510307555555}
