{"iob":0.342315738986111,"activity":0.001688624338624337,"bolusiob":0}
