{"iob":-0.10623025460222223,"activity":-0.0005887301587301584,"bolusiob":0}
