{"iob":1.9407775677355446,"activity":0.02959004100378788,"bolusiob":0.4158224140125}
