{"iob":0.19485709217111097,"activity":0.008161569664902996,"bolusiob":0}
