{"iob":1.204653629661875,"activity":0.004752525252525253,"bolusiob":0.9880575375025}
