{"iob":-0.049733859084444436,"activity":-0.000060493827160493825,"bolusiob":0}
