{"iob":1.7371750246427342,"activity":0.003648923611111111,"bolusiob":1.27179226272}
