{"iob":0.33742004515560087,"activity":-0.00028416197530864174,"bolusiob":0}
