{"iob":0.11720928287680557,"activity":0.00015843033509700203,"bolusiob":0}
