{"iob":-0.14577572495528685,"activity":0.00032445211640211595,"bolusiob":0}
