{"iob":0.08971731863548052,"activity":0.002538288712522045,"bolusiob":0}
