{"iob":-0.04980448950444445,"activity":-0.00003839506172839506,"bolusiob":0}
