{"iob":-0.15090172645746444,"activity":-0.003740776137566138,"bolusiob":0}
