{"iob":0.000007975840000001843,"activity":-0.00015505050505050505,"bolusiob":0}
