{"iob":0.38147611182888885,"activity":0.001331975308641975,"bolusiob":0.24398467962666667}
