{"iob":1.2315193559722224,"activity":0.00449121693121693,"bolusiob":0.79870567424}
