{"iob":-0.12079825776055556,"activity":-0.0009028924162257494,"bolusiob":0}
