{"iob":-0.1302297194111111,"activity":-0.0020416402116402105,"bolusiob":0}
