{"iob":0.03869666913000001,"activity":0.0001365277777777778,"bolusiob":0}
