{"iob":2.12225227314829,"activity":0.0077782069760101,"bolusiob":1.9576025344}
