{"iob":0.04975237834000001,"activity":0.00004481481481481481,"bolusiob":0}
