{"iob":0.5657208411822222,"activity":0.0010240476190476189,"bolusiob":0.6117310048888889}
