{"iob":0.9487425651312309,"activity":0.012744901781305112,"bolusiob":0.16368663722666674}
