{"iob":0.06191938101758407,"activity":-0.0005821604056437385,"bolusiob":0}
