{"iob":0.5294741795666668,"activity":0.015233597883597879,"bolusiob":0.15307336576000002}
