{"iob":0.28287543158562495,"activity":0.013145751262626263,"bolusiob":0}
