{"iob":0.000026948571666673973,"activity":0.0004485890652557313,"bolusiob":0}
