{"iob":-0.23878562326913583,"activity":-0.0005462962962962962,"bolusiob":0}
