{"iob":0.24860378408105974,"activity":0.00015389527777777775,"bolusiob":0}
