{"iob":0.3901825777871377,"activity":0.0009781342171717173,"bolusiob":0}
