{"iob":0.8793021945987499,"activity":0.022469501262626257,"bolusiob":-0.0000777694700000886}
