{"iob":-0.07045091902666667,"activity":-0.0011785361552028217,"bolusiob":0}
