{"iob":0.04998482491777778,"activity":0.000005308641975308642,"bolusiob":0}
