{"iob":2.2713672846764443,"activity":0.023828536155202813,"bolusiob":0.9317945672533333}
