{"iob":1.4540103343558708,"activity":0.01577367751322751,"bolusiob":0.6744936777377777}
