{"iob":0.1684753081066666,"activity":0.010143265993265994,"bolusiob":0}
