{"iob":0.3374921036593873,"activity":0.0009269139506172838,"bolusiob":0}
