{"iob":1.839262123625,"activity":0.03325424242424242,"bolusiob":0.07981639026499979}
