{"iob":-0.06673492748666665,"activity":0.00375063492063492,"bolusiob":0}
