{"iob":0.541498188030126,"activity":0.003057037777777778,"bolusiob":0}
