{"iob":-0.1257577425303704,"activity":-0.0007285185185185184,"bolusiob":0}
