{"iob":1.0458241487575,"activity":0.0171910101010101,"bolusiob":0.07536729228}
