{"iob":-0.04997820710444445,"activity":-0.000007283950617283949,"bolusiob":0}
