{"iob":-0.16066542760865843,"activity":-0.0027471545012626264,"bolusiob":0}
