{"iob":1.3467843181047006,"activity":0.010319072316919189,"bolusiob":0.576764808}
