{"iob":-0.08898348088888891,"activity":-0.00039999999999999996,"bolusiob":0}
