{"iob":0.029698910765,"activity":0.00039763888888888894,"bolusiob":0}
