{"iob":0.29077603009679037,"activity":0.007896851851851855,"bolusiob":0}
