{"iob":0.1494010677728395,"activity":0.00007925925925925925,"bolusiob":0}
