{"iob":0.39065987206249997,"activity":0.0006629166666666668,"bolusiob":0.17688806786}
