{"iob":0.22011294663965278,"activity":0.0044682539682539685,"bolusiob":0}
