{"iob":2.03412192856,"activity":0.00788379188712522,"bolusiob":1.7012374937777774}
