{"iob":-0.09721893848395063,"activity":-0.00018191358024691358,"bolusiob":0}
