{"iob":-0.09943957689222221,"activity":-0.00018754850088183398,"bolusiob":0}
