{"iob":-0.099540730425,"activity":-0.00022862433862433856,"bolusiob":0}
