{"iob":1.0961539088408148,"activity":0.0163942694760101,"bolusiob":0.29140418738999996}
