{"iob":0.07354839263281249,"activity":-0.0033180997474747476,"bolusiob":0}
