{"iob":1.5736251462005555,"activity":0.021482037037037032,"bolusiob":0.7049940760000001}
