{"iob":0.35452985776038265,"activity":0.010539770282186948,"bolusiob":0}
