{"iob":3.4075950528099996,"activity":0.023045138888888886,"bolusiob":1.6819082621400003}
