{"iob":0.33416200270222235,"activity":0.007582693602693602,"bolusiob":0.025370117120000014}
