{"iob":0.04893081832333334,"activity":-0.00010964726631393277,"bolusiob":0}
