{"iob":1.5648418807644444,"activity":0.015709797979797976,"bolusiob":0.32878356970666683}
