{"iob":0.0006254736599999199,"activity":0.0006513227513227498,"bolusiob":0}
