{"iob":1.2118357117676197,"activity":0.020015437059483727,"bolusiob":0.06918794474666679}
