{"iob":0.9942559653329279,"activity":0.016590223958333334,"bolusiob":0.005825625000000001}
