{"iob":-0.038897977205135936,"activity":0.00919706579124579,"bolusiob":0}
