{"iob":0.7448032251190624,"activity":0.010230523989898987,"bolusiob":0.27490980361000006}
