{"iob":-0.00821203932000001,"activity":-0.0014797883597883598,"bolusiob":0}
