{"iob":1.5811610080329113,"activity":0.02126418001763668,"bolusiob":0.5753841193822223}
