{"iob":1.092555097703889,"activity":0.002310996472663139,"bolusiob":1.2892112692977777}
