{"iob":0.4293397520733826,"activity":0.011576807319223986,"bolusiob":0}
