{"iob":1.24298194632,"activity":0.019889999999999998,"bolusiob":0.31835910471999995}
