{"iob":2.2832638497139723,"activity":0.024266455273368594,"bolusiob":0.9099890451733335}
