{"iob":0.18673190213968752,"activity":-0.0006264962121212121,"bolusiob":0}
