{"iob":1.0126258260503704,"activity":0.014664410774410776,"bolusiob":0.24230783758222219}
