{"iob":0.5168539244275876,"activity":0.007790384154040405,"bolusiob":0.18329235576000003}
