{
  "bg": 105, 
  "temp": "absolute", 
  "snoozeBG": 158, 
  "recieved": true, 
  "rate": 0.0, 
  "reason": "Eventual BG -102<110, but Avg. Delta -1.3333333333333333 > BGI -6.92 / 2; cancel", 
  "eventualBG": -102, 
  "timestamp": "2015-12-03T19:14:34.658807", 
  "duration": 0, 
  "tick": -2
}