{
  "bg": 109, 
  "temp": "absolute", 
  "snoozeBG": 111, 
  "recieved": true, 
  "rate": 0.0, 
  "reason": "Eventual BG 111>110 but Avg. Delta -4.333333333333334 < BGI -3.23 / 2; cancel", 
  "eventualBG": 111, 
  "timestamp": "2015-11-27T18:48:37.570284", 
  "duration": 0, 
  "tick": -4
}