{
  "bg": 146, 
  "temp": "absolute", 
  "snoozeBG": 120, 
  "recieved": true, 
  "rate": 0.0, 
  "reason": "Eventual BG 120>110 but Avg. Delta -6.333333333333333 < BGI -5.92 / 2; cancel", 
  "eventualBG": 120, 
  "timestamp": "2015-11-30T03:48:43.054346", 
  "duration": 0, 
  "tick": -4
}