{
  "bg": 111, 
  "temp": "absolute", 
  "snoozeBG": 112, 
  "recieved": true, 
  "rate": 0.0, 
  "reason": "Eventual BG 112>110 but Avg. Delta -2.3333333333333335 < BGI -0.39 / 2; cancel", 
  "eventualBG": 112, 
  "timestamp": "2015-12-06T17:47:48.501717", 
  "duration": 0, 
  "tick": -1
}