{
  "bg": 115, 
  "temp": "absolute", 
  "snoozeBG": 114, 
  "recieved": true, 
  "rate": 0.0, 
  "reason": "Eventual BG 114>110 but Avg. Delta -1.6666666666666665 < BGI 0 / 2; cancel", 
  "eventualBG": 114, 
  "timestamp": "2015-12-07T03:12:44.155019", 
  "duration": 0, 
  "tick": -1
}