{
  "bg": 112, 
  "temp": "absolute", 
  "snoozeBG": 112, 
  "recieved": true, 
  "rate": 0.0, 
  "reason": "Eventual BG 112>110 but Avg. Delta -1.3333333333333333 < BGI 0 / 2; cancel", 
  "eventualBG": 112, 
  "timestamp": "2015-12-07T03:22:47.142099", 
  "duration": 0, 
  "tick": -1
}