{
  "bg": 121, 
  "temp": "absolute", 
  "snoozeBG": 111, 
  "recieved": true, 
  "rate": 0.0, 
  "reason": "Eventual BG 111>110 but Avg. Delta -4.666666666666667 < BGI 0 / 2; cancel", 
  "eventualBG": 111, 
  "timestamp": "2015-12-02T03:13:31.769470", 
  "duration": 0, 
  "tick": -4
}