{
  "bg": 112, 
  "temp": "absolute", 
  "snoozeBG": 115, 
  "recieved": true, 
  "rate": 0.0, 
  "reason": "Eventual BG 115>110 but Avg. Delta -4.333333333333334 < BGI -2.21 / 2; cancel", 
  "eventualBG": 115, 
  "timestamp": "2015-12-05T17:35:16.002410", 
  "duration": 0, 
  "tick": -4
}