{"iob":-0.29405513539666106,"activity":-0.005453465731922399,"bolusiob":0}
