{"iob":-0.05608008101777779,"activity":0.000271358024691358,"bolusiob":0}
