{"iob":0.19769480016666668,"activity":0.00024308641975308637,"bolusiob":0}
