{"iob":0.24577230584444446,"activity":0.00038962962962962964,"bolusiob":0}
