{"iob":-0.2718445970180088,"activity":-0.001293007072310405,"bolusiob":0}
