{"iob":-0.3010467903422222,"activity":-0.0035579541446208113,"bolusiob":0}
