{"iob":0.6701246684027777,"activity":0.0018987477954144616,"bolusiob":0}
