{"iob":-0.24525146542176599,"activity":-0.00379206340388007,"bolusiob":0}
