{"iob":-0.28316965958591683,"activity":-0.002486261111111111,"bolusiob":0}
