{"iob":-0.2681537576743539,"activity":-0.00288869074074074,"bolusiob":0}
