{"iob":-0.47457244663872566,"activity":-0.004974585520282184,"bolusiob":0}
