{"iob":-0.25457299410166667,"activity":-0.00219784832451499,"bolusiob":0}
