{"iob":-0.40202307943029775,"activity":-0.002561887248677249,"bolusiob":0}
