{"iob":-0.16337062485444445,"activity":-0.002327583774250441,"bolusiob":0}
