{"iob":-0.35439107452319446,"activity":-0.004266358024691357,"bolusiob":0}
