{"iob":-0.44536417304064,"activity":-0.0023085186419753083,"bolusiob":0}
