{"iob":0.030183576220206735,"activity":0.0003271603703703706,"bolusiob":0}
