{"iob":-0.18826257525779896,"activity":0.0006175398059964725,"bolusiob":0}
