{"iob":0.4732996294166947,"activity":0.009911384479717811,"bolusiob":0}
