{"iob":-0.11496385129024532,"activity":-0.0008465258377425044,"bolusiob":0}
