{"iob":-0.1712113352738889,"activity":-0.000006728395061729946,"bolusiob":0}
