{"iob":-0.2710371858691067,"activity":-0.004042407407407406,"bolusiob":0}
