{"iob":0.25550112994547763,"activity":0.0013212346560846568,"bolusiob":0}
