{"iob":-0.39338060395666674,"activity":-0.0018287213403880072,"bolusiob":0}
