{"iob":-0.026168249808433627,"activity":-0.00006812195767195799,"bolusiob":0}
