{"iob":0.028716286197777777,"activity":-0.0004950970017636685,"bolusiob":0}
