{"iob":0.22957246643533338,"activity":0.0022556966490299823,"bolusiob":0}
