{"iob":0.465816541481875,"activity":0.0011011111111111113,"bolusiob":0}
