{"iob":-0.3028559748777779,"activity":-0.0019808818342151673,"bolusiob":0}
