{"iob":-0.3605969546388674,"activity":-0.00302725758377425,"bolusiob":0}
