{"iob":-0.022398372081990407,"activity":0.0008296914462081132,"bolusiob":0}
