{"iob":-0.37105181536045323,"activity":-0.005315978959435625,"bolusiob":0}
