{"iob":-0.002205333866666659,"activity":-0.0003298059964726629,"bolusiob":0}
