{"iob":0.1533067028164956,"activity":0.0074360842151675495,"bolusiob":0}
