{"iob":0.23129069939638894,"activity":0.002152204585537919,"bolusiob":0}
