{"iob":-0.059232323542777805,"activity":0.0007255555555555559,"bolusiob":0}
