{"iob":0.09787497387749189,"activity":-0.005543641887125218,"bolusiob":0}
