{"iob":-0.25571045844888896,"activity":-0.001049594356261023,"bolusiob":0}
