{"iob":-0.20106240665791666,"activity":0.0005616490299823633,"bolusiob":0}
