{"iob":-0.47015679227968754,"activity":-0.0045790388007054695,"bolusiob":0}
