{"iob":-0.002267471699999979,"activity":-0.0003359788359788353,"bolusiob":0}
