{"iob":0.5091219387828473,"activity":0.008497222222222224,"bolusiob":0}
