{"iob":-0.3241819719835234,"activity":-0.005882663139329805,"bolusiob":0}
