{"iob":-0.3285839033190972,"activity":-0.0004759347442680771,"bolusiob":0}
