{"iob":-0.02827983372999999,"activity":-0.001428571428571428,"bolusiob":0}
