{"iob":-0.17190785622318155,"activity":-0.004796163932980598,"bolusiob":0}
