{"iob":-0.14234182549846158,"activity":-0.0026537126102292763,"bolusiob":0}
