{"iob":-0.24788730689888888,"activity":-0.003877742504409171,"bolusiob":0}
