{"iob":0.030350263977274604,"activity":-0.0008134037918871246,"bolusiob":0}
