{"iob":-0.3677122498340278,"activity":-0.002669435626102293,"bolusiob":0}
