{"iob":0.26599439145634657,"activity":-0.0020606523104056435,"bolusiob":0}
