{"iob":-0.016036603840045675,"activity":-0.0003443387125220455,"bolusiob":0}
