{"iob":-0.024299559239312943,"activity":0.0005495589947089935,"bolusiob":0}
