{"iob":-0.14876373667944628,"activity":-0.0006196385361552027,"bolusiob":0}
