{"iob":0.03938319108819726,"activity":-0.0020065340211640214,"bolusiob":0}
