{"iob":-0.30115615771401405,"activity":-0.00379762795414462,"bolusiob":0}
