{"iob":0.06152720983096032,"activity":0.0017842944444444436,"bolusiob":0}
