{"iob":-0.45627746218218757,"activity":-0.001403324514991182,"bolusiob":0}
