{"iob":0.002792683319999989,"activity":0.000505820105820105,"bolusiob":0}
