{"iob":-0.07086764638415774,"activity":0.003325661287477955,"bolusiob":0}
