{"iob":-0.04601118304643383,"activity":0.0011818963139329805,"bolusiob":0}
