{"iob":-0.045487353270555544,"activity":-0.0000726631393298057,"bolusiob":0}
