{"iob":-0.4806460774030064,"activity":-0.0023867196649029992,"bolusiob":0}
