{"iob":-0.22677206856222223,"activity":-0.0033557319223985888,"bolusiob":0}
