{"iob":-0.0016992223876792975,"activity":-0.003110573104056437,"bolusiob":0}
