{"iob":-0.15826621811944444,"activity":-0.0024432627865961197,"bolusiob":0}
