{"iob":-0.2598407065277085,"activity":-0.0010742505291005293,"bolusiob":0}
