{"iob":0.5567871596924081,"activity":0.0033428573368606707,"bolusiob":0}
