{"iob":0.08500700877000002,"activity":0.001643492063492064,"bolusiob":0}
