{"iob":-0.0029614003402129788,"activity":0.0020765431216931193,"bolusiob":0}
