{"iob":-0.2861964716663889,"activity":-0.005377336860670195,"bolusiob":0}
