{"iob":-0.05368733328611111,"activity":0.00014129629629629627,"bolusiob":0}
