{"iob":0.49758285887544457,"activity":0.005457513227513229,"bolusiob":0}
