{"iob":-0.41316122882663187,"activity":-0.0006738888888888892,"bolusiob":0}
