{"iob":-0.27483217005732874,"activity":-0.002659338765432099,"bolusiob":0}
