{"iob":-0.3144526730444173,"activity":-0.0014797267195767187,"bolusiob":0}
