{"iob":-0.041105812343333326,"activity":-0.0020379188712522037,"bolusiob":0}
