{"iob":-0.18414654564055563,"activity":-0.004052275132275131,"bolusiob":0}
