{"iob":0.19329769263333335,"activity":0.004111992945326279,"bolusiob":0}
