{"iob":0.28175320401611115,"activity":0.002480802469135802,"bolusiob":0}
