{"iob":-0.30102425533342514,"activity":-0.0030185450617283946,"bolusiob":0}
