{"iob":-0.19898431050599216,"activity":-0.002109329823633157,"bolusiob":0}
