{"iob":0.00877655734508704,"activity":-0.0021967902116402115,"bolusiob":0}
