{"iob":-0.08891291671986107,"activity":-0.002246164021164021,"bolusiob":0}
