{"iob":-0.01719206386301626,"activity":0.0012269840388007048,"bolusiob":0}
