{"iob":-0.3138714813924586,"activity":-0.0034668872134038797,"bolusiob":0}
