{"iob":-0.31514611436454376,"activity":-0.004754832363315696,"bolusiob":0}
