{"iob":0.527558007300712,"activity":0.003297769171075838,"bolusiob":0}
