{"iob":0.6440793284167361,"activity":0.002556728395061728,"bolusiob":0}
