{"iob":-0.029196963061666626,"activity":0.002277389770723104,"bolusiob":0}
