{"iob":-0.4401894713136487,"activity":-0.0037965258377425045,"bolusiob":0}
