{"iob":-0.2243030668924445,"activity":-0.002956931216931217,"bolusiob":0}
