{"iob":0.18955268899916647,"activity":0.0035323568430335097,"bolusiob":0}
