{"iob":-0.033372275615611145,"activity":-0.002734047619047618,"bolusiob":0}
