{"iob":-0.10439613937333335,"activity":-0.0022273368606701934,"bolusiob":0}
