{"iob":-0.0000012991399999995325,"activity":-0.00002486772486772473,"bolusiob":0}
