{"iob":-0.2881500232416773,"activity":-0.0025402559435626104,"bolusiob":0}
