{"iob":-0.24106641676667295,"activity":-0.001421181746031746,"bolusiob":0}
