{"iob":0.27498399738493373,"activity":0.008139523844797176,"bolusiob":0}
