{"iob":-0.11593267610541665,"activity":-0.004013148148148148,"bolusiob":0}
