{"iob":-0.36593149812500003,"activity":-0.003556084656084656,"bolusiob":0}
