{"iob":-0.2778513565938889,"activity":-0.0012024074074074072,"bolusiob":0}
