{"iob":0.9344689992973547,"activity":0.011473165696649027,"bolusiob":0}
