{"iob":-0.17053531,"activity":-0.0023148148148148147,"bolusiob":0}
