{"iob":-0.2146966774847917,"activity":-0.0035379629629629624,"bolusiob":0}
