{"iob":-0.43770144873629774,"activity":-0.0028652734920634917,"bolusiob":0}
