{"iob":-0.3779824424594445,"activity":-0.003865061728395061,"bolusiob":0}
