{"iob":-0.00011536447000000116,"activity":-0.0000703703703703703,"bolusiob":0}
