{"iob":-0.09679032869392316,"activity":0.0026747529629629636,"bolusiob":0}
