{"iob":-0.3172569220694653,"activity":-0.003854409435626102,"bolusiob":0}
