{"iob":-0.1624108959403729,"activity":-0.0014669487301587297,"bolusiob":0}
