{"iob":0.04280589760109707,"activity":0.0018983332451499109,"bolusiob":0}
