{"iob":-0.16875809662347013,"activity":-0.0006617638447971776,"bolusiob":0}
