{"iob":-0.22619958662151535,"activity":-0.0017064464726631397,"bolusiob":0}
