{"iob":-0.22036916361690978,"activity":-0.00031020282186948873,"bolusiob":0}
