{"iob":0.6624915413293055,"activity":0.00047744268077601386,"bolusiob":0}
