{"iob":-0.1648696454081368,"activity":-0.000778165961199294,"bolusiob":0}
