{"iob":-0.4668568615661111,"activity":-0.005200105820105818,"bolusiob":0}
