{"iob":-0.09732010249777778,"activity":-0.0002501234567901234,"bolusiob":0}
