{"iob":0.07184266215,"activity":0.0028544973544973535,"bolusiob":0}
