{"iob":-0.3618284037876388,"activity":-0.0024005026455026445,"bolusiob":0}
