{"iob":-0.1562449761322222,"activity":-0.002375626102292768,"bolusiob":0}
