{"iob":-0.10860207905777777,"activity":0.00021777777777777778,"bolusiob":0}
