{"iob":-0.08536771598676529,"activity":0.00018355352733686106,"bolusiob":0}
