{"iob":0.2048333602428934,"activity":0.00785717825396825,"bolusiob":0}
