{"iob":0.18840740744499992,"activity":0.0012538624338624342,"bolusiob":0}
