{"iob":-0.19278062109165345,"activity":-0.002476913456790123,"bolusiob":0}
