{"iob":-0.0013833715367804755,"activity":-0.0016604317283950617,"bolusiob":0}
