{"iob":-0.5191518532252432,"activity":-0.005233800705467372,"bolusiob":0}
