{"iob":0.0007150656806944669,"activity":0.003938456790123455,"bolusiob":0}
