{"iob":0.21051292493122403,"activity":0.006395227072310406,"bolusiob":0}
