{"iob":-0.5572977577384178,"activity":-0.0043448766666666664,"bolusiob":0}
