{"iob":-0.006119862074635424,"activity":-0.000527491181657848,"bolusiob":0}
