{"iob":0.21001697019236115,"activity":-0.0024543386243386237,"bolusiob":0}
