{"iob":-0.15415678441944447,"activity":-0.0000012962962962963115,"bolusiob":0}
