{"iob":0.34617564594739997,"activity":-0.0010019576719576715,"bolusiob":0}
