{"iob":-0.28495142155909187,"activity":-0.0032143122574955912,"bolusiob":0}
