{"iob":0.16457605311134668,"activity":0.006900364585537919,"bolusiob":0}
