{"iob":-0.36729564900777784,"activity":-0.003917619047619047,"bolusiob":0}
