{"iob":0.06668635818111115,"activity":0.0029605820105820108,"bolusiob":0}
