{"iob":0.24287639161166666,"activity":0.0010887830687830692,"bolusiob":0}
