{"iob":-0.023060333967638867,"activity":0.0032882275132275133,"bolusiob":0}
