{"iob":-0.006078040480208342,"activity":-0.0005264109347442677,"bolusiob":0}
