{"iob":0.2049826580573611,"activity":0.0012764109347442683,"bolusiob":0}
