{"iob":-0.13337791038000002,"activity":-0.0014748148148148144,"bolusiob":0}
