{"iob":-0.09935941172,"activity":-0.00009851851851851851,"bolusiob":0}
