{"iob":0.7056307016831944,"activity":0.0013794356261022927,"bolusiob":0}
