{"iob":-0.30269115429376603,"activity":-0.003958465520282187,"bolusiob":0}
