{"iob":-0.32504690659833335,"activity":-0.003639620811287478,"bolusiob":0}
