{"iob":-0.1067893092114149,"activity":0.00495869488536155,"bolusiob":0}
