{"iob":-0.07560353939333336,"activity":-0.0019199294532627866,"bolusiob":0}
