{"iob":0.010631400099928186,"activity":-0.0011109524691358017,"bolusiob":0}
