{"iob":-0.11156177538855558,"activity":-0.00045835978835978845,"bolusiob":0}
