{"iob":-0.17544752682296882,"activity":0.0010925219223985895,"bolusiob":0}
