{"iob":-0.16199347122800795,"activity":0.003482653968253967,"bolusiob":0}
