{"iob":0.05545219666069593,"activity":0.0044597353615520256,"bolusiob":0}
