{"iob":0.9881687529333232,"activity":0.010398164479717812,"bolusiob":0}
