{"iob":-0.20426585812986114,"activity":-0.0014430423280423282,"bolusiob":0}
