{"iob":-0.05843139822333333,"activity":0.0002079012345679012,"bolusiob":0}
