{"iob":-0.02731930967340637,"activity":0.0002042915343915332,"bolusiob":0}
