{"iob":0.367285148819349,"activity":-0.0017552646737213394,"bolusiob":0}
