{"iob":0.09475731006067985,"activity":-0.0021574424338624346,"bolusiob":0}
