{"iob":0.004407555660475425,"activity":-0.0039572753086419745,"bolusiob":0}
