{"iob":-0.05443057858855557,"activity":0.0001971710758377433,"bolusiob":0}
