{"iob":-0.5619968405283333,"activity":-0.004091146384479717,"bolusiob":0}
