{"iob":0.24909616623666664,"activity":-0.0009962962962962963,"bolusiob":0}
