{"iob":0.24870634041013884,"activity":0.0018463051146384475,"bolusiob":0.17946177460000004}
