{"iob":-0.2655003642609984,"activity":-0.0013064639329805987,"bolusiob":0}
