{"iob":-0.17173713599748747,"activity":0.0027186772839506153,"bolusiob":0}
