{"iob":0.2060004276980857,"activity":-0.0001823696296296296,"bolusiob":0}
