{"iob":-0.1511750519766667,"activity":-0.0030247266313932976,"bolusiob":0}
