{"iob":-0.11496897283287563,"activity":-0.0031686771252204577,"bolusiob":0}
