{"iob":-0.16032758332724537,"activity":-0.00093149938271605,"bolusiob":0}
