{"iob":-0.12500009158111114,"activity":-0.0024155731922398593,"bolusiob":0}
