{"iob":-0.03544776061263888,"activity":-0.0004927072310405638,"bolusiob":0}
