{"iob":-0.37314245484700537,"activity":-0.003569488800705467,"bolusiob":0}
