{"iob":-0.24945628671444445,"activity":-0.0014509523809523813,"bolusiob":0}
