{"iob":-0.025422376866557097,"activity":0.0001526895061728388,"bolusiob":0}
