{"iob":-0.4118866860666667,"activity":-0.002824197530864197,"bolusiob":0}
