{"iob":-0.018498774819999984,"activity":-0.001266137566137566,"bolusiob":0}
