{"iob":0.5562005617909722,"activity":-0.000491305114638448,"bolusiob":0}
