{"iob":-0.3422033021644445,"activity":-0.004243500881834215,"bolusiob":0}
