{"iob":-0.2534964120067085,"activity":-0.0012671958553791892,"bolusiob":0}
