{"iob":0.42874970692638875,"activity":0.0032158024691358016,"bolusiob":0}
