{"iob":0.13679372098284648,"activity":0.00459117287477954,"bolusiob":0}
