{"iob":0.1368305288248619,"activity":-0.001336891093474427,"bolusiob":0}
