{"iob":0.3523199492755556,"activity":0.0020797530864197526,"bolusiob":0}
