{"iob":-0.16042733043044446,"activity":0.0019385008818342154,"bolusiob":0}
