{"iob":0.28578570199272435,"activity":0.008780670317460314,"bolusiob":0}
