{"iob":-0.4389276313105556,"activity":-0.0044529805996472655,"bolusiob":0}
