{"iob":-0.07501578235393074,"activity":-0.00018620820105820217,"bolusiob":0}
