{"iob":-0.2841328339393071,"activity":-0.0003489593474426811,"bolusiob":0}
