{"iob":-0.31717091162416666,"activity":-0.00452616402116402,"bolusiob":0}
