{"iob":0.06797671772298103,"activity":0.0036075750793650783,"bolusiob":0}
