{"iob":0.2545592424126272,"activity":0.0016077688712522042,"bolusiob":0}
