{"iob":-0.298565262055,"activity":-0.004441807760141093,"bolusiob":0}
