{"iob":0.9626248714757645,"activity":0.010511984250440915,"bolusiob":0}
