{"iob":-0.12064500069958334,"activity":0.0007005731922398594,"bolusiob":0}
