{"iob":0.38019204010437496,"activity":-0.00008320105820105814,"bolusiob":0}
