{"iob":-0.09756798000000001,"activity":-0.002328042328042328,"bolusiob":0}
