{"iob":0.2541379026769156,"activity":-0.0024280424514991185,"bolusiob":0}
