{"iob":-0.43440447541319444,"activity":-0.004939841269841269,"bolusiob":0}
