{"iob":0.39770502544041664,"activity":-0.0018065432098765418,"bolusiob":0}
