{"iob":-0.3212123347738889,"activity":-0.0015143827160493826,"bolusiob":0}
