{"iob":0.08645310886722224,"activity":-0.0009818165784832443,"bolusiob":0}
