{"iob":0.16806366976607084,"activity":0.0064564107583774235,"bolusiob":0}
