{"iob":-0.3036577641111111,"activity":-0.0017930864197530862,"bolusiob":0}
