{"iob":0.45500547121625,"activity":0.001133835978835979,"bolusiob":0}
