{"iob":-0.012682630990222217,"activity":0.0006671604938271603,"bolusiob":0}
