{"iob":-0.3529373902085362,"activity":-0.001705529188712522,"bolusiob":0}
