{"iob":-0.3792394854162088,"activity":-0.004300890546737213,"bolusiob":0}
