{"iob":-0.017130556063333333,"activity":-0.0010585537918871247,"bolusiob":0}
