{"iob":0.1643549597863854,"activity":0.003161296419753086,"bolusiob":0}
