{"iob":-0.15703595084567545,"activity":0.0015298940564373897,"bolusiob":0}
