{"iob":0.044271012008032046,"activity":-0.00038903007054673757,"bolusiob":0}
