{"iob":0.06496051762830868,"activity":0.0044176808112874775,"bolusiob":0}
