{"iob":-0.0993624129888889,"activity":-0.00010037037037037036,"bolusiob":0}
