{"iob":-0.18035990447666667,"activity":-0.001526701940035273,"bolusiob":0}
