{"iob":0.04749693451029241,"activity":-0.003386930758377425,"bolusiob":0}
