{"iob":0.00036205024236111993,"activity":-0.004290996472663139,"bolusiob":0}
