{"iob":-0.18366060693283492,"activity":-0.003306075749559083,"bolusiob":0}
