{"iob":0.06555192435277776,"activity":-0.0006335185185185185,"bolusiob":0}
