{"iob":0.06752432477458764,"activity":-0.00479723984126984,"bolusiob":0}
