{"iob":-0.14443132055111993,"activity":-0.0031738625573192237,"bolusiob":0}
