{"iob":0.8336370482525689,"activity":0.0061014373015873,"bolusiob":0}
