{"iob":-0.19311431143277777,"activity":0.0018336331569664907,"bolusiob":0}
