{"iob":-0.26762962270495805,"activity":-0.002904311975308642,"bolusiob":0}
