{"iob":-0.23975317392583334,"activity":-0.0025064021164021163,"bolusiob":0}
