{"iob":-0.059800979995,"activity":-0.00023198412698412628,"bolusiob":0}
