{"iob":-0.1660012418095834,"activity":-0.004485405643738977,"bolusiob":0}
