{"iob":-0.25720954904166665,"activity":-0.0038205291005291007,"bolusiob":0}
