{"iob":-0.6385847209616438,"activity":-0.006556446119929452,"bolusiob":0}
