{"iob":-0.12551930540160738,"activity":-0.0030660494708994704,"bolusiob":0}
