{"iob":-0.020640591788804886,"activity":0.0007953879188712526,"bolusiob":0}
