{"iob":-0.2444250807911111,"activity":-0.00048098765432098763,"bolusiob":0}
