{"iob":-0.32541643078864535,"activity":-0.0032723812169312165,"bolusiob":0}
