{"iob":0.15297962806777782,"activity":0.007161587301587302,"bolusiob":0}
