{"iob":0.03946528104134894,"activity":0.005010167425044092,"bolusiob":0}
