{"iob":-0.0772167618546527,"activity":-0.002062063245149912,"bolusiob":0}
