{"iob":0.7470200543027976,"activity":0.004376763756613756,"bolusiob":0}
