{"iob":-0.28891419671499996,"activity":-0.001391640211640211,"bolusiob":0}
