{"iob":-0.4434068840855556,"activity":-0.002649523809523809,"bolusiob":0}
