{"iob":-0.5203145703061111,"activity":-0.004263694885361552,"bolusiob":0}
