{"iob":0.09308391051296436,"activity":-0.00022672827160493856,"bolusiob":0}
