{"iob":0.11056201621145628,"activity":0.0029738096119929455,"bolusiob":0}
