{"iob":-0.45369995656611106,"activity":-0.004114091710758376,"bolusiob":0}
