{"iob":0.22157277299450004,"activity":0.0010166049382716045,"bolusiob":0}
