{"iob":-0.1361751910777778,"activity":-0.0029472310405643737,"bolusiob":0}
