{"iob":-0.0804081589259953,"activity":-0.0005316316578483245,"bolusiob":0}
