{"iob":-0.17618447786361224,"activity":-0.0017064634744268074,"bolusiob":0}
