{"iob":-0.04249773139333335,"activity":-0.001496649029982363,"bolusiob":0}
