{"iob":-0.06290361413500001,"activity":-0.0026478835978835974,"bolusiob":0}
