{"iob":-0.24055316921111114,"activity":-0.0007062962962962961,"bolusiob":0}
