{"iob":-0.04819891840222226,"activity":-0.002141772486772486,"bolusiob":0}
