{"iob":-0.24833191550081052,"activity":-0.0018267281834215166,"bolusiob":0}
