{"iob":-0.2497577966888889,"activity":-0.001355996472663139,"bolusiob":0}
