{"iob":0.4320113925275804,"activity":0.0018063493298059964,"bolusiob":0}
