{"iob":-0.32358088383416667,"activity":-0.002609894179894179,"bolusiob":0}
