{"iob":-0.28380947362515996,"activity":-0.002057760264550264,"bolusiob":0}
