{"iob":-0.0633822712851877,"activity":-0.0030409318342151668,"bolusiob":0}
