{"iob":0.00005386917999998797,"activity":0.00007566137566137575,"bolusiob":0}
