{"iob":-0.4869549262031988,"activity":-0.003194832574955907,"bolusiob":0}
