{"iob":0.6776132041720834,"activity":0.003239611992945327,"bolusiob":0}
