{"iob":-0.06820991339500002,"activity":-0.002167460317460317,"bolusiob":0}
