{"iob":0.33649220049813117,"activity":0.0032183510934744274,"bolusiob":0}
