{"iob":-0.1954635089216667,"activity":-0.002629012345679012,"bolusiob":0}
