{"iob":-0.01231614549333334,"activity":-0.0007749559082892413,"bolusiob":0}
