{"iob":-0.09873282343055556,"activity":0.0000883950617283946,"bolusiob":0}
