{"iob":-0.11929585865030554,"activity":0.0017399982363315702,"bolusiob":0}
