{"iob":0.48249289584,"activity":0.0012069135802469137,"bolusiob":0}
