{"iob":-0.12216158572166669,"activity":-0.0028533509700176363,"bolusiob":0}
