{"iob":-0.011049808935825314,"activity":-0.0008593300705467375,"bolusiob":0}
