{"iob":-0.2546658046645943,"activity":0.0010031656613756618,"bolusiob":0}
