{"iob":-0.2654446043461074,"activity":-0.0009608819223985897,"bolusiob":0}
