{"iob":-0.10376972404722223,"activity":-0.0011099029982363313,"bolusiob":0}
