{"iob":-0.31411219402,"activity":-0.0013729629629629625,"bolusiob":0}
