{"iob":0.29153321190282677,"activity":0.0014401502821869488,"bolusiob":0}
