{"iob":-0.01315416575666668,"activity":-0.0009398589065255728,"bolusiob":0}
