{"iob":0.4264961304488889,"activity":0.002759259259259259,"bolusiob":0}
