{"iob":-0.20066947157961046,"activity":-0.003424832363315696,"bolusiob":0}
