{"iob":-0.3364670772152776,"activity":-0.0037489420634920626,"bolusiob":0}
