{"iob":-0.043495193493333334,"activity":-0.0014098765432098762,"bolusiob":0}
