{"iob":-0.14052281326278845,"activity":0.0020517459435626098,"bolusiob":0}
