{"iob":-0.17048503829522224,"activity":-0.0024777072310405643,"bolusiob":0}
