{"iob":-0.26399817564,"activity":-0.0016096296296296293,"bolusiob":0}
