{"iob":0.04985271558444445,"activity":0.00003172839506172839,"bolusiob":0}
