{"iob":-0.050318766401114545,"activity":0.0011600353968253966,"bolusiob":0}
