{"iob":0.382422833798,"activity":-0.002559947089947089,"bolusiob":0}
