{"iob":0.1506804624458996,"activity":0.0039536597001763665,"bolusiob":0}
