{"iob":-0.48593103105311247,"activity":-0.002442019312169311,"bolusiob":0}
