{"iob":0.04176596869880557,"activity":0.0008184920634920638,"bolusiob":0}
