{"iob":0.3345009242451388,"activity":0.0073756525573192245,"bolusiob":0}
