{"iob":0.1171959996492361,"activity":-0.001775458553791887,"bolusiob":0}
