{"iob":0.00740806277434259,"activity":0.002612839417989416,"bolusiob":0}
