{"iob":0.2679970036229622,"activity":0.002846675608465608,"bolusiob":0}
