{"iob":-0.25284870696119754,"activity":-0.0011725752204585537,"bolusiob":0}
