{"iob":-0.21223617528730407,"activity":-0.0011622752204585537,"bolusiob":0}
