{"iob":-0.2231115881125,"activity":-0.002884603174603174,"bolusiob":0}
