{"iob":-0.23209835622466662,"activity":-0.001493774250440917,"bolusiob":0}
