{"iob":-0.09734309203200012,"activity":-0.006054585537918871,"bolusiob":0}
