{"iob":-0.3663323923666859,"activity":-0.004113306790123457,"bolusiob":0}
