{"iob":-0.01825997733932372,"activity":0.001033994797178131,"bolusiob":0}
