{"iob":-0.37393918401511994,"activity":-0.005266049506172838,"bolusiob":0}
