{"iob":-0.32460044128684895,"activity":-0.003921904885361552,"bolusiob":0}
