{"iob":-0.0654026336038021,"activity":-0.0023481701940035265,"bolusiob":0}
