{"iob":-0.026526791205000004,"activity":-0.0018034832451499115,"bolusiob":0}
