{"iob":0.13706607477249996,"activity":0.00037933862433862513,"bolusiob":0}
