{"iob":-0.15051049731366659,"activity":-0.0036660670194003527,"bolusiob":0}
