{"iob":0.13855892538063896,"activity":-0.0004860582010582012,"bolusiob":0}
