{"iob":-0.3725218493315278,"activity":-0.005665590828924163,"bolusiob":0}
