{"iob":1.0103488256153252,"activity":0.00845280388007055,"bolusiob":0}
