{"iob":0.015834970817268007,"activity":-0.0016033159611992945,"bolusiob":0}
