{"iob":-0.09194998568000001,"activity":-0.0005525925925925926,"bolusiob":0}
