{"iob":-0.16510178205541665,"activity":-0.0013248059964726623,"bolusiob":0}
