{"iob":-0.24340987098000003,"activity":-0.0005144444444444444,"bolusiob":0}
