{"iob":-0.029791784940536838,"activity":0.00025497349206349203,"bolusiob":0}
