{"iob":-0.24850047815215037,"activity":-0.003399400264550264,"bolusiob":0}
