{"iob":-0.2542874145575644,"activity":-0.0019326279894179886,"bolusiob":0}
