{"iob":0.28040152331697743,"activity":-0.0026092504761904755,"bolusiob":0}
