{"iob":0.5575856817252378,"activity":0.01155740738977072,"bolusiob":0}
