{"iob":-0.049477855351111114,"activity":-0.00007135802469135801,"bolusiob":0}
