{"iob":-0.16777037879568402,"activity":-0.0018420666137566135,"bolusiob":0}
