{"iob":0.8336357469961806,"activity":0.007847733686067018,"bolusiob":0}
