{"iob":0.35818291639027783,"activity":0.003422081128747796,"bolusiob":0}
