{"iob":-0.15892979631083262,"activity":-0.006194858818342151,"bolusiob":0}
