{"iob":-0.2514598185186111,"activity":-0.002705008818342151,"bolusiob":0}
