{"iob":-0.1768727696680322,"activity":-0.0012971927336860665,"bolusiob":0}
