{"iob":-0.38807560206362524,"activity":-0.0032087919753086406,"bolusiob":0}
