{"iob":-0.43646705842533345,"activity":-0.005384814814814814,"bolusiob":0}
