{"iob":0.1188646901120054,"activity":-0.0006823028042328041,"bolusiob":0}
