{"iob":-0.1204051149504482,"activity":-0.004165817195767195,"bolusiob":0}
