{"iob":-0.004173505582301826,"activity":0.003435229188712522,"bolusiob":0}
