{"iob":0.9277260364644208,"activity":0.00984657857142857,"bolusiob":0}
