{"iob":-0.29077279994888894,"activity":-0.0006850617283950617,"bolusiob":0}
