{"iob":-0.26882735306888894,"activity":-0.0035507054673721335,"bolusiob":0}
