{"iob":-0.10516565559875002,"activity":-0.002241137566137566,"bolusiob":0}
