{"iob":-0.008971837493333336,"activity":-0.0006691358024691358,"bolusiob":0}
