{"iob":0.3748009529095139,"activity":0.008293994708994711,"bolusiob":0}
