{"iob":0.16113730911360788,"activity":-0.0022876365961199286,"bolusiob":0}
