{"iob":0.025813462578142772,"activity":-0.0008478038977072308,"bolusiob":0}
