{"iob":0.12019651010222217,"activity":-0.002015617283950617,"bolusiob":0}
