{"iob":-0.02389049898414294,"activity":0.0008072309523809523,"bolusiob":0}
