{"iob":-0.03141264113166666,"activity":-0.0010531393298059966,"bolusiob":0}
