{"iob":-0.06516402459111108,"activity":0.0005686948853615521,"bolusiob":0}
