{"iob":-0.10217087642718756,"activity":-0.0026107142857142857,"bolusiob":0}
