{"iob":-0.01081786372008487,"activity":0.002130405731922397,"bolusiob":0}
