{"iob":-0.08387668689333333,"activity":-0.0023664902998236327,"bolusiob":0}
