{"iob":-0.15238463621677434,"activity":-0.002196776895943562,"bolusiob":0}
