{"iob":-0.057141291435833345,"activity":-0.002305908289241622,"bolusiob":0}
