{"iob":0.8923381111496964,"activity":0.011854462186948852,"bolusiob":0}
