{"iob":-0.23573792548333336,"activity":-0.0008161728395061727,"bolusiob":0}
