{"iob":-0.19560716070081305,"activity":-0.004310614832451498,"bolusiob":0}
