{"iob":-0.03739436074763887,"activity":0.0028543827160493825,"bolusiob":0}
