{"iob":-0.1362043305904832,"activity":0.0013292855908289237,"bolusiob":0}
