{"iob":-0.05221616263369075,"activity":-0.002283157054673721,"bolusiob":0}
