{"iob":-0.14831307802000002,"activity":-0.0002050617283950617,"bolusiob":0}
