{"iob":0.299651344413103,"activity":0.0057754760670194,"bolusiob":0}
