{"iob":-0.02871008186302698,"activity":-0.0009899738095238099,"bolusiob":0}
