{"iob":0.0132003429002776,"activity":0.0019323367724867722,"bolusiob":0}
