{"iob":-0.14844595902000002,"activity":-0.00018999999999999996,"bolusiob":0}
