{"iob":0.3382208956985933,"activity":-0.002456340264550264,"bolusiob":0}
