{"iob":0.0074604108200037635,"activity":0.0026148147266313922,"bolusiob":0}
