{"iob":-0.09758529003432853,"activity":0.00027770684303351036,"bolusiob":0}
