{"iob":0.09661043360511119,"activity":0.0002893209876543212,"bolusiob":0}
