{"iob":0.7711594971763334,"activity":0.0053299382716049375,"bolusiob":0}
