{"iob":0.22770300226624998,"activity":-0.002458403880070546,"bolusiob":0}
