{"iob":0.35181476426,"activity":-0.002234003527336861,"bolusiob":0}
