{"iob":-0.3751864008216667,"activity":-0.0036610934744268067,"bolusiob":0}
