{"iob":-0.1358299767034351,"activity":-0.001691658059964727,"bolusiob":0}
