{"iob":-0.0726807595940208,"activity":-0.0033134571781305118,"bolusiob":0}
