{"iob":0.042882235132751696,"activity":0.0016249386419753084,"bolusiob":0}
