{"iob":-0.0004550395049999934,"activity":-0.00013730158730158724,"bolusiob":0}
