{"iob":-0.24421844697777778,"activity":-0.0004938271604938272,"bolusiob":0}
