{"iob":-0.0005074494999999957,"activity":-0.00014550264550264514,"bolusiob":0}
