{"iob":0.14805544466122222,"activity":-0.0000721604938271601,"bolusiob":0}
