{"iob":-0.49939038119554385,"activity":-0.00503322742504409,"bolusiob":0}
