{"iob":-0.28481095164000003,"activity":-0.0009429629629629628,"bolusiob":0}
