{"iob":0.9619728738167013,"activity":0.010583289241622574,"bolusiob":0}
