{"iob":0.007383245337269105,"activity":-0.00047491135802469134,"bolusiob":0}
