{"iob":-0.09542013016,"activity":-0.003010776014109347,"bolusiob":0}
