{"iob":-0.08861126085750001,"activity":-0.002729100529100529,"bolusiob":0}
