{"iob":-0.27944932648201937,"activity":-0.004458668342151674,"bolusiob":0}
