{"iob":0.6868478292730827,"activity":0.005256490881834214,"bolusiob":0}
