{"iob":0.15401719594617547,"activity":0.0022181394532627867,"bolusiob":0}
