{"iob":-0.015502426826527735,"activity":0.001801772486772488,"bolusiob":0}
