{"iob":0.0000014210849999973798,"activity":-0.000023544973544973455,"bolusiob":0}
