{"iob":0.17089027813833335,"activity":-0.004515167548500881,"bolusiob":0}
