{"iob":-0.02717433890493056,"activity":-0.001716516754850088,"bolusiob":0}
