{"iob":-0.0013466131844444354,"activity":-0.0016539506172839503,"bolusiob":0}
