{"iob":0.0382115353561196,"activity":0.005778192486772486,"bolusiob":0}
