{"iob":-0.11814290681111111,"activity":-0.002614638447971781,"bolusiob":0}
