{"iob":0.3810306456016598,"activity":0.0038096384479717796,"bolusiob":0}
