{"iob":-0.3356659235966667,"activity":-0.002046234567901234,"bolusiob":0}
