{"iob":0.5711287474203381,"activity":0.010065291128747794,"bolusiob":0}
