{"iob":-0.18571085634104004,"activity":-0.002875608342151675,"bolusiob":0}
