{"iob":0.3206966242538005,"activity":0.00499310442680776,"bolusiob":0}
