{"iob":0.3285309662691029,"activity":0.005566834091710758,"bolusiob":0}
