{"iob":-0.20441201359069447,"activity":-0.0012859347442680785,"bolusiob":0}
