{"iob":-0.1974231816298611,"activity":-0.0013689682539682537,"bolusiob":0}
