{"iob":-0.1266842395277778,"activity":-0.003056860670194004,"bolusiob":0}
