{"iob":0.2830471499318599,"activity":0.004426578518518519,"bolusiob":0}
