{"iob":-0.16982912435781286,"activity":-0.0013998411463844796,"bolusiob":0}
