{"iob":0.054659482559642814,"activity":0.0013003734567901236,"bolusiob":0}
