{"iob":-0.2830688072213604,"activity":-0.004288403791887125,"bolusiob":0}
