{"iob":-0.23860582614533338,"activity":-0.0023577425044091706,"bolusiob":0}
