{"iob":-0.3473024825,"activity":-0.00372010582010582,"bolusiob":0}
