{"iob":0.14184010835388888,"activity":-0.0018973809523809516,"bolusiob":0}
