{"iob":-0.030307577123333283,"activity":-0.003372910052910052,"bolusiob":0}
