{"iob":-0.23826706074100273,"activity":-0.0015383977072310408,"bolusiob":0}
