{"iob":-0.09718205827611112,"activity":-0.00025191358024691354,"bolusiob":0}
