{"iob":-0.32358599555333334,"activity":-0.0037828924162257496,"bolusiob":0}
