{"iob":0.3361564854757312,"activity":0.0023423192063492058,"bolusiob":0}
