{"iob":0.06627444533107804,"activity":0.002488800440917107,"bolusiob":0}
