{"iob":-0.3341497504555556,"activity":-0.0038776719576719574,"bolusiob":0}
