{"iob":-0.13739999049122717,"activity":-0.0027180421164021153,"bolusiob":0}
