{"iob":0.11047306535063889,"activity":-0.0018782733686067013,"bolusiob":0}
