{"iob":-0.020822628531354193,"activity":-0.0002865520282186951,"bolusiob":0}
