{"iob":-0.014995161178624788,"activity":-0.0036286684656084657,"bolusiob":0}
