{"iob":-0.11638007846875001,"activity":-0.002331613756613757,"bolusiob":0}
