{"iob":-0.06568812250000002,"activity":-0.0019179894179894175,"bolusiob":0}
