{"iob":0.3683392699129169,"activity":0.008767098765432095,"bolusiob":0.056300439599999946}
