{"iob":-0.10197009932462545,"activity":-0.0013517373897707226,"bolusiob":0}
