{"iob":-0.09544544252079767,"activity":-0.001318492239858906,"bolusiob":0}
