{"iob":-0.2076252574416667,"activity":-0.0007927513227513235,"bolusiob":0}
