{"iob":-0.16171214121666666,"activity":-0.0029462257495590826,"bolusiob":0}
