{"iob":-0.33244960624111114,"activity":-0.0017344091710758376,"bolusiob":0}
