{"iob":0.2995747562639863,"activity":0.00020858915343915368,"bolusiob":0}
