{"iob":-0.04739471340444444,"activity":-0.0002167901234567901,"bolusiob":0}
