{"iob":-0.13512401841051433,"activity":0.005361207989417988,"bolusiob":0}
