{"iob":-0.22331242972646528,"activity":-0.0030200179012345677,"bolusiob":0}
