{"iob":-0.36994217683875,"activity":0.00046543209876543073,"bolusiob":0}
