{"iob":-0.27673465229555555,"activity":-0.0010450617283950616,"bolusiob":0}
