{"iob":0.7944812647494205,"activity":0.009946058236331568,"bolusiob":0}
