{"iob":-0.0758519466091667,"activity":-0.0025432980599647266,"bolusiob":0}
