{"iob":0.09212269877444443,"activity":0.005673104056437389,"bolusiob":0}
