{"iob":-0.004553466992535921,"activity":0.00020382954144620844,"bolusiob":0}
