{"iob":-0.41206126856384445,"activity":-0.0007766667901234568,"bolusiob":0}
