{"iob":-0.14145167103444445,"activity":-0.0007413492063492063,"bolusiob":0}
