{"iob":0.14127852086533338,"activity":0.00290299823633157,"bolusiob":0}
