{"iob":0.09749289656134211,"activity":0.004432495714285714,"bolusiob":0}
