{"iob":-0.056240213958333334,"activity":-0.000726349206349206,"bolusiob":0}
