{"iob":-0.30235781258111116,"activity":-0.0006203703703703702,"bolusiob":0}
