{"iob":-0.1052570122494445,"activity":-0.0034979982363315698,"bolusiob":0}
