{"iob":0.19146520045936966,"activity":0.004395194091710759,"bolusiob":0}
