{"iob":-0.24456699164,"activity":-0.0020540740740740736,"bolusiob":0}
