{"iob":-0.417567797898421,"activity":-0.002680617407407407,"bolusiob":0}
