{"iob":0.35712674981281256,"activity":0.008588827160493827,"bolusiob":0}
