{"iob":-0.017194977148333318,"activity":-0.0010461199294532623,"bolusiob":0}
