{"iob":-0.40789387190222226,"activity":-0.00002938271604938312,"bolusiob":0}
