{"iob":-0.2170890792711111,"activity":-0.0014488888888888884,"bolusiob":0}
