{"iob":0.830923629135013,"activity":0.007323924074074073,"bolusiob":0}
