{"iob":-0.1482065821590278,"activity":0.0005485273368606708,"bolusiob":0}
