{"iob":-0.5035259813768559,"activity":-0.003689532663139329,"bolusiob":0}
