{"iob":0.0720845183983334,"activity":0.0031682892416225747,"bolusiob":0}
