{"iob":-0.2948522697179492,"activity":-0.002291891093474427,"bolusiob":0}
