{"iob":0.3439927349854117,"activity":0.0052989157142857134,"bolusiob":0}
