{"iob":-0.013440938544687487,"activity":-0.0009476851851851847,"bolusiob":0}
