{"iob":-0.523781819376347,"activity":-0.005106860582010582,"bolusiob":0}
