{"iob":-0.17852191102057757,"activity":0.003605240652557318,"bolusiob":0}
