{"iob":-0.22927085096388888,"activity":-0.0028497354497354493,"bolusiob":0}
