{"iob":0.6771141063640279,"activity":0.005938130511463844,"bolusiob":0}
