{"iob":-0.5366139529105568,"activity":-0.0037050351851851833,"bolusiob":0}
