{"iob":-0.04034186427141662,"activity":0.0020218765432098765,"bolusiob":0}
