{"iob":0.29062305064391625,"activity":0.000794815185185185,"bolusiob":0}
