{"iob":-0.43985738262913193,"activity":-0.005651252204585539,"bolusiob":0}
