{"iob":0.036902166362900675,"activity":0.0007248766313932981,"bolusiob":0}
