{"iob":-0.1201618878813889,"activity":-0.005148544973544972,"bolusiob":0}
