{"iob":0.03127855454215285,"activity":-0.0024663783068783053,"bolusiob":0}
