{"iob":-0.18376217683833335,"activity":0.0003470987654320986,"bolusiob":0}
