{"iob":0.08273465329298627,"activity":0.0027116402998236333,"bolusiob":0}
