{"iob":0.004814062387948806,"activity":-0.0012192591358024685,"bolusiob":0}
