{"iob":-0.05271307137666666,"activity":-0.0017819841269841265,"bolusiob":0}
