{"iob":-0.06878924311972223,"activity":-0.003292627865961199,"bolusiob":0}
