{"iob":-0.3016988987153334,"activity":-0.0024759259259259257,"bolusiob":0}
