{"iob":-0.19198599507545266,"activity":-0.0012987388888888896,"bolusiob":0}
