{"iob":0.9099655328570044,"activity":0.007354391657848322,"bolusiob":0}
