{"iob":0.6341916910545417,"activity":0.006155890652557319,"bolusiob":0}
