{"iob":-0.25234536460824064,"activity":-0.0014455204938271604,"bolusiob":0}
