{"iob":0.041734990633592886,"activity":-0.0003356348324514987,"bolusiob":0}
