{"iob":0.30295844242671566,"activity":-0.0009323364902998233,"bolusiob":0}
