{"iob":0.08222937256055549,"activity":-0.0009323633156966484,"bolusiob":0}
