{"iob":-0.4976276843670834,"activity":-0.005886552028218694,"bolusiob":0}
