{"iob":-0.1909657146888889,"activity":-0.002794268077601411,"bolusiob":0}
