{"iob":0.36739357741510287,"activity":0.001212557407407407,"bolusiob":0}
