{"iob":-0.2869557450586211,"activity":-0.0030165874250440913,"bolusiob":0}
