{"iob":-0.33521511208000004,"activity":-0.0015137037037037037,"bolusiob":0}
