{"iob":-0.4773508061716667,"activity":-0.004044673721340388,"bolusiob":0}
