{"iob":0.6540623478344209,"activity":0.011241411022927687,"bolusiob":0}
