{"iob":-0.371196285050742,"activity":-0.0020691360670194005,"bolusiob":0}
