{"iob":-0.22823107186039454,"activity":-0.0012063402645502638,"bolusiob":0}
