{"iob":-0.3284699412983334,"activity":-0.004219638447971781,"bolusiob":0}
