{"iob":-0.09932846068444445,"activity":-0.0001039506172839506,"bolusiob":0}
