{"iob":0.07891923828243622,"activity":-0.0036914549382716043,"bolusiob":0}
