{"iob":-0.2889765890056321,"activity":-0.003783752292768959,"bolusiob":0}
