{"iob":0.01711086981454666,"activity":-0.004459744056437389,"bolusiob":0}
