{"iob":-0.19686445499611116,"activity":-0.005873253968253968,"bolusiob":0}
