{"iob":0.034107340313595774,"activity":0.006649039082892414,"bolusiob":0}
