{"iob":-0.08726945221972225,"activity":-0.0007785978835978835,"bolusiob":0}
