{"iob":-0.24604138427004266,"activity":0.001265447283950617,"bolusiob":0}
