{"iob":0.29196905220222225,"activity":-0.0019895167548500876,"bolusiob":0}
