{"iob":-0.12274488424944449,"activity":-0.003725511463844797,"bolusiob":0}
