{"iob":0.3033195111073612,"activity":0.005253077601410934,"bolusiob":0}
