{"iob":0.6439922017837832,"activity":0.0029146297178130505,"bolusiob":0}
