{"iob":0.051086961229938416,"activity":0.0015501238271604938,"bolusiob":0}
