{"iob":-0.5008152231672223,"activity":-0.00397563492063492,"bolusiob":0}
