{"iob":-0.1614659687698611,"activity":-0.0015478571428571427,"bolusiob":0}
