{"iob":-0.3350018946405556,"activity":-0.001006975308641975,"bolusiob":0}
