{"iob":0.11452053825457123,"activity":0.005070352610229278,"bolusiob":0}
