{"iob":0.25521707420033335,"activity":0.0005439188712522049,"bolusiob":0}
