{"iob":0.21375747680000004,"activity":0.004212910052910053,"bolusiob":0}
