{"iob":-0.2705752874777778,"activity":-0.002531234567901234,"bolusiob":0}
