{"iob":-0.14190167767902573,"activity":-0.001374162433862434,"bolusiob":0}
