{"iob":0.23235641846750002,"activity":0.0009451587301587303,"bolusiob":0}
