{"iob":-0.09031540787302084,"activity":-0.002059779541446207,"bolusiob":0}
