{"iob":-0.44639861124736113,"activity":-0.002948086419753087,"bolusiob":0}
