{"iob":-0.1658056773222668,"activity":-0.0002298943562610226,"bolusiob":0}
