{"iob":0.18427349532257511,"activity":0.005510844673721339,"bolusiob":0}
