{"iob":0.02360459748222222,"activity":-0.0032844797178130506,"bolusiob":0}
