{"iob":-0.31543828181762046,"activity":-0.0035089946208112874,"bolusiob":0}
