{"iob":-0.02858114593041666,"activity":-0.00039528218694885283,"bolusiob":0}
