{"iob":-0.20055275508855558,"activity":-0.0005104409171075839,"bolusiob":0}
