{"iob":0.08766625372311115,"activity":0.0004617989417989423,"bolusiob":0}
