{"iob":-0.12282327837111115,"activity":-0.002243086419753086,"bolusiob":0}
