{"iob":-0.12416542682403839,"activity":-0.002733685679012345,"bolusiob":0}
