{"iob":0.0624235860006945,"activity":0.0016642945326278665,"bolusiob":0}
