{"iob":-0.06546162307220295,"activity":0.00018146375661375644,"bolusiob":0}
