{"iob":-0.21846020298250005,"activity":-0.0034201058201058197,"bolusiob":0}
