{"iob":-0.26833844999208334,"activity":-0.004980467372134039,"bolusiob":0}
