{"iob":-0.28325116616597223,"activity":-0.0022305114638447965,"bolusiob":0}
