{"iob":0.84721518138331,"activity":0.009926015996472663,"bolusiob":0}
