{"iob":-0.3472595901066666,"activity":-0.0035434567901234566,"bolusiob":0}
