{"iob":0.2637922507433023,"activity":-0.001936190599647265,"bolusiob":0}
