{"iob":-0.05034044071828709,"activity":-0.0031044090828924167,"bolusiob":0}
