{"iob":-0.1417703365566667,"activity":-0.003010599647266314,"bolusiob":0}
