{"iob":-0.058054822244791665,"activity":-0.0023106261022927685,"bolusiob":0}
