{"iob":0.6840195718494999,"activity":0.007384664902998235,"bolusiob":0}
