{"iob":0.04003837352505249,"activity":-0.0018335981481481483,"bolusiob":0}
