{"iob":-0.23504118152388886,"activity":-0.0026673544973544972,"bolusiob":0}
