{"iob":-0.06341131346555554,"activity":-0.0006434744268077595,"bolusiob":0}
