{"iob":0.07965186302950528,"activity":0.0071109964726631366,"bolusiob":0}
