{"iob":0.35612536044847226,"activity":-0.001610432098765432,"bolusiob":0}
