{"iob":0.03347920647722223,"activity":0.0006982098765432097,"bolusiob":0}
