{"iob":0.44897092589672216,"activity":0.001816604938271605,"bolusiob":0}
