{"iob":-0.33600044769381776,"activity":0.002407469012345679,"bolusiob":0}
