{"iob":0.2673277733655556,"activity":-0.003939938271604939,"bolusiob":0}
