{"iob":0.012645008495248447,"activity":0.002998130599647266,"bolusiob":0}
