{"iob":-0.0563331373970833,"activity":0.0038143121693121683,"bolusiob":0}
