{"iob":-0.09937381307777779,"activity":-0.0000991358024691358,"bolusiob":0}
