{"iob":-0.19368455474222224,"activity":-0.003028835978835979,"bolusiob":0}
