{"iob":0.531081856100889,"activity":0.007145176366843033,"bolusiob":0}
