{"iob":0.008794021483333326,"activity":0.0009902998236331565,"bolusiob":0}
