{"iob":-0.1495259790022222,"activity":0.001894074074074075,"bolusiob":0}
