{"iob":0.11383468086533338,"activity":0.0026913580246913584,"bolusiob":0}
