{"iob":-0.37201490865042897,"activity":-0.0046921606172839496,"bolusiob":0}
