{"iob":0.012313267150443827,"activity":-0.00391860631393298,"bolusiob":0}
