{"iob":0.13227413596303628,"activity":0.00369378315696649,"bolusiob":0}
