{"iob":-0.21319642550398077,"activity":-0.003719814902998236,"bolusiob":0}
