{"iob":0.6231172647178056,"activity":0.010134171075837743,"bolusiob":0}
