{"iob":-0.19682335562319447,"activity":0.0001711816578483249,"bolusiob":0}
