{"iob":-0.017542287994782302,"activity":-0.00015970005291005273,"bolusiob":0}
