{"iob":0.14433440325,"activity":-0.004349074074074074,"bolusiob":0}
