{"iob":-0.10413922128611111,"activity":0.00008574074074074072,"bolusiob":0}
