{"iob":0.1970988389294444,"activity":-0.0031369047619047613,"bolusiob":0}
