{"iob":-0.21191077199180564,"activity":-0.004902513227513227,"bolusiob":0}
