{"iob":-0.43874036218333334,"activity":-0.0019417283950617285,"bolusiob":0}
