{"iob":0.24414085235944438,"activity":-0.0017082010582010572,"bolusiob":0}
