{"iob":-0.5170940849813012,"activity":-0.005192010582010581,"bolusiob":0}
