{"iob":-0.25295719257114047,"activity":-0.0030577247795414457,"bolusiob":0}
