{"iob":0.30013903919586116,"activity":0.003297310405643739,"bolusiob":0}
