{"iob":-0.2687914739132104,"activity":-0.004596102204585537,"bolusiob":0}
