{"iob":0.23147772377222214,"activity":-0.003612407407407407,"bolusiob":0}
