{"iob":-0.3929516007931754,"activity":-0.004629083015873015,"bolusiob":0}
