{"iob":0.00620453317652251,"activity":0.002075352839506172,"bolusiob":0}
