{"iob":0.07078715525180554,"activity":0.0013453880070546742,"bolusiob":0}
