{"iob":-0.07381446618597223,"activity":0.000003165784832451755,"bolusiob":0}
