{"iob":0.9706375079053912,"activity":0.007840017760141092,"bolusiob":0}
