{"iob":-0.10682476855953996,"activity":0.004430784708994708,"bolusiob":0}
