{"iob":-0.2727075062996773,"activity":-0.001717742716049383,"bolusiob":0}
