{"iob":-0.22456954494444445,"activity":-0.0013006172839506171,"bolusiob":0}
