{"iob":-0.32476654938666666,"activity":-0.00132,"bolusiob":0}
