{"iob":-0.19399328364722224,"activity":-0.0005038888888888889,"bolusiob":0}
