{"iob":-0.26422217655533337,"activity":-0.002460229276895943,"bolusiob":0}
