{"iob":0.18978431864,"activity":-0.0006641269841269834,"bolusiob":0}
