{"iob":0.2332996052841406,"activity":0.0055317904938271606,"bolusiob":0}
