{"iob":-0.5601384758979031,"activity":-0.004925035273368605,"bolusiob":0}
