{"iob":-0.2538115016563889,"activity":0.00033516754850088207,"bolusiob":0}
