{"iob":-0.3075799251125915,"activity":-0.004306163932980598,"bolusiob":0}
