{"iob":0.16178413037184547,"activity":-0.003051842910052909,"bolusiob":0}
