{"iob":-0.11688417997450001,"activity":0.0006217460317460323,"bolusiob":0}
