{"iob":0.07929686578421691,"activity":-0.0012764729276895947,"bolusiob":0}
