{"iob":0.11545359934222217,"activity":0.0011836155202821867,"bolusiob":0}
