{"iob":-0.19176447099977778,"activity":-0.0024180776014109343,"bolusiob":0}
