{"iob":-0.11213573543901956,"activity":-0.0001199822398589067,"bolusiob":0}
