{"iob":-0.020592361493333336,"activity":-0.0009865961199294533,"bolusiob":0}
