{"iob":-0.06422891802596789,"activity":-0.00037664911816578456,"bolusiob":0}
