{"iob":-0.05452582621893785,"activity":-0.0014112520811287474,"bolusiob":0}
