{"iob":-0.014381322004687502,"activity":-0.0005091269841269845,"bolusiob":0}
