{"iob":-0.2425586071538889,"activity":-0.0005687037037037038,"bolusiob":0}
