{"iob":-0.14232404345555558,"activity":-0.0019481305114638443,"bolusiob":0}
