{"iob":-0.02197165770166667,"activity":-0.0010507054673721337,"bolusiob":0}
