{"iob":0.24752105170000002,"activity":0.00031666666666666665,"bolusiob":0}
