{"iob":0.41672930777062506,"activity":0.00846791005291005,"bolusiob":0}
