{"iob":0.5747527402554863,"activity":0.000803853615520282,"bolusiob":0}
