{"iob":-0.08918694033348516,"activity":-0.0012483158730158728,"bolusiob":0}
