{"iob":0.6336422799073196,"activity":0.005419777777777778,"bolusiob":0}
