{"iob":-0.15467647447398283,"activity":-0.0006278661728395057,"bolusiob":0}
