{"iob":-0.05814795412666668,"activity":-0.001621869488536155,"bolusiob":0}
