{"iob":-0.18763561693888892,"activity":0.0028748853615520272,"bolusiob":0}
