{"iob":-0.1870685760053472,"activity":-0.0005564373897707231,"bolusiob":0}
