{"iob":-0.16874290336833336,"activity":-0.0027497178130511464,"bolusiob":0}
