{"iob":0.38030305752308335,"activity":0.0022144708994708993,"bolusiob":0}
