{"iob":-0.11588676109300004,"activity":-0.00029218694885361563,"bolusiob":0}
