{"iob":-0.3593079046927419,"activity":-0.0023776898589065263,"bolusiob":0}
