{"iob":0.197717341399,"activity":-0.00043092592592592477,"bolusiob":0}
