{"iob":0.36481018725000003,"activity":-0.0009777777777777773,"bolusiob":0}
