{"iob":-0.19959681440394889,"activity":0.0026682979717813048,"bolusiob":0}
