{"iob":0.7133352440344704,"activity":0.007340149947089947,"bolusiob":0}
