{"iob":-0.20067455616204866,"activity":-0.001894523809523809,"bolusiob":0}
