{"iob":0.3059327561277778,"activity":-0.0012880335097001764,"bolusiob":0}
