{"iob":-0.04114098084805556,"activity":-0.0011072398589065254,"bolusiob":0}
