{"iob":-0.2967855346069083,"activity":-0.003881860582010583,"bolusiob":0}
