{"iob":-0.33459534374088895,"activity":-0.0028859611992945317,"bolusiob":0}
