{"iob":0.400699379365,"activity":0.009020934744268076,"bolusiob":0}
