{"iob":0.038823733371292406,"activity":-0.0023927685008818347,"bolusiob":0}
