{"iob":0.7664310935975318,"activity":0.011063245238095237,"bolusiob":0}
