{"iob":0.18324461553928945,"activity":-0.0024878925044091713,"bolusiob":0}
