{"iob":-0.21025577076293336,"activity":-0.0011434215167548504,"bolusiob":0}
