{"iob":-0.3759612502133333,"activity":-0.002490617283950617,"bolusiob":0}
