{"iob":-0.14843159119469207,"activity":-0.00038597007054673747,"bolusiob":0}
