{"iob":-0.36486373344944456,"activity":-0.002411604938271606,"bolusiob":0}
