{"iob":-0.14002117866000002,"activity":-0.0022230687830687825,"bolusiob":0}
