{"iob":-0.02340861940375,"activity":0.00007037037037037016,"bolusiob":0}
