{"iob":-0.07284284813875,"activity":-0.0021564814814814814,"bolusiob":0}
