{"iob":0.2791131394079336,"activity":0.002810099753086419,"bolusiob":0}
