{"iob":-0.4593536417065278,"activity":-0.005894373897707231,"bolusiob":0}
