{"iob":0.118635538160811,"activity":0.0013103351851851855,"bolusiob":0}
