{"iob":-0.27626295372200005,"activity":-0.0009218342151675483,"bolusiob":0}
