{"iob":0.8731933520486375,"activity":0.010213139329805995,"bolusiob":0}
