{"iob":0.19872950547387497,"activity":0.004178800705467373,"bolusiob":0}
