{"iob":-0.2592811148761111,"activity":0.0012908641975308635,"bolusiob":0}
