{"iob":-0.4220540609736737,"activity":-0.0029175396825396826,"bolusiob":0}
