{"iob":-0.08539921448770839,"activity":-0.001637627865961199,"bolusiob":0}
