{"iob":-0.2813477558822223,"activity":-0.0010717283950617284,"bolusiob":0}
