{"iob":-0.2976402457154685,"activity":-0.0019369842151675484,"bolusiob":0}
