{"iob":-0.13286211798055558,"activity":-0.002546543209876543,"bolusiob":0}
