{"iob":-0.20212611040842066,"activity":-0.0030938886243386237,"bolusiob":0}
