{"iob":-0.341359541027132,"activity":-0.005811604638447971,"bolusiob":0}
