{"iob":0.2739149812862501,"activity":0.00873888007054674,"bolusiob":0.027002759600000037}
