{"iob":-0.48090753280444454,"activity":-0.0029765079365079356,"bolusiob":0}
