{"iob":-0.15872661106966668,"activity":-0.0005632980599647265,"bolusiob":0}
