{"iob":-0.2554485876011111,"activity":-0.0004229629629629628,"bolusiob":0}
