{"iob":-0.013475613078847364,"activity":0.0008329628747795409,"bolusiob":0}
