{"iob":-0.03293196300152778,"activity":-0.000497786596119929,"bolusiob":0}
