{"iob":-0.36443234276784514,"activity":-0.003267489682539682,"bolusiob":0}
