{"iob":-0.14481512528399715,"activity":-0.0026623719223985882,"bolusiob":0}
