{"iob":-0.2444585218272863,"activity":-0.0037498149029982363,"bolusiob":0}
