{"iob":-0.04222439412881928,"activity":-0.00029052019400352776,"bolusiob":0}
