{"iob":-0.12305679462083338,"activity":-0.0029035273368606704,"bolusiob":0}
