{"iob":-0.20216237983444446,"activity":-0.002245590828924162,"bolusiob":0}
