{"iob":-0.28215761503222225,"activity":-0.0032934038800705467,"bolusiob":0}
