{"iob":0.2579510621284722,"activity":0.0012922486772486766,"bolusiob":0.22570385460000006}
