{"iob":-0.20014209269468752,"activity":-0.0014285273368606704,"bolusiob":0}
