{"iob":-0.41279775011200004,"activity":-0.0026998412698412693,"bolusiob":0}
