{"iob":-0.3333683623259518,"activity":-0.0020137266137566136,"bolusiob":0}
