{"iob":-0.07805734220585293,"activity":-0.004335484779541445,"bolusiob":0}
