{"iob":-0.2562364530702778,"activity":-0.0026791269841269835,"bolusiob":0}
