{"iob":-0.12107694905174907,"activity":-0.0009033776014109349,"bolusiob":0}
