{"iob":-0.2427703411394098,"activity":0.00315247795414462,"bolusiob":0}
