{"iob":-0.44197391253500007,"activity":-0.005534223985890652,"bolusiob":0}
