{"iob":-0.28057152352111114,"activity":-0.0010348148148148148,"bolusiob":0}
