{"iob":-0.23962661129611112,"activity":-0.0006641358024691358,"bolusiob":0}
