{"iob":-0.012733873548333337,"activity":-0.000881569664902998,"bolusiob":0}
