{"iob":0.5498205843689721,"activity":0.0026054850088183417,"bolusiob":0}
