{"iob":0.12000116752085459,"activity":0.0019167282716049388,"bolusiob":0}
