{"iob":0.3214529488661111,"activity":-0.0002216666666666668,"bolusiob":0}
