{"iob":-0.27019766390259514,"activity":-0.0037667108465608465,"bolusiob":0}
