{"iob":-0.04418905803659724,"activity":0.004934488536155201,"bolusiob":0}
