{"iob":-0.40269191007426697,"activity":-0.00424105811287478,"bolusiob":0}
