{"iob":-0.05087080355376387,"activity":0.0002134303350970019,"bolusiob":0}
