{"iob":-0.30450751128036047,"activity":-0.0044471339506172835,"bolusiob":0}
