{"iob":-0.2098951706342007,"activity":-0.0026961993827160488,"bolusiob":0}
