{"iob":0.06838070632583337,"activity":-0.0031890476190476183,"bolusiob":0}
