{"iob":-0.24962478612486994,"activity":0.0012727600176366848,"bolusiob":0}
