{"iob":-0.4744994272583334,"activity":-0.002900802469135802,"bolusiob":0}
