{"iob":-0.22176013733820898,"activity":-0.002784744144620811,"bolusiob":0}
