{"iob":0.15078725882277777,"activity":-0.0026479894179894173,"bolusiob":0}
