{"iob":-0.3842534975911111,"activity":-0.003980670194003527,"bolusiob":0}
