{"iob":-0.23926442272417042,"activity":-0.002986525485008818,"bolusiob":0}
