{"iob":0.20303584017675078,"activity":-0.0004993917989417992,"bolusiob":0}
