{"iob":-0.10068673799655553,"activity":0.0020489841269841266,"bolusiob":0}
