{"iob":-0.06049115026444445,"activity":-0.00316395061728395,"bolusiob":0}
