{"iob":0.005513886816666647,"activity":0.0007557319223985884,"bolusiob":0}
