{"iob":-0.2304991421276389,"activity":-0.000950132275132275,"bolusiob":0}
