{"iob":-0.31472436515611113,"activity":-0.0017646208112874772,"bolusiob":0}
