{"iob":-0.442563247529064,"activity":-0.001748121781305115,"bolusiob":0}
