{"iob":0.13577228210085393,"activity":-0.0023411989241622568,"bolusiob":0}
