{"iob":0.5620772626775833,"activity":0.00613258377425044,"bolusiob":0}
