{"iob":-0.025588191687027112,"activity":0.00003602283950617267,"bolusiob":0}
