{"iob":-0.2979636785038889,"activity":-0.0022168430335097,"bolusiob":0}
