{"iob":-0.23734413309027783,"activity":-0.0027958553791887124,"bolusiob":0}
