{"iob":0.3273126788985745,"activity":-0.0013940650440917113,"bolusiob":0}
