{"iob":-0.18391244416499994,"activity":0.0021602998236331565,"bolusiob":0}
