{"iob":0.5295055637949835,"activity":0.006500626102292768,"bolusiob":0}
