{"iob":0.23508056045000006,"activity":0.004207460317460317,"bolusiob":0}
