{"iob":0.21057806386550415,"activity":-0.0022722487125220454,"bolusiob":0}
