{"iob":0.49360638828468634,"activity":0.0026456967372134044,"bolusiob":0}
