{"iob":-0.23130277328376067,"activity":-0.0013991183774250439,"bolusiob":0}
