{"iob":-0.22338615053353408,"activity":-0.00263757504409171,"bolusiob":0}
