{"iob":-0.21223012208000003,"activity":-0.0016275132275132274,"bolusiob":0}
