{"iob":0.3441685132622222,"activity":0.0022160493827160493,"bolusiob":0}
