{"iob":-0.19265271196703915,"activity":0.0005204317460317451,"bolusiob":0}
