{"iob":-0.21962858455077777,"activity":-0.0020136578483245147,"bolusiob":0}
