{"iob":0.14827522005333335,"activity":0.00021185185185185185,"bolusiob":0}
