{"iob":-0.009109442461111047,"activity":0.0030350793650793643,"bolusiob":0}
