{"iob":-0.24134532498521782,"activity":-0.00434205467372134,"bolusiob":0}
