{"iob":0.3714276739181346,"activity":-0.000657151798941799,"bolusiob":0}
