{"iob":0.30015882122376625,"activity":-0.002068130423280422,"bolusiob":0}
