{"iob":-0.023831623417083357,"activity":0.00002345679012345645,"bolusiob":0}
