{"iob":0.02779217884611699,"activity":0.0023906967548500873,"bolusiob":0}
