{"iob":-0.12561696277708237,"activity":-0.0006466051146384482,"bolusiob":0}
