{"iob":0.8691801827642256,"activity":0.009533280370370368,"bolusiob":0}
