{"iob":0.4742739937527778,"activity":0.008193915343915344,"bolusiob":0}
