{"iob":-0.30880549681736114,"activity":-0.0012100793650793651,"bolusiob":0}
