{"iob":0.055610649415694456,"activity":0.0045903615520282185,"bolusiob":0}
