{"iob":-0.145214633655,"activity":-0.0007428042328042327,"bolusiob":0}
