{"iob":0.1819384759203646,"activity":0.005840233686067018,"bolusiob":0}
