{"iob":0.5100282147411667,"activity":0.002975557319223985,"bolusiob":0}
