{"iob":-0.009119211148333323,"activity":-0.0007286596119929447,"bolusiob":0}
