{"iob":-0.11536863083641573,"activity":-0.0011414728395061722,"bolusiob":0}
