{"iob":0.08173774219222224,"activity":0.00021566137566137562,"bolusiob":0}
