{"iob":-0.03433597177597216,"activity":0.000996622574955908,"bolusiob":0}
