{"iob":0.36468621275125,"activity":-0.0005759700176366841,"bolusiob":0}
