{"iob":-0.226359894317859,"activity":-0.003780717195767195,"bolusiob":0}
