{"iob":-0.2556902636727741,"activity":-0.0013154145502645496,"bolusiob":0}
