{"iob":-0.17127646002641,"activity":0.001998976754850088,"bolusiob":0}
