{"iob":-0.10022912628245759,"activity":-0.00035215172839506197,"bolusiob":0}
