{"iob":-0.12864988083051102,"activity":-0.0020716226984126983,"bolusiob":0}
