{"iob":0.030680184563561252,"activity":-0.003644461622574956,"bolusiob":0}
