{"iob":-0.17351586015778295,"activity":-0.0003577073192239861,"bolusiob":0}
