{"iob":0.9032200781038889,"activity":0.008752345679012341,"bolusiob":0}
