{"iob":-0.20890139686722226,"activity":-0.0003356966490299829,"bolusiob":0}
