{"iob":-0.05914894411111108,"activity":-0.001598765432098765,"bolusiob":0}
