{"iob":-0.2554416572544445,"activity":-0.0010225220458553795,"bolusiob":0}
