{"iob":-0.028693750622777785,"activity":-0.0006233333333333336,"bolusiob":0}
