{"iob":-0.2524071415372222,"activity":-0.0012761375661375655,"bolusiob":0}
