{"iob":-0.02961722447687499,"activity":-0.0021246119929453264,"bolusiob":0}
