{"iob":0.24340050024366278,"activity":0.0037566078659611994,"bolusiob":0}
