{"iob":0.07573282691333333,"activity":0.0008685361552028219,"bolusiob":0}
