{"iob":0.03581496589199999,"activity":0.001828571428571428,"bolusiob":0}
