{"iob":0.14924518962,"activity":0.0001233333333333333,"bolusiob":0}
