{"iob":-0.18656590600342293,"activity":-0.0025243828042328035,"bolusiob":0}
