{"iob":-0.20650389519333345,"activity":-0.004279241622574956,"bolusiob":0}
