{"iob":-0.24351033594407992,"activity":-0.0005514816049382715,"bolusiob":0}
