{"iob":-0.2969426593564738,"activity":-0.0031090651675484996,"bolusiob":0}
