{"iob":-0.19683781700444444,"activity":-0.00031753086419753076,"bolusiob":0}
