{"iob":0.29024606250345625,"activity":0.0011960318342151672,"bolusiob":0}
