{"iob":-0.12634782010326198,"activity":-0.001596084920634921,"bolusiob":0}
