{"iob":0.6241684556569937,"activity":0.007793730194003528,"bolusiob":0}
