{"iob":-0.09150195842352346,"activity":-0.004321490388007055,"bolusiob":0}
