{"iob":0.04693792254312292,"activity":0.0022147267195767196,"bolusiob":0}
