{"iob":-0.027247381930555585,"activity":-0.0003001410934744269,"bolusiob":0}
