{"iob":-0.018165546099791652,"activity":-0.001145282186948853,"bolusiob":0}
