{"iob":0.3057612349588268,"activity":-0.000036040194003527395,"bolusiob":0}
