{"iob":-0.027446980632748048,"activity":0.000038443738977072715,"bolusiob":0}
