{"iob":-0.07641225399388886,"activity":-0.0009744444444444438,"bolusiob":0}
