{"iob":-0.0696239829669946,"activity":0.002908377248677248,"bolusiob":0}
