{"iob":0.05257189062585578,"activity":0.0028742946384479706,"bolusiob":0}
