{"iob":-0.15787854966,"activity":-0.004812504409171076,"bolusiob":0}
