{"iob":0.11989540600647124,"activity":0.002758024567901235,"bolusiob":0}
