{"iob":0.9416708767533807,"activity":0.011362865873015871,"bolusiob":0}
