{"iob":-0.24425948268597225,"activity":-0.0023521516754850084,"bolusiob":0}
