{"iob":0.05468767230888889,"activity":-0.00019049382716049377,"bolusiob":0}
