{"iob":-0.19021730053399288,"activity":-0.0034989331922398582,"bolusiob":0}
