{"iob":-0.2770725932170268,"activity":-0.0012128662610229274,"bolusiob":0}
