{"iob":-0.11824228561537847,"activity":0.002781357936507936,"bolusiob":0}
