{"iob":-0.3241248874611111,"activity":-0.0012907407407407407,"bolusiob":0}
