{"iob":0.10463019595444442,"activity":-0.0038753086419753085,"bolusiob":0}
