{"iob":0.05486126939199999,"activity":0.0021116402116402116,"bolusiob":0}
