{"iob":-0.13404530932791828,"activity":-0.0007933733686067016,"bolusiob":0}
