{"iob":-0.04454682558078925,"activity":-0.0001965695767195758,"bolusiob":0}
