{"iob":-0.19937161734138892,"activity":-0.003815255731922398,"bolusiob":0}
