{"iob":0.18619444626508347,"activity":-0.0007909611992945324,"bolusiob":0}
