{"iob":-0.016927641512326397,"activity":0.000659400352733687,"bolusiob":0}
