{"iob":-0.03489856452977779,"activity":-0.00462984126984127,"bolusiob":0}
