{"iob":-0.361785923922153,"activity":-0.004008448059964725,"bolusiob":0}
