{"iob":-0.10469943423755554,"activity":-0.003012645502645502,"bolusiob":0}
