{"iob":-0.4065483847455556,"activity":-0.0019169135802469136,"bolusiob":0}
