{"iob":-0.24442194800097222,"activity":-0.0017983686067019398,"bolusiob":0}
