{"iob":-0.028053539479583355,"activity":0.000494541446208113,"bolusiob":0}
