{"iob":0.040132634697605404,"activity":-0.003507213386243386,"bolusiob":0}
