{"iob":0.42019311264705095,"activity":0.010326719135802466,"bolusiob":0}
