{"iob":-0.14844186301333334,"activity":-0.00019037037037037034,"bolusiob":0}
