{"iob":0.6654161694007931,"activity":0.011771499100529098,"bolusiob":0}
