{"iob":-0.25738744075244446,"activity":-0.0022307583774250437,"bolusiob":0}
