{"iob":-0.2603679264041111,"activity":-0.0018336860670194,"bolusiob":0}
