{"iob":-0.20448932837811112,"activity":-0.0003535714285714285,"bolusiob":0}
