{"iob":-0.3185888854483334,"activity":-0.003885890652557319,"bolusiob":0}
