{"iob":-0.20229706803388892,"activity":-0.0007753791887125219,"bolusiob":0}
