{"iob":-0.06518657574708332,"activity":0.0013743827160493827,"bolusiob":0}
