{"iob":-0.013324802092567874,"activity":0.0007832893298059969,"bolusiob":0}
