{"iob":-0.23604567898666662,"activity":-0.0042059259259259255,"bolusiob":0}
