{"iob":0.012689341439583373,"activity":0.0041386860670194,"bolusiob":0}
