{"iob":0.27876113510694445,"activity":-0.0008566578483245142,"bolusiob":0}
