{"iob":0.11852186813773971,"activity":0.004898512028218693,"bolusiob":0}
