{"iob":-0.17714441854041668,"activity":-0.0034594620811287478,"bolusiob":0}
