{"iob":-0.19575888296000002,"activity":-0.0003718518518518518,"bolusiob":0}
