{"iob":-0.19429261366212952,"activity":-0.0016065610582010584,"bolusiob":0}
