{"iob":-0.05054390149333335,"activity":-0.0015156966490299823,"bolusiob":0}
