{"iob":0.00281269999999999,"activity":0.0005079365079365075,"bolusiob":0}
