{"iob":0.5018453470103336,"activity":0.006745546737213404,"bolusiob":0}
