{"iob":-0.04985187704,"activity":-0.000031851851851851845,"bolusiob":0}
