{"iob":0.2409295306892712,"activity":0.003057928059964726,"bolusiob":0}
