{"iob":0.6331729673319445,"activity":0.004763950617283951,"bolusiob":0}
