{"iob":-0.25488394117277785,"activity":-0.0015561111111111114,"bolusiob":0}
