{"iob":-0.1920442311861325,"activity":0.0017452202821869477,"bolusiob":0}
