{"iob":-0.02432713613275049,"activity":-0.0009872659435626097,"bolusiob":0}
