{"iob":0.07044775688996045,"activity":0.0017525484126984124,"bolusiob":0}
