{"iob":-0.14877206687602573,"activity":-0.0012178132275132273,"bolusiob":0}
