{"iob":-0.1842163082559722,"activity":-0.0020543474426807755,"bolusiob":0}
