{"iob":0.09728206559077301,"activity":-0.0032225660493827154,"bolusiob":0}
