{"iob":0.11994361353483021,"activity":-0.001766596031746031,"bolusiob":0}
