{"iob":-0.1380270806724685,"activity":-0.0007881570546737207,"bolusiob":0}
