{"iob":0.06915217999053153,"activity":-0.0020733863315696636,"bolusiob":0}
