{"iob":-0.03663043172926667,"activity":-0.0011471075837742504,"bolusiob":0}
