{"iob":0.71819361342,"activity":0.003623827160493827,"bolusiob":0}
