{"iob":-0.10349573039500004,"activity":-0.0027230158730158728,"bolusiob":0}
