{"iob":-0.020861316020033993,"activity":0.0037544355379188713,"bolusiob":0}
