{"iob":0.4277699538982412,"activity":0.00044884500881834294,"bolusiob":0}
