{"iob":-0.11654936922931936,"activity":-0.0021370367901234577,"bolusiob":0}
