{"iob":-0.12308418223513885,"activity":0.000489638447971782,"bolusiob":0}
