{"iob":-0.34235558648975845,"activity":-0.002109973633156966,"bolusiob":0}
