{"iob":-0.01274673894833333,"activity":-0.0008868606701940033,"bolusiob":0}
