{"iob":-0.0698534475876389,"activity":0.0009148589065255734,"bolusiob":0}
