{"iob":-0.16400431702541665,"activity":-0.002538968253968254,"bolusiob":0}
