{"iob":-0.2982176673384407,"activity":-0.0014985891534391531,"bolusiob":0}
