{"iob":-0.2243792961866667,"activity":-0.001262469135802469,"bolusiob":0}
