{"iob":-0.2489845367788445,"activity":-0.004388571428571428,"bolusiob":0}
