{"iob":0.34836551375331765,"activity":-0.0020344884126984124,"bolusiob":0}
