{"iob":0.07493763443405624,"activity":0.003355026543209875,"bolusiob":0}
