{"iob":-0.1531113404952222,"activity":-0.00025954144620811274,"bolusiob":0}
