{"iob":0.12755954157166674,"activity":-0.0014776719576719566,"bolusiob":0}
