{"iob":-0.3525219861355556,"activity":-0.001477010582010582,"bolusiob":0}
