{"iob":-0.44808064112168694,"activity":-0.0019712344797178133,"bolusiob":0}
