{"iob":0.7652977109233335,"activity":0.007393985890652561,"bolusiob":0}
