{"iob":-0.05347474828873375,"activity":-0.0012234478835978842,"bolusiob":0}
