{"iob":0.9651475250575423,"activity":0.010483624462081124,"bolusiob":0}
