{"iob":-0.18798848466000004,"activity":-0.0012435978835978834,"bolusiob":0}
