{"iob":-0.3991277819351389,"activity":-0.00407889770723104,"bolusiob":0}
