{"iob":0.15371666221453598,"activity":0.0015370285361552037,"bolusiob":0}
