{"iob":-0.25425175139662226,"activity":-0.0011960670194003523,"bolusiob":0}
