{"iob":-0.0038455855749999937,"activity":-0.00046164021164021103,"bolusiob":0}
