{"iob":-0.4042858467922222,"activity":-0.0028817195767195753,"bolusiob":0}
