{"iob":-0.00010752634666666427,"activity":-0.00006843033509700168,"bolusiob":0}
