{"iob":0.022325408618536276,"activity":0.0010069930335097007,"bolusiob":0}
