{"iob":-0.02080937622375001,"activity":-0.00026984126984127014,"bolusiob":0}
