{"iob":0.6256992826459307,"activity":0.005904546737213403,"bolusiob":0}
