{"iob":-0.3958867513888889,"activity":-0.003146137566137566,"bolusiob":0}
