{"iob":-0.30659561140454716,"activity":-0.003882230952380952,"bolusiob":0}
