{"iob":-0.36590031006270557,"activity":-0.005011437513227513,"bolusiob":0}
