{"iob":0.3599566553711111,"activity":-0.0016262786596119923,"bolusiob":0}
