{"iob":-0.45962192180777783,"activity":-0.0038731746031746023,"bolusiob":0}
