{"iob":-0.04333525281114089,"activity":-0.0015269131216931215,"bolusiob":0}
