{"iob":-0.07268450359707536,"activity":0.001291036701940035,"bolusiob":0}
