{"iob":-0.4173502237912574,"activity":-0.0038084216049382707,"bolusiob":0}
