{"iob":-0.23187734755333336,"activity":-0.00297994708994709,"bolusiob":0}
