{"iob":0.31565018395463246,"activity":0.0014852115167548494,"bolusiob":0}
