{"iob":-0.08895955047722219,"activity":-0.0032712433862433846,"bolusiob":0}
