{"iob":-0.2695373900707778,"activity":-0.0016485008818342148,"bolusiob":0}
