{"iob":0.24137035595131962,"activity":0.0030593828042328043,"bolusiob":0}
