{"iob":-0.2719219267733334,"activity":-0.001391111111111111,"bolusiob":0}
