{"iob":-0.06390108362892961,"activity":-0.00024664911816578536,"bolusiob":0}
