{"iob":-0.2246698280133527,"activity":-0.004684770634920635,"bolusiob":0}
