{"iob":0.2523796575662285,"activity":0.005247517195767194,"bolusiob":0}
