{"iob":-0.2775795668384723,"activity":-0.001372186948853615,"bolusiob":0}
