{"iob":-0.1069523240884722,"activity":0.0014099911816578482,"bolusiob":0}
