{"iob":-0.06016546523894076,"activity":-0.0030659436507936505,"bolusiob":0}
