{"iob":-0.0022141224999999987,"activity":-0.00033068783068783045,"bolusiob":0}
