{"iob":-0.3226478929572223,"activity":-0.003714285714285714,"bolusiob":0}
