{"iob":-0.4720873063855556,"activity":-0.0038730511463844794,"bolusiob":0}
