{"iob":0.356414442010139,"activity":0.005410502645502644,"bolusiob":0}
