{"iob":-0.006147302529031194,"activity":-6.788888888886349e-7,"bolusiob":0}
