{"iob":0.4023427095140278,"activity":0.003491084656084655,"bolusiob":0}
