{"iob":-0.18327991883868056,"activity":-0.000757495590828924,"bolusiob":0}
