{"iob":0.6567595356556926,"activity":0.005635803051146382,"bolusiob":0}
