{"iob":0.13173593547055554,"activity":0.0029764550264550272,"bolusiob":0}
