{"iob":-0.03556657850666667,"activity":-0.001391181657848324,"bolusiob":0}
