{"iob":-0.26551124060611125,"activity":-0.000756516754850089,"bolusiob":0}
