{"iob":0.10313714405861113,"activity":0.002408853615520282,"bolusiob":0}
