{"iob":0.4118473687429168,"activity":-0.0011377865961199303,"bolusiob":0}
