{"iob":-0.059751824273666654,"activity":-0.00043853615520282076,"bolusiob":0}
