{"iob":-0.09953367977555555,"activity":-0.00009271604938271604,"bolusiob":0}
