{"iob":0.42286556364674993,"activity":0.0014771781305114636,"bolusiob":0}
