{"iob":-0.03286950493500002,"activity":-0.0011584656084656084,"bolusiob":0}
