{"iob":0.2052242420123349,"activity":0.000010141358024691325,"bolusiob":0}
