{"iob":-0.06309818376923614,"activity":-0.0010900352733686069,"bolusiob":0}
