{"iob":-0.23713469674222223,"activity":-0.002632010582010582,"bolusiob":0}
