{"iob":-0.16914151791198373,"activity":-0.003410105573192239,"bolusiob":0}
