{"iob":-0.2689071056304166,"activity":-0.005258677248677249,"bolusiob":0}
