{"iob":-0.02242027754874998,"activity":-0.0012273809523809518,"bolusiob":0}
