{"iob":0.35265507090928827,"activity":0.0005525133509700176,"bolusiob":0}
