{"iob":-0.312601612909784,"activity":-0.0021105997354497357,"bolusiob":0}
