{"iob":-0.26065114514134236,"activity":-0.005113976948853616,"bolusiob":0}
