{"iob":0.3714030112694508,"activity":0.0009493387125220459,"bolusiob":0}
