{"iob":0.46682548299554616,"activity":-0.001008068871252204,"bolusiob":0}
