{"iob":-0.17681317321640072,"activity":-0.0007857231922398589,"bolusiob":0}
