{"iob":0.12262735551351994,"activity":-0.0008660933509700172,"bolusiob":0}
