{"iob":-0.2787219616825955,"activity":-0.004323668553791887,"bolusiob":0}
