{"iob":-0.264562647913,"activity":-0.004229365079365079,"bolusiob":0}
