{"iob":-0.1976351403105556,"activity":-0.0027614285714285714,"bolusiob":0}
