{"iob":-0.17330223601799627,"activity":-0.0009165080246913578,"bolusiob":0}
