{"iob":0.039407789985555566,"activity":-0.004727380952380953,"bolusiob":0}
