{"iob":0.14034199686784718,"activity":0.0067037477954144595,"bolusiob":0}
