{"iob":-0.1314490150977999,"activity":-0.005155564497354497,"bolusiob":0}
