{"iob":0.4411944014241944,"activity":0.0016301499118165784,"bolusiob":0}
