{"iob":0.17717971711236113,"activity":0.000369223985890653,"bolusiob":0}
