{"iob":0.2962021768229863,"activity":0.0006741976190476194,"bolusiob":0}
