{"iob":-0.32079383114210147,"activity":-0.003634629664902998,"bolusiob":0}
