{"iob":-0.2384112070494653,"activity":-0.0029935628747795404,"bolusiob":0}
