{"iob":0.46282594275786104,"activity":0.0020120105820105815,"bolusiob":0}
