{"iob":-0.25814891154887565,"activity":-0.00272384467372134,"bolusiob":0}
