{"iob":-0.12804725813875,"activity":-0.0023797619047619045,"bolusiob":0}
