{"iob":-0.18108289979944447,"activity":-0.0030274426807760137,"bolusiob":0}
