{"iob":-0.3815722623796667,"activity":-0.003278430335097002,"bolusiob":0}
