{"iob":0.5912997098018056,"activity":0.006962266313932979,"bolusiob":0.20747639946666668}
