{"iob":-0.33109429891097225,"activity":-0.004668359788359788,"bolusiob":0}
