{"iob":-0.11888480409944444,"activity":-0.002771358024691358,"bolusiob":0}
