{"iob":-0.17190786294468752,"activity":-0.00008741622574955931,"bolusiob":0}
