{"iob":0.20416991967499984,"activity":-0.00007471781305114644,"bolusiob":0}
