{"iob":-0.3541356758200001,"activity":-0.0038671428571428568,"bolusiob":0}
