{"iob":-0.3633531909244603,"activity":-0.0019500178130511469,"bolusiob":0}
