{"iob":-0.001096885259999997,"activity":-0.00022116402116402064,"bolusiob":0}
