{"iob":-0.3225817911262501,"activity":-0.0009864814814814818,"bolusiob":0}
