{"iob":0.7319703010733334,"activity":0.009598377425044092,"bolusiob":0}
