{"iob":-0.49762340278833334,"activity":-0.004534118165784831,"bolusiob":0}
