{"iob":0.0012257076899999998,"activity":0.0003158730158730153,"bolusiob":0}
