{"iob":-0.15114753379244444,"activity":-0.0008348289241622577,"bolusiob":0}
