{"iob":0.25308324754666667,"activity":0.007880679012345678,"bolusiob":0}
