{"iob":0.2697499155666181,"activity":0.003964973544973543,"bolusiob":0}
