{"iob":0.11783147452330842,"activity":-0.002581278289241622,"bolusiob":0}
