{"iob":-0.05279331112819444,"activity":-0.001039885361552028,"bolusiob":0}
