{"iob":0.017211681790694468,"activity":0.00027382716049382643,"bolusiob":0}
