{"iob":-0.3731197669580215,"activity":-0.006537945238095238,"bolusiob":0}
