{"iob":0.1818743158626389,"activity":-0.0025948059964726626,"bolusiob":0}
