{"iob":-0.04549174351131708,"activity":-0.000296781216931216,"bolusiob":0}
