{"iob":0.8757837466495317,"activity":0.010377989506172844,"bolusiob":0}
