{"iob":-0.19587264895222226,"activity":-0.0029172839506172834,"bolusiob":0}
