{"iob":-0.2915009646957778,"activity":-0.001035167548500882,"bolusiob":0}
