{"iob":-0.0000033518333333315553,"activity":-8.818342151674028e-7,"bolusiob":0}
