{"iob":-0.1665629836597917,"activity":-0.0029995149911816576,"bolusiob":0}
