{"iob":0.018974026896666663,"activity":0.001459435626102292,"bolusiob":0}
