{"iob":-0.09679530663010416,"activity":-0.005707716049382716,"bolusiob":0}
