{"iob":-0.12541308665375006,"activity":-0.0022556878306878316,"bolusiob":0}
