{"iob":-0.005240610025730202,"activity":0.003635502469135801,"bolusiob":0}
