{"iob":-0.09932163606444444,"activity":-0.0001045679012345679,"bolusiob":0}
