{"iob":-0.36147704059398067,"activity":-0.0012502910934744271,"bolusiob":0}
