{"iob":-0.17206548452303813,"activity":-0.002209356137566138,"bolusiob":0}
