{"iob":-0.008757222753541677,"activity":-0.0005643298059964722,"bolusiob":0}
