{"iob":0.27837215885880623,"activity":-0.0015310845679012343,"bolusiob":0}
