{"iob":1.0214961022306943,"activity":0.009224735449735443,"bolusiob":0}
