{"iob":-0.37040871798980407,"activity":-0.00262573201058201,"bolusiob":0}
