{"iob":-0.08129781306333331,"activity":-0.0011668253968253966,"bolusiob":0}
