{"iob":-0.07939444473948648,"activity":0.0002254237389770709,"bolusiob":0}
