{"iob":-0.3642416048796667,"activity":-0.0034662610229276893,"bolusiob":0}
