{"iob":-0.1439629656846122,"activity":-0.0019796909876543213,"bolusiob":0}
