{"iob":-0.04983905194,"activity":-0.0000337037037037037,"bolusiob":0}
