{"iob":-0.00005239616666666974,"activity":0.000011975308641975306,"bolusiob":0}
