{"iob":0.03646779471467042,"activity":0.0038165783950617283,"bolusiob":0}
