{"iob":-0.025235084632890432,"activity":-0.00007015000000000043,"bolusiob":0}
