{"iob":0.304080624162435,"activity":-0.0019421429453262784,"bolusiob":0}
