{"iob":0.2018716949810626,"activity":0.0008566314285714288,"bolusiob":0}
