{"iob":-0.04998250271555556,"activity":-0.00002567901234567902,"bolusiob":0}
