{"iob":-0.25125093095145756,"activity":-0.00016303377425044054,"bolusiob":0}
