{"iob":0.5688108922971016,"activity":-0.00038951507936507956,"bolusiob":0}
