{"iob":0.1408247420684722,"activity":-0.0031772574955908285,"bolusiob":0}
