{"iob":-0.0994146116088889,"activity":-0.00009234567901234566,"bolusiob":0}
