{"iob":0.13237896026055557,"activity":-0.0009190652557319223,"bolusiob":0}
