{"iob":-0.1944060545676189,"activity":-0.0004135364726631386,"bolusiob":0}
