{"iob":0.3478830513848477,"activity":0.0017174163492063488,"bolusiob":0}
