{"iob":0.37473236524427217,"activity":0.0002449295767195772,"bolusiob":0}
