{"iob":0.09805061978222222,"activity":0.00021604938271604937,"bolusiob":0}
