{"iob":-0.02995779035458335,"activity":0.0003872398589065257,"bolusiob":0}
