{"iob":-0.21270182056167547,"activity":0.001131481358024692,"bolusiob":0}
