{"iob":-0.010817201321666666,"activity":-0.0002892328042328042,"bolusiob":0}
