{"iob":0.02177502052641217,"activity":0.00281826291005291,"bolusiob":0}
