{"iob":-0.1611896541127778,"activity":0.0001499118165784822,"bolusiob":0}
