{"iob":-0.09001914813722217,"activity":0.0021641798941798946,"bolusiob":0}
