{"iob":-0.000011285098333335687,"activity":0.000013139329805996348,"bolusiob":0}
