{"iob":-0.32464170754134225,"activity":-0.0025074428042328035,"bolusiob":0}
