{"iob":-0.34525692049833334,"activity":-0.0022638977072310397,"bolusiob":0}
