{"iob":0.19674132881040232,"activity":-0.0029339242857142856,"bolusiob":0}
