{"iob":-0.053378496325833344,"activity":-0.0021434744268077595,"bolusiob":0}
