{"iob":-0.23088539850558334,"activity":0.0009017901234567906,"bolusiob":0}
