{"iob":0.22132913968833334,"activity":0.0013144268077601407,"bolusiob":0}
