{"iob":-0.4723880455379167,"activity":-0.003378827160493826,"bolusiob":0}
