{"iob":-0.4764554253492574,"activity":-0.004194074162257494,"bolusiob":0}
