{"iob":-0.3616767777275835,"activity":-0.0031970723985890646,"bolusiob":0}
