{"iob":0.39329029854936204,"activity":0.0030573457142857147,"bolusiob":0}
