{"iob":0.3139549554111111,"activity":0.003136331569664903,"bolusiob":0}
