{"iob":-0.280858557437,"activity":-0.0009732451499118163,"bolusiob":0}
