{"iob":-0.4065886144944445,"activity":-0.002401904761904761,"bolusiob":0}
