{"iob":0.06130671005525585,"activity":0.0009968432098765437,"bolusiob":0}
