{"iob":-0.015892048083733006,"activity":-0.002059982010582011,"bolusiob":0}
