{"iob":-0.053431735919562476,"activity":0.00025296031746031746,"bolusiob":0}
