{"iob":-0.07755532362986112,"activity":-0.0018824426807760135,"bolusiob":0}
