{"iob":-0.1611126831822222,"activity":0.00011753086419753094,"bolusiob":0}
