{"iob":-0.1733824489551657,"activity":-0.0015404234567901235,"bolusiob":0}
