{"iob":0.6033013924777778,"activity":0.0006940740740740742,"bolusiob":0}
