{"iob":-0.39513018103079633,"activity":-0.004366352204585537,"bolusiob":0}
