{"iob":-0.23209362137833334,"activity":-0.00435820987654321,"bolusiob":0}
