{"iob":-0.5660672705084813,"activity":-0.00410063192239859,"bolusiob":0}
