{"iob":-0.14849465348945265,"activity":-0.0012492679894179903,"bolusiob":0}
