{"iob":-0.11588338178395374,"activity":-0.0032217812169312164,"bolusiob":0}
