{"iob":-0.24237290684138887,"activity":-0.0027647001763668427,"bolusiob":0}
