{"iob":-0.12814708658666676,"activity":-0.002802513227513229,"bolusiob":0}
