{"iob":-0.12297030349217533,"activity":-0.001168130776014111,"bolusiob":0}
