{"iob":-0.06425145768166671,"activity":-0.0006877425044091719,"bolusiob":0}
