{"iob":0.14739173247637666,"activity":0.0033489507407407403,"bolusiob":0}
