{"iob":-0.4885157441034723,"activity":-0.003419814814814814,"bolusiob":0}
