{"iob":0.0054479799866666324,"activity":0.002244091710758375,"bolusiob":0}
