{"iob":0.2788579115861111,"activity":-0.0004320370370370369,"bolusiob":0}
