{"iob":-0.17898575837722225,"activity":-0.003788730158730158,"bolusiob":0}
