{"iob":-0.1814393672294956,"activity":-0.005456507936507936,"bolusiob":0}
