{"iob":-0.11718322212944444,"activity":-0.0022833156966490294,"bolusiob":0}
