{"iob":-0.17382762665979168,"activity":-0.0009810229276895946,"bolusiob":0}
