{"iob":-0.16318373632,"activity":-0.001315396825396825,"bolusiob":0}
