{"iob":-0.08206840444377309,"activity":0.0007796910934744269,"bolusiob":0}
