{"iob":-0.1651359557939028,"activity":0.0028451675485008814,"bolusiob":0}
