{"iob":0.1742684721047778,"activity":-0.002524091710758377,"bolusiob":0}
