{"iob":-0.3630873337308772,"activity":-0.004937107495590829,"bolusiob":0}
