{"iob":-0.11706295057666669,"activity":-0.0029075837742504407,"bolusiob":0}
