{"iob":-0.28807780130988364,"activity":-0.0017408465079365078,"bolusiob":0}
