{"iob":0.057212058255795326,"activity":-0.0006305641269841273,"bolusiob":0}
