{"iob":-0.04113692110442067,"activity":0.0005058592239858908,"bolusiob":0}
