{"iob":-0.349071080222,"activity":-0.0027850970017636676,"bolusiob":0}
