{"iob":-0.35283005200069445,"activity":-0.0029763139329805994,"bolusiob":0}
