{"iob":-0.11733346503292039,"activity":-0.0032679099647266304,"bolusiob":0}
