{"iob":0.17799831424159293,"activity":-0.00200695758377425,"bolusiob":0}
