{"iob":0.08604934628823108,"activity":0.0038713846031746026,"bolusiob":0}
