{"iob":-0.23566267074692882,"activity":-0.0009075927160493828,"bolusiob":0}
