{"iob":-0.023281635127777728,"activity":0.0028340211640211646,"bolusiob":0}
