{"iob":0.22729022541166666,"activity":0.008175573192239858,"bolusiob":0}
