{"iob":-0.32248289175763895,"activity":-0.0021581305114638442,"bolusiob":0}
