{"iob":-0.0761203708665293,"activity":0.0013357320105820095,"bolusiob":0}
