{"iob":-0.3468127590423612,"activity":-0.002064488536155203,"bolusiob":0}
