{"iob":-0.25960694602065726,"activity":-0.0012095416578483257,"bolusiob":0}
