{"iob":0.4948099868493406,"activity":0.0026009038800705476,"bolusiob":0}
