{"iob":-0.08607674704152782,"activity":-0.004145837742504409,"bolusiob":0}
