{"iob":-0.11401380261597786,"activity":-0.0015295677777777774,"bolusiob":0}
