{"iob":-0.46027145779217665,"activity":-0.0030257410405643732,"bolusiob":0}
