{"iob":0.3634453248319808,"activity":0.001586375749559083,"bolusiob":0}
