{"iob":0.015379390966517283,"activity":0.0009654060141093474,"bolusiob":0}
