{"iob":-0.2617488785106399,"activity":0.0020873720105820098,"bolusiob":0}
