{"iob":-0.33663186854236116,"activity":-0.0032343033509700174,"bolusiob":0}
