{"iob":-0.11988989565950003,"activity":0.0005934391534391538,"bolusiob":0}
