{"iob":-0.21113862889453835,"activity":-0.0007515169664902995,"bolusiob":0}
