{"iob":0.03034985127288727,"activity":0.004255367830687831,"bolusiob":0}
