{"iob":-0.28064564223277777,"activity":-0.0021385714285714285,"bolusiob":0}
