{"iob":0.3034556900978134,"activity":0.00045930372134038813,"bolusiob":0}
