{"iob":-0.09135006372638887,"activity":0.00045604938271604943,"bolusiob":0}
