{"iob":0.23263641616386269,"activity":-0.0026432099647266307,"bolusiob":0}
