{"iob":-0.4397772244872223,"activity":-0.002397962962962963,"bolusiob":0}
