{"iob":-0.15604719241722226,"activity":-0.0030352910052910053,"bolusiob":0}
