{"iob":-0.1396185106604167,"activity":-0.0008479629629629626,"bolusiob":0}
