{"iob":0.7909903399638079,"activity":0.008978439276895941,"bolusiob":0}
