{"iob":-0.30794172512190987,"activity":-0.003730357231040564,"bolusiob":0}
