{"iob":-0.07827114244648647,"activity":0.0003100798236331554,"bolusiob":0}
