{"iob":0.43345158391666677,"activity":0.004219744268077601,"bolusiob":0}
