{"iob":-0.24473970409939744,"activity":-0.0031141711640211645,"bolusiob":0}
