{"iob":0.7840894999572223,"activity":0.007634999999999998,"bolusiob":0}
