{"iob":-0.19596640882,"activity":-0.00035814814814814813,"bolusiob":0}
