{"iob":-0.36383889412444453,"activity":-0.0041139770723104055,"bolusiob":0}
