{"iob":-0.25873089276305206,"activity":-0.0009336863315696656,"bolusiob":0}
