{"iob":-0.04309627131013889,"activity":0.00028970899470899503,"bolusiob":0}
