{"iob":0.33651504019444445,"activity":-0.0005693650793650791,"bolusiob":0}
