{"iob":-0.00011830289666666107,"activity":-0.00007107583774250432,"bolusiob":0}
