{"iob":-0.05959904248009484,"activity":-0.0017001674603174604,"bolusiob":0}
