{"iob":0.09983813005555556,"activity":0.000036419753086419754,"bolusiob":0}
