{"iob":-0.4136782264655556,"activity":-0.005655282186948853,"bolusiob":0}
