{"iob":-0.12629609638,"activity":-0.0014166137566137562,"bolusiob":0}
