{"iob":-0.08157764289546775,"activity":-0.004806992945326278,"bolusiob":0}
