{"iob":0.8754945647638921,"activity":0.009736158148148148,"bolusiob":0}
