{"iob":-0.19416995338222226,"activity":-0.0009350264550264547,"bolusiob":0}
