{"iob":-0.5029683821522083,"activity":-0.004168705467372132,"bolusiob":0}
