{"iob":0.2851948057350834,"activity":0.000569753086419753,"bolusiob":0}
