{"iob":-0.3167725860914566,"activity":-0.002891613880070546,"bolusiob":0}
