{"iob":0.03250280462268211,"activity":-0.000025656878306878032,"bolusiob":0}
