{"iob":-0.5331827285521572,"activity":-0.004054329841269842,"bolusiob":0}
