{"iob":-0.30233025440632894,"activity":-0.0037383333333333327,"bolusiob":0}
