{"iob":-0.3203638134511111,"activity":-0.0012719753086419753,"bolusiob":0}
