{"iob":-0.20520455104194446,"activity":-0.0024424691358024687,"bolusiob":0}
