{"iob":-0.30604590428708783,"activity":-0.0025957496825396815,"bolusiob":0}
