{"iob":-0.18337899312077968,"activity":-0.0011086595767195765,"bolusiob":0}
