{"iob":0.2867746565011127,"activity":0.0016985007760141097,"bolusiob":0}
