{"iob":0.22118047274877783,"activity":0.00006203703703703696,"bolusiob":0}
