{"iob":0.46886009453230737,"activity":0.0040693830864197535,"bolusiob":0}
