{"iob":-0.2695046998121944,"activity":-0.0026000819223985887,"bolusiob":0}
