{"iob":-0.006610162311388806,"activity":0.003648236331569664,"bolusiob":0}
