{"iob":-0.14751150662593757,"activity":-0.0019971031746031757,"bolusiob":0}
