{"iob":-0.18328407405416675,"activity":-0.00029529982363315653,"bolusiob":0}
