{"iob":0.027349921668066275,"activity":0.000685317548500882,"bolusiob":0}
