{"iob":-0.3402504731655085,"activity":-0.0028354586419753083,"bolusiob":0}
