{"iob":0.30886803854244804,"activity":0.002487764673721341,"bolusiob":0}
