{"iob":0.16938573722675151,"activity":-0.002884021252204585,"bolusiob":0}
