{"iob":-0.3824919109131319,"activity":-0.002195520670194004,"bolusiob":0}
