{"iob":-0.25648457206152314,"activity":-0.0020837833333333332,"bolusiob":0}
