{"iob":-0.12681095578306048,"activity":-0.0021335535802469133,"bolusiob":0}
