{"iob":-0.2960478341586548,"activity":-0.004550564285714285,"bolusiob":0}
