{"iob":0.37134215797269793,"activity":0.002167808765432099,"bolusiob":0}
