{"iob":0.8851096666976106,"activity":0.010685520052910054,"bolusiob":0}
