{"iob":-0.06835284164875,"activity":-0.0033393386243386236,"bolusiob":0}
