{"iob":-0.21979037950644445,"activity":-0.0029654497354497347,"bolusiob":0}
