{"iob":0.2688398867,"activity":0.00003888888888888903,"bolusiob":0}
