{"iob":-0.12436513322847224,"activity":0.00024995590828924156,"bolusiob":0}
