{"iob":-0.056256787017475655,"activity":0.000017345802469135776,"bolusiob":0}
