{"iob":-0.06673754063478639,"activity":0.0020004935626102287,"bolusiob":0}
