{"iob":-0.1546562482061374,"activity":-0.0002727778659611993,"bolusiob":0}
