{"iob":-0.24812713085856086,"activity":-0.0006143036155202827,"bolusiob":0}
