{"iob":-0.30400709090375,"activity":-0.00014074074074073967,"bolusiob":0}
