{"iob":-0.3220541073054167,"activity":-0.0020784126984126983,"bolusiob":0}
