{"iob":-0.071789874055052,"activity":-0.0002924164902998241,"bolusiob":0}
