{"iob":0.10319627671999992,"activity":0.002769805996472664,"bolusiob":0}
