{"iob":-0.02097284965555126,"activity":-0.00018032636684303343,"bolusiob":0}
