{"iob":0.07385334247201954,"activity":-0.0004222309523809534,"bolusiob":0}
