{"iob":-0.153991340713314,"activity":-0.0009051676366843038,"bolusiob":0}
