{"iob":-0.07943433109248768,"activity":0.0011225483774250442,"bolusiob":0}
