{"iob":-0.2350659039980896,"activity":-0.004167787918871253,"bolusiob":0}
