{"iob":0.29616626357500003,"activity":0.0035598412698412698,"bolusiob":0}
