{"iob":-0.029943558780833344,"activity":-0.0015765432098765427,"bolusiob":0}
