{"iob":0.007176711902208359,"activity":0.0045393121693121695,"bolusiob":0}
