{"iob":-0.29272409953333334,"activity":-0.0014202821869488532,"bolusiob":0}
