{"iob":-0.12876475985275587,"activity":-0.0025008089065255736,"bolusiob":0}
