{"iob":-0.20753782895722223,"activity":-0.0032262786596119926,"bolusiob":0}
