{"iob":-0.229963523675982,"activity":-0.0016540186948853612,"bolusiob":0}
