{"iob":-0.34567541304222227,"activity":-0.0038121340388007053,"bolusiob":0}
