{"iob":-0.28264281940629093,"activity":-0.0024704724867724865,"bolusiob":0}
