{"iob":-0.19620172570923106,"activity":-0.0003765433333333333,"bolusiob":0}
