{"iob":-0.24288539691300004,"activity":-0.004335185185185186,"bolusiob":0}
