{"iob":0.24061522071693087,"activity":0.0067657089417989405,"bolusiob":0}
