{"iob":-0.23671449794444446,"activity":-0.000852469135802469,"bolusiob":0}
