{"iob":-0.27649892133852916,"activity":-0.004015785008818343,"bolusiob":0}
