{"iob":-0.2609592722094444,"activity":-0.0006418342151675484,"bolusiob":0}
