{"iob":-0.31920892898722225,"activity":-0.0013844708994708989,"bolusiob":0}
