{"iob":-0.22311834087469595,"activity":-0.003883597795414461,"bolusiob":0}
