{"iob":-0.3783983005585805,"activity":-0.0019932891534391525,"bolusiob":0}
