{"iob":0.008186636067789549,"activity":0.0016095679894179893,"bolusiob":0}
