{"iob":-0.3014084299554166,"activity":-0.00538490299823633,"bolusiob":0}
