{"iob":0.7126658760910082,"activity":0.011336216966490297,"bolusiob":0}
