{"iob":-0.1985100088281945,"activity":-0.00339673721340388,"bolusiob":0}
