{"iob":-0.06374829607451564,"activity":0.0005212346913580246,"bolusiob":0}
