{"iob":0.17272671700586262,"activity":0.0002726454144620811,"bolusiob":0}
