{"iob":0.12203675198222227,"activity":0.0001483068783068792,"bolusiob":0}
