{"iob":0.12154859579005055,"activity":0.0032039459435626097,"bolusiob":0}
