{"iob":0.07017861310499732,"activity":0.0008111732098765433,"bolusiob":0}
