{"iob":0.31259401096940487,"activity":0.001616075749559082,"bolusiob":0}
