{"iob":-0.02650747516202364,"activity":-0.00009669338624338625,"bolusiob":0}
