{"iob":0.5100288201662501,"activity":0.005156604938271605,"bolusiob":0}
