{"iob":-0.44482049454277783,"activity":-0.0035718694885361543,"bolusiob":0}
