{"iob":-0.08758111444081049,"activity":-0.002297204373897707,"bolusiob":0}
