{"iob":0.06829259117951547,"activity":-0.001105705343915343,"bolusiob":0}
