{"iob":-0.2275569486455349,"activity":-0.005545423192239858,"bolusiob":0}
