{"iob":-0.3683604845977778,"activity":-0.004829982363315696,"bolusiob":0}
