{"iob":-0.1980939871455556,"activity":-0.0023748853615520277,"bolusiob":0}
