{"iob":-0.4714372855531829,"activity":-0.0033422136155202803,"bolusiob":0}
