{"iob":0.15618510077345762,"activity":0.00035742529100529075,"bolusiob":0}
