{"iob":-0.1390582133595941,"activity":-0.003133721728395061,"bolusiob":0}
