{"iob":1.0223245330066668,"activity":0.009761234567901235,"bolusiob":0}
