{"iob":-0.19617274526335873,"activity":-0.0004531658377425045,"bolusiob":0}
