{"iob":-0.11912328409097224,"activity":-0.0016864285714285714,"bolusiob":0}
