{"iob":-0.3412172626238889,"activity":-0.0037936507936507926,"bolusiob":0}
