{"iob":-0.44143209764777774,"activity":-0.0037873721340388,"bolusiob":0}
