{"iob":-0.046701546034166666,"activity":-0.0020499118165784825,"bolusiob":0}
