{"iob":0.026845692982001356,"activity":0.0016267193121693117,"bolusiob":0}
