{"iob":0.2527769713485556,"activity":-0.0040921164021164,"bolusiob":0}
