{"iob":0.17766294035935687,"activity":-0.002253976613756614,"bolusiob":0}
