{"iob":0.0920486271028956,"activity":0.002372495714285714,"bolusiob":0}
