{"iob":-0.06972599330152779,"activity":-0.00035000881834215214,"bolusiob":0}
