{"iob":0.3291060683311111,"activity":0.0012304938271604938,"bolusiob":0}
