{"iob":-0.2346992900802778,"activity":-0.005112433862433861,"bolusiob":0}
