{"iob":0.20352930524226248,"activity":0.00782769869488536,"bolusiob":0}
