{"iob":-0.0665776925422222,"activity":-0.0005799294532627859,"bolusiob":0}
