{"iob":-0.2299811902891667,"activity":-0.0019911816578483243,"bolusiob":0}
