{"iob":-0.27983475265,"activity":-0.0011296296296296293,"bolusiob":0}
