{"iob":-0.08890294990277778,"activity":-0.0009356878306878303,"bolusiob":0}
