{"iob":-0.36833335522624994,"activity":-0.0012535008818342146,"bolusiob":0}
