{"iob":-0.28261144993409726,"activity":-0.0037403880070546736,"bolusiob":0}
