{"iob":-0.14384835408953844,"activity":-0.0008522559435626099,"bolusiob":0}
