{"iob":-0.28875125629388887,"activity":-0.0007653703703703702,"bolusiob":0}
