{"iob":-0.16180766240722225,"activity":-0.001959082892416225,"bolusiob":0}
