{"iob":-0.10357401056805554,"activity":-0.004052380952380951,"bolusiob":0}
