{"iob":0.7012688040614576,"activity":0.008157036948853613,"bolusiob":0}
