{"iob":-0.26950003162041675,"activity":-0.0036398853615520273,"bolusiob":0}
