{"iob":0.2694915446244445,"activity":0.0003205643738977081,"bolusiob":0}
