{"iob":0.0920401271911547,"activity":0.0028585535273368606,"bolusiob":0}
