{"iob":-0.3257446181807019,"activity":-0.001399032680776014,"bolusiob":0}
