{"iob":0.06629536644392249,"activity":0.0005970195767195769,"bolusiob":0}
