{"iob":-0.591173494008889,"activity":-0.005029999999999999,"bolusiob":0}
