{"iob":0.005052356234999994,"activity":0.0006880952380952376,"bolusiob":0}
