{"iob":-0.019759332106001504,"activity":0.0002519666843033512,"bolusiob":0}
