{"iob":-0.5410050276925842,"activity":-0.004430053051146382,"bolusiob":0}
