{"iob":-0.26279445807555557,"activity":-0.002367460317460317,"bolusiob":0}
