{"iob":-0.0816967547779166,"activity":0.0019498500881834212,"bolusiob":0}
