{"iob":-0.20202915559021256,"activity":-0.003747081164021163,"bolusiob":0}
