{"iob":-0.2180662301814407,"activity":-0.0010401764550264547,"bolusiob":0}
