{"iob":-0.2959370848395289,"activity":-0.005159991305114638,"bolusiob":0}
