{"iob":-0.07552169578399628,"activity":0.0002511639329805995,"bolusiob":0}
