{"iob":0.6034045634110572,"activity":0.0016056524691358022,"bolusiob":0}
