{"iob":-0.24276166529054186,"activity":-0.003603262874779541,"bolusiob":0}
