{"iob":-0.10745580830958334,"activity":-0.0036123897707231035,"bolusiob":0}
