{"iob":-0.11042841235388892,"activity":0.00028885361552028176,"bolusiob":0}
