{"iob":-0.07617285157500002,"activity":-0.002062169312169312,"bolusiob":0}
