{"iob":-0.2938274195315278,"activity":-0.002994885361552029,"bolusiob":0}
