{"iob":-0.40253655061055565,"activity":-0.0004640652557319222,"bolusiob":0}
