{"iob":-0.2342083134848923,"activity":-0.0012329187477954136,"bolusiob":0}
