{"iob":-0.22300820115921785,"activity":-0.0017290298589065255,"bolusiob":0}
