{"iob":0.19585989393395248,"activity":0.004895493950617281,"bolusiob":0}
