{"iob":0.27307871066666667,"activity":0.0013925925925925924,"bolusiob":0}
