{"iob":0.0012094554899999945,"activity":0.00029999999999999976,"bolusiob":0}
