{"iob":-0.015227242536528289,"activity":0.001664197901234568,"bolusiob":0}
