{"iob":-0.27934229162189705,"activity":-0.001245864109347444,"bolusiob":0}
