{"iob":0.07744511155260568,"activity":0.0021728658377425055,"bolusiob":0}
