{"iob":0.25050081969277777,"activity":-0.00027962962962962967,"bolusiob":0}
