{"iob":-0.010602843416666695,"activity":0.0014135802469135796,"bolusiob":0}
