{"iob":0.4981894226461112,"activity":0.0016795238095238098,"bolusiob":0}
