{"iob":-0.0038708214933333316,"activity":-0.0004574955908289241,"bolusiob":0}
