{"iob":-0.1364346974577778,"activity":-0.002952186948853615,"bolusiob":0}
