{"iob":0.32720020091608876,"activity":0.005033206014109347,"bolusiob":0}
