{"iob":-0.44788614018267553,"activity":-0.001663774373897707,"bolusiob":0}
