{"iob":0.5822965914061443,"activity":0.010678351252204584,"bolusiob":0}
