{"iob":-0.274110120696641,"activity":-0.004963350881834213,"bolusiob":0}
