{"iob":-0.07635327073373332,"activity":-0.0010092945326278663,"bolusiob":0}
