{"iob":0.06266559584149438,"activity":0.0017401764902998233,"bolusiob":0}
