{"iob":-0.33034788855766817,"activity":-0.0007581392416225754,"bolusiob":0}
