{"iob":0.05684525361388888,"activity":-0.0024794532627865954,"bolusiob":0}
