{"iob":0.3793346635729167,"activity":0.00020236331569664965,"bolusiob":0}
