{"iob":0.39235263574569446,"activity":-0.0023174074074074073,"bolusiob":0.4980353984}
