{"iob":0.13473495072367983,"activity":-0.001767213156966491,"bolusiob":0}
