{"iob":-0.46666462319458335,"activity":-0.0020536419753086413,"bolusiob":0}
