{"iob":1.0731302577486428,"activity":0.00855400361552028,"bolusiob":0}
