{"iob":0.15117594995444442,"activity":0.0005960052910052912,"bolusiob":0}
