{"iob":0.4598560739418056,"activity":0.004451366843033509,"bolusiob":0}
