{"iob":0.05833232840090278,"activity":-0.0022688271604938267,"bolusiob":0}
