{"iob":-0.45561830901513894,"activity":-0.0030839065255731917,"bolusiob":0}
