{"iob":0.14319224554666668,"activity":0.0005022222222222222,"bolusiob":0}
