{"iob":0.5744490980666668,"activity":0.0016041975308641971,"bolusiob":0}
