{"iob":0.32359955148225694,"activity":-0.000057636684303350565,"bolusiob":0}
