{"iob":-0.09878543987999999,"activity":-0.00014148148148148147,"bolusiob":0}
