{"iob":-0.3902743106650753,"activity":-0.0015346563492063493,"bolusiob":0}
