{"iob":-0.26994507063569323,"activity":0.0016230686596119934,"bolusiob":0}
