{"iob":-0.15585757763157157,"activity":-0.005635035185185186,"bolusiob":0}
