{"iob":-0.1811617565295423,"activity":-0.0023228922927689593,"bolusiob":0}
