{"iob":0.03241882790888888,"activity":-0.0018648941798941796,"bolusiob":0}
