{"iob":0.14652417185447356,"activity":0.001397011040564375,"bolusiob":0}
