{"iob":0.013923602345450689,"activity":-0.00019623432098765396,"bolusiob":0}
