{"iob":-0.28324889234956935,"activity":-0.0038760140211640207,"bolusiob":0}
