{"iob":0.26801127754111104,"activity":0.00020272486772486865,"bolusiob":0.3308006215111111}
