{"iob":-0.44845401085000003,"activity":-0.0012697707231040568,"bolusiob":0}
