{"iob":0.9486995197810091,"activity":0.011166657830687828,"bolusiob":0}
