{"iob":-0.02480308367499999,"activity":-0.0015034391534391525,"bolusiob":0}
