{"iob":0.2432554091892448,"activity":0.007008608906525571,"bolusiob":0}
