{"iob":-0.3544299359510352,"activity":-0.0034503792768959436,"bolusiob":0}
