{"iob":-0.04734699100063889,"activity":0.0003509523809523808,"bolusiob":0}
