{"iob":-0.16395860948923613,"activity":-0.00386900352733686,"bolusiob":0}
