{"iob":-0.3214317622460522,"activity":-0.005534400476190474,"bolusiob":0}
