{"iob":-0.16934443432,"activity":-0.001392116402116402,"bolusiob":0}
