{"iob":0.9771221638074465,"activity":0.009220158818342152,"bolusiob":0}
