{"iob":-0.31004128519475443,"activity":-0.004895590952380953,"bolusiob":0}
