{"iob":0.3668741842861111,"activity":0.0005386772486772489,"bolusiob":0}
