{"iob":-0.04985521887111111,"activity":-0.00003135802469135802,"bolusiob":0}
