{"iob":0.01628610987101181,"activity":0.001566287566137566,"bolusiob":0}
