{"iob":0.20882542152611108,"activity":-0.0035297883597883582,"bolusiob":0}
