{"iob":-0.07645444720132674,"activity":-0.001731110987654321,"bolusiob":0}
