{"iob":-0.18207271376222223,"activity":-0.002154232804232804,"bolusiob":0}
