{"iob":-0.39434784779145327,"activity":-0.005342698536155201,"bolusiob":0}
