{"iob":0.03466255401228583,"activity":-0.001082645767195767,"bolusiob":0}
