{"iob":0.8225391774066668,"activity":0.004900864197530864,"bolusiob":0}
