{"iob":-0.36754601143411997,"activity":-0.005348642098765431,"bolusiob":0}
