{"iob":-0.24883697709297903,"activity":-0.0051312168430335085,"bolusiob":0}
