{"iob":-0.2288361864849168,"activity":-0.001892663227513227,"bolusiob":0}
