{"iob":0.10342837132760868,"activity":-0.0029223898236331574,"bolusiob":0}
