{"iob":-0.07331623640041661,"activity":0.0015462522045855383,"bolusiob":0}
