{"iob":0.2323141023106867,"activity":0.002573483368606702,"bolusiob":0}
