{"iob":0.5350827816666668,"activity":0.0004313403880070546,"bolusiob":0}
