{"iob":-0.10478321550396874,"activity":0.0008995944797178133,"bolusiob":0}
