{"iob":0.22323200213138894,"activity":-0.0004937742504409167,"bolusiob":0}
