{"iob":0.07757944112541373,"activity":0.0051312168430335085,"bolusiob":0}
