{"iob":0.13008209718444444,"activity":0.0006762962962962962,"bolusiob":0}
