{"iob":-0.26416985787611114,"activity":-0.0001762257495590829,"bolusiob":0}
