{"iob":0.10534829154628442,"activity":0.004103606825396826,"bolusiob":0}
