{"iob":0.009273477933333342,"activity":0.0010194003527336862,"bolusiob":0}
