{"iob":-0.11479581865326387,"activity":0.004128985890652557,"bolusiob":0}
