{"iob":-0.5143606649883332,"activity":-0.005365149911816578,"bolusiob":0}
