{"iob":-0.31725585796115896,"activity":-0.005340679135802469,"bolusiob":0}
