{"iob":-0.5131565227277778,"activity":-0.003194197530864197,"bolusiob":0}
