{"iob":-0.054696799500000004,"activity":-0.0023505114638447968,"bolusiob":0}
