{"iob":0.00037251484166666015,"activity":0.00016710758377424989,"bolusiob":0}
