{"iob":-0.004703987399999998,"activity":0.0002822222222222222,"bolusiob":0}
