{"iob":-0.4371951360275644,"activity":-0.002124127107583774,"bolusiob":0}
