{"iob":-0.13055943234943904,"activity":0.0021864901234567896,"bolusiob":0}
