{"iob":-0.25977668987611113,"activity":0.0012586948853615524,"bolusiob":0}
