{"iob":-0.06156818131874999,"activity":0.0009109788359788356,"bolusiob":0}
