{"iob":-0.20753492630555553,"activity":-0.0002564197530864198,"bolusiob":0}
