{"iob":-0.10353569358574999,"activity":-0.0016067724867724858,"bolusiob":0}
