{"iob":-0.4111909444915277,"activity":0.0021466843033509687,"bolusiob":0}
