{"iob":-0.5204371723737671,"activity":-0.005097980511463844,"bolusiob":0}
