{"iob":0.28889231723641673,"activity":0.008720417989417988,"bolusiob":0}
