{"iob":-0.226409947841811,"activity":-0.0044574692592592585,"bolusiob":0}
