{"iob":-0.0001068314299999984,"activity":-0.00006825396825396805,"bolusiob":0}
