{"iob":0.08704685645966667,"activity":-0.004351358024691357,"bolusiob":0}
