{"iob":0.20798363215698687,"activity":-0.0017808115520282185,"bolusiob":0}
