{"iob":-0.2964894450980625,"activity":-0.002616711022927689,"bolusiob":0}
