{"iob":-0.3882550078234723,"activity":-0.004639056437389771,"bolusiob":0}
