{"iob":-0.1582209681127778,"activity":-0.004767433862433862,"bolusiob":0}
