{"iob":-0.05185127545555557,"activity":0.0005378306878306876,"bolusiob":0}
