{"iob":-0.18290880657300002,"activity":-0.002651675485008818,"bolusiob":0}
