{"iob":-0.2561933235537617,"activity":-0.004113429188712521,"bolusiob":0}
