{"iob":-0.09977163426208333,"activity":-0.005045220458553791,"bolusiob":0}
