{"iob":0.1465765555619444,"activity":0.004351093474426807,"bolusiob":0}
