{"iob":0.1880203606261945,"activity":0.00019874779541446193,"bolusiob":0}
