{"iob":0.3228949246201388,"activity":0.0008836596119929455,"bolusiob":0}
