{"iob":-0.2853090982966667,"activity":-0.004087054673721339,"bolusiob":0}
