{"iob":-0.05192446737949774,"activity":-0.0021213581481481477,"bolusiob":0}
