{"iob":-0.15687354631942232,"activity":-0.0014315783597883592,"bolusiob":0}
