{"iob":0.404453392180297,"activity":0.0016053705643738958,"bolusiob":0}
