{"iob":0.20377504630555557,"activity":-0.0008413139329805987,"bolusiob":0}
