{"iob":-0.14841120418222223,"activity":-0.0001967901234567901,"bolusiob":0}
