{"iob":-0.04013854305233601,"activity":0.0010925488712522045,"bolusiob":0}
