{"iob":-0.36243871498597224,"activity":-0.004183721340388005,"bolusiob":0}
