{"iob":-0.29409787044391356,"activity":-0.0042708817636684295,"bolusiob":0}
