{"iob":0.044965083392000005,"activity":0.0019793650793650786,"bolusiob":0}
