{"iob":-0.24388007852385485,"activity":-0.004112892328042327,"bolusiob":0}
