{"iob":-0.23243362580553406,"activity":-0.0027563052028218684,"bolusiob":0}
