{"iob":0.6805930560579065,"activity":0.006731622663139332,"bolusiob":0}
