{"iob":0.4631785628772222,"activity":-0.0005427425044091713,"bolusiob":0}
