{"iob":-0.3124888976221404,"activity":-0.003094603086419753,"bolusiob":0}
