{"iob":-0.07369466824944444,"activity":-0.003042971781305115,"bolusiob":0}
