{"iob":-0.0004831413311111171,"activity":-0.0030562257495590824,"bolusiob":0}
