{"iob":0.7407982874886668,"activity":0.005039365079365078,"bolusiob":0}
