{"iob":0.3887242498045643,"activity":0.0045751412169312165,"bolusiob":0}
