{"iob":-0.5324427409155557,"activity":-0.00384453262786596,"bolusiob":0}
