{"iob":-0.020962298963701637,"activity":-0.0006710578306878308,"bolusiob":0}
