{"iob":-0.02343711470409078,"activity":-0.0002071575837742509,"bolusiob":0}
