{"iob":0.07649338572999177,"activity":-0.0005679805114638446,"bolusiob":0}
