{"iob":-0.16675834814400492,"activity":-0.0020006788007054664,"bolusiob":0}
