{"iob":-0.40642282547035113,"activity":-0.004973695008818341,"bolusiob":0}
