{"iob":0.03361769585800003,"activity":-0.001346507936507936,"bolusiob":0}
