{"iob":-0.40602941259463077,"activity":-0.0016834126102292764,"bolusiob":0}
