{"iob":-0.3106350996525,"activity":-0.002590229276895943,"bolusiob":0}
