{"iob":-0.0026504142251382173,"activity":0.002203641887125219,"bolusiob":0}
