{"iob":-0.3511533802036666,"activity":-0.0005792416225749555,"bolusiob":0}
