{"iob":-0.48554893731557314,"activity":-0.0037646562081128745,"bolusiob":0}
