{"iob":-0.4561927315626389,"activity":-0.00577664021164021,"bolusiob":0}
