{"iob":0.38270924773333337,"activity":0.008221640211640211,"bolusiob":0}
