{"iob":-0.14429553189258476,"activity":0.0044087815167548495,"bolusiob":0}
