{"iob":-0.25784274563816,"activity":-0.003976228306878307,"bolusiob":0}
