{"iob":0.6886194823991986,"activity":0.010918589153439148,"bolusiob":0}
