{"iob":0.15675914653445627,"activity":0.0032912699294532625,"bolusiob":0}
