{"iob":0.29265979869048464,"activity":0.008480026737213401,"bolusiob":0}
