{"iob":-0.15306818776750794,"activity":-0.0021607585537918865,"bolusiob":0}
