{"iob":-0.4892950498156945,"activity":-0.002965493827160493,"bolusiob":0}
