{"iob":0.21797596442890071,"activity":-0.002471349118165784,"bolusiob":0}
