{"iob":0.5980964540956542,"activity":0.004722301499118165,"bolusiob":0}
