{"iob":0.12016626072998254,"activity":-0.00025500864197530796,"bolusiob":0}
