{"iob":-0.4934753086289545,"activity":-0.003363783368606701,"bolusiob":0}
