{"iob":-0.2034815950661111,"activity":0.0016130511463844797,"bolusiob":0}
