{"iob":-0.04983643136,"activity":-0.00003407407407407407,"bolusiob":0}
