{"iob":0.22832906677650522,"activity":-0.0031872111463844797,"bolusiob":0}
