{"iob":-0.35985272232158755,"activity":-0.00112271631393298,"bolusiob":0}
