{"iob":-0.3054137518133333,"activity":0.0010064902998236332,"bolusiob":0}
