{"iob":-0.02198841090941553,"activity":-0.004672336984126984,"bolusiob":0}
