{"iob":-0.21393139847434722,"activity":-0.004285875661375661,"bolusiob":0}
