{"iob":-0.21462458371678275,"activity":-0.0028052290652557316,"bolusiob":0}
