{"iob":-0.23865786984434958,"activity":-0.0015466491181657844,"bolusiob":0}
