{"iob":0.2548211676569737,"activity":-0.0020561200176366836,"bolusiob":0}
