{"iob":0.800161762469479,"activity":0.010826887125220458,"bolusiob":0}
