{"iob":-0.3181580763876388,"activity":-0.00035354497354497496,"bolusiob":0}
