{"iob":0.2863805932777778,"activity":-0.000209488536155203,"bolusiob":0}
