{"iob":0.12290561801843916,"activity":-0.001450652821869489,"bolusiob":0}
