{"iob":-0.2569283704716667,"activity":-0.0028005114638447967,"bolusiob":0}
