{"iob":-0.1356335538981394,"activity":-0.0045844798059964725,"bolusiob":0}
