{"iob":-0.17876602158806482,"activity":-0.0036946648148148127,"bolusiob":0}
