{"iob":-0.017842122160000008,"activity":-0.0010730158730158726,"bolusiob":0}
