{"iob":0.0020588116985772453,"activity":0.0022497250440917087,"bolusiob":0}
