{"iob":-0.016170038958371213,"activity":0.0005731305996472664,"bolusiob":0}
