{"iob":-0.22283414414704752,"activity":-0.0004690126102292765,"bolusiob":0}
