{"iob":-0.12545303591291668,"activity":-0.00390242504409171,"bolusiob":0}
