{"iob":-0.1253006524624407,"activity":-0.0000434921516754854,"bolusiob":0}
