{"iob":-0.2381307580797,"activity":-0.003940841534391533,"bolusiob":0}
