{"iob":0.9184766149688975,"activity":0.01040726631393298,"bolusiob":0}
