{"iob":-0.2502961911831426,"activity":-0.003233624250440917,"bolusiob":0}
