{"iob":-0.18111266576391455,"activity":0.0010183158201058204,"bolusiob":0}
