{"iob":-0.3071933989075556,"activity":-0.0051710582010582,"bolusiob":0}
