{"iob":0.060534205357869936,"activity":0.004680008730158729,"bolusiob":0}
