{"iob":0.27042453635277786,"activity":-0.0004112962962962963,"bolusiob":0}
