{"iob":-0.19397604452194447,"activity":-0.002571358024691358,"bolusiob":0}
