{"iob":-0.044986258412708334,"activity":-0.0014284126984126981,"bolusiob":0}
