{"iob":-0.10868889656750005,"activity":-0.0028714285714285716,"bolusiob":0}
