{"iob":-0.111120006352,"activity":0.00028708994708994795,"bolusiob":0}
