{"iob":-0.18921281516466665,"activity":-0.001941294532627866,"bolusiob":0}
