{"iob":-0.5344582664969654,"activity":-0.0051380643738977065,"bolusiob":0}
