{"iob":-0.39074324438240293,"activity":-0.004174188800705467,"bolusiob":0}
