{"iob":0.005597243181111038,"activity":-0.0031761552028218695,"bolusiob":0}
