{"iob":-0.048293452377777824,"activity":-0.00013440917107583773,"bolusiob":0}
