{"iob":0.23614996047088696,"activity":0.007811305149911814,"bolusiob":0}
