{"iob":0.5795435445694445,"activity":0.001107989417989418,"bolusiob":0}
