{"iob":-0.2855754132954167,"activity":0.0037667989417989414,"bolusiob":0}
