{"iob":-0.09856409268222222,"activity":-0.0010522839506172835,"bolusiob":0}
