{"iob":-0.41019939642146375,"activity":-0.004266948765432098,"bolusiob":0}
