{"iob":-0.006156729493333324,"activity":-0.0005633156966490297,"bolusiob":0}
