{"iob":0.8724218985563733,"activity":0.010386975432098764,"bolusiob":0}
