{"iob":-0.3959495496175556,"activity":-0.001042522045855379,"bolusiob":0}
