{"iob":-0.22849627820555557,"activity":-0.0022664021164021165,"bolusiob":0}
