{"iob":-0.1698850063280745,"activity":0.001470696772486773,"bolusiob":0}
