{"iob":-0.24160743005555557,"activity":-0.001286067019400353,"bolusiob":0}
