{"iob":0.01310518212833332,"activity":0.0011762786596119926,"bolusiob":0}
