{"iob":-0.00043588954500000114,"activity":-0.00013412698412698385,"bolusiob":0}
