{"iob":-0.30211565075133556,"activity":-0.0035250883068783058,"bolusiob":0}
