{"iob":-0.40803133085222226,"activity":-0.0032819753086419756,"bolusiob":0}
