{"iob":-0.18769979984666663,"activity":-0.0034576807760141083,"bolusiob":0}
