{"iob":0.0008038507908671111,"activity":0.0002134541446208109,"bolusiob":0}
