{"iob":-0.561157935975856,"activity":-0.004422283985890653,"bolusiob":0}
