{"iob":0.1389549184091667,"activity":-0.00016380070546737196,"bolusiob":0}
