{"iob":-0.2275256745166667,"activity":-0.0029807054673721333,"bolusiob":0}
