{"iob":-0.1973195946720447,"activity":-0.003684047671957671,"bolusiob":0}
