{"iob":0.3540331672422222,"activity":-0.0010358024691358016,"bolusiob":0}
