{"iob":-0.22494670653652782,"activity":-0.005263421516754849,"bolusiob":0}
