{"iob":-0.0011053060000000003,"activity":-0.0002222222222222221,"bolusiob":0}
