{"iob":-0.2828797940936111,"activity":-0.0028215873015873015,"bolusiob":0}
