{"iob":0.19106007125959293,"activity":-0.003237142768959436,"bolusiob":0}
