{"iob":-0.051895463417915545,"activity":-0.001875159029982363,"bolusiob":0}
