{"iob":0.12764812349618296,"activity":-0.0026855201940035266,"bolusiob":0}
