{"iob":0.3356939128027778,"activity":-0.0015767195767195754,"bolusiob":0}
