{"iob":0.31131177088000006,"activity":0.008856895943562605,"bolusiob":0}
