{"iob":0.16538823903828914,"activity":-0.0010405065608465602,"bolusiob":0}
