{"iob":0.276702014325,"activity":0.0038834391534391536,"bolusiob":0}
