{"iob":-0.20829206365841324,"activity":-0.0019022488007054673,"bolusiob":0}
