{"iob":-0.023145561803557087,"activity":0.0005037477072310403,"bolusiob":0}
