{"iob":-0.11258953297736107,"activity":0.0011293562610229279,"bolusiob":0}
