{"iob":-0.07113053473986113,"activity":-0.004621243386243385,"bolusiob":0}
