{"iob":-0.0006095664511111196,"activity":-0.0005657495590828921,"bolusiob":0}
