{"iob":-0.04483355537541667,"activity":-0.0017653880070546727,"bolusiob":0}
