{"iob":-0.4035563004108237,"activity":-0.0026542063844797177,"bolusiob":0}
