{"iob":-0.22636519930922225,"activity":-0.002417795414462081,"bolusiob":0}
