{"iob":0.4177750002518276,"activity":0.00449041458553792,"bolusiob":0}
