{"iob":-0.40150010771611117,"activity":-0.0021375925925925924,"bolusiob":0}
