{"iob":0.353458520971767,"activity":0.0047449291887125215,"bolusiob":0}
