{"iob":0.4685072674224638,"activity":0.004048183615520282,"bolusiob":0}
