{"iob":0.4602681291968476,"activity":0.004854656084656084,"bolusiob":0}
