{"iob":-0.23215235410811114,"activity":-0.005016860670194002,"bolusiob":0}
