{"iob":-0.07314145549030274,"activity":-0.0034376629276895937,"bolusiob":0}
