{"iob":-0.016916756223750003,"activity":-0.0004285714285714286,"bolusiob":0}
