{"iob":0.04273923362042431,"activity":-0.0037739772486772476,"bolusiob":0}
