{"iob":-0.00689834496859907,"activity":0.00179080352733686,"bolusiob":0}
