{"iob":0.0467256814911111,"activity":0.0002635802469135802,"bolusiob":0}
