{"iob":-0.14117866741944446,"activity":-0.003950749559082892,"bolusiob":0}
