{"iob":-0.17443200897500002,"activity":-0.0033236155202821865,"bolusiob":0}
