{"iob":-0.09370746783111111,"activity":-0.00039827160493827163,"bolusiob":0}
