{"iob":-0.2049365102705556,"activity":-0.0026590828924162257,"bolusiob":0}
