{"iob":1.0716443053966083,"activity":0.01024678104056437,"bolusiob":0}
