{"iob":-0.1766961664254167,"activity":-0.0024203086419753088,"bolusiob":0}
