{"iob":0.004029381393333344,"activity":0.0016744797178130516,"bolusiob":0}
