{"iob":0.09650528744291664,"activity":0.007400767195767194,"bolusiob":0.00014999946666660602}
