{"iob":0.19246451256638933,"activity":-0.001123847442680776,"bolusiob":0}
