{"iob":0.31904128244,"activity":-0.0001503703703703703,"bolusiob":0}
