{"iob":-0.218003859982769,"activity":-0.0026443032275132268,"bolusiob":0}
