{"iob":-0.0853413212291753,"activity":0.00038291860670193966,"bolusiob":0}
