{"iob":-0.2733003533384623,"activity":-0.0000953702469135803,"bolusiob":0}
