{"iob":-0.21849437972891683,"activity":-0.0020659436507936505,"bolusiob":0}
