{"iob":-0.016189653493333334,"activity":-0.0008807760141093473,"bolusiob":0}
