{"iob":0.006112200521744677,"activity":0.0006958551146384475,"bolusiob":0}
