{"iob":0.3146891647751389,"activity":0.0000014550264550262076,"bolusiob":0}
