{"iob":0.16019286674118405,"activity":-0.0013454449206349206,"bolusiob":0}
