{"iob":-0.30551215273916665,"activity":-0.0018734038800705462,"bolusiob":0}
