{"iob":-0.018051238836150542,"activity":-0.00015720425044091723,"bolusiob":0}
