{"iob":-0.2434851324605556,"activity":-0.0033476190476190468,"bolusiob":0}
