{"iob":0.10497119584080171,"activity":-0.0028871336684303354,"bolusiob":0}
