{"iob":0.1717218994171389,"activity":0.0005934215167548497,"bolusiob":0}
