{"iob":0.07690795401800002,"activity":-0.001848941798941798,"bolusiob":0}
