{"iob":0.026183521783333316,"activity":0.0017776014109347437,"bolusiob":0}
