{"iob":-0.46945405388769135,"activity":-0.004190379241622576,"bolusiob":0}
