{"iob":-0.33334024238586224,"activity":-0.005114030105820105,"bolusiob":0}
