{"iob":-0.28952614364,"activity":-0.0007207407407407407,"bolusiob":0}
