{"iob":0.0034286059819444367,"activity":-0.0014344708994708992,"bolusiob":0}
