{"iob":-0.17234135218755556,"activity":-0.0019541622574955906,"bolusiob":0}
