{"iob":-0.3850251305527778,"activity":-0.0012415432098765431,"bolusiob":0}
