{"iob":-0.006755953120877067,"activity":0.0014339418871252216,"bolusiob":0}
