{"iob":-0.4054262780616668,"activity":-0.004380811287477955,"bolusiob":0}
