{"iob":0.6016767348617363,"activity":0.00839531746031746,"bolusiob":0}
