{"iob":-0.04983818047111112,"activity":-0.00003382716049382716,"bolusiob":0}
