{"iob":0.8844379415015969,"activity":0.00808559153439153,"bolusiob":0}
