{"iob":-0.43183274843013775,"activity":-0.002687777901234567,"bolusiob":0}
