{"iob":-0.09485430738333334,"activity":-0.00251410934744268,"bolusiob":0}
