{"iob":-0.11425367825394553,"activity":-0.0021106521869488537,"bolusiob":0}
