{"iob":-0.29404451232055556,"activity":-0.0032958112874779534,"bolusiob":0}
