{"iob":0.21357710951013886,"activity":0.007023765432098764,"bolusiob":0}
