{"iob":0.061609080618111066,"activity":-0.0026275132275132267,"bolusiob":0}
