{"iob":0.3063303094982699,"activity":0.0017068078835978837,"bolusiob":0}
