{"iob":-0.17013300888300953,"activity":-0.002642284038800706,"bolusiob":0}
