{"iob":-0.16784190219547226,"activity":-0.0017192504409171072,"bolusiob":0}
