{"iob":-0.42457047443277773,"activity":-0.0032151675485008815,"bolusiob":0}
