{"iob":-0.38781737795000004,"activity":-0.003303589065255731,"bolusiob":0}
