{"iob":0.17299809883439735,"activity":-0.005107610141093474,"bolusiob":0}
