{"iob":-0.3134855686682623,"activity":-0.0022495241093474423,"bolusiob":0}
