{"iob":-0.1105205339622222,"activity":0.0002250617283950617,"bolusiob":0}
