{"iob":-0.3269057407590278,"activity":-0.002118509700176367,"bolusiob":0}
