{"iob":-0.2178990101847093,"activity":0.0015066577601410933,"bolusiob":0}
