{"iob":-0.254863898465,"activity":-0.001974012345679012,"bolusiob":0}
