{"iob":0.03013643278899176,"activity":-0.0007271339506172841,"bolusiob":0}
