{"iob":-0.011598037973463558,"activity":-0.0005566247795414463,"bolusiob":0}
