{"iob":-0.4184943429688889,"activity":-0.005043068783068782,"bolusiob":0}
