{"iob":0.10444639240499992,"activity":0.0009402116402116399,"bolusiob":0}
