{"iob":-0.5080017758522223,"activity":-0.0046971781305114625,"bolusiob":0}
