{"iob":-0.14512687368027782,"activity":-0.004059294532627866,"bolusiob":0}
