{"iob":0.6070904724068971,"activity":0.011105828959435621,"bolusiob":0}
