{"iob":0.584033732443889,"activity":0.008343456790123459,"bolusiob":0}
