{"iob":0.30896650755286104,"activity":-0.0011068518518518513,"bolusiob":0}
