{"iob":-0.020084021973888894,"activity":0.0007108024691358024,"bolusiob":0}
