{"iob":0.3184034874388889,"activity":-0.0015295149911816574,"bolusiob":0}
