{"iob":-0.1767037909995677,"activity":0.0039721162786596105,"bolusiob":0}
