{"iob":-0.3493857897211289,"activity":-0.0026746650264550262,"bolusiob":0}
