{"iob":-0.19437518021152778,"activity":-0.0003747089947089947,"bolusiob":0}
