{"iob":-0.33885150857430557,"activity":-0.004177160493827161,"bolusiob":0}
