{"iob":-0.21716606194372448,"activity":-0.004669069417989414,"bolusiob":0}
