{"iob":0.11851933201269443,"activity":0.0006367724867724868,"bolusiob":0}
