{"iob":-0.3544475593033334,"activity":-0.004572804232804232,"bolusiob":0}
