{"iob":-0.08651861036666668,"activity":-0.002194885361552028,"bolusiob":0}
