{"iob":0.19653598216,"activity":0.00035407407407407404,"bolusiob":0}
