{"iob":-0.27312993201633334,"activity":-0.0017114991181657845,"bolusiob":0}
