{"iob":-0.09146793175840268,"activity":-0.0028770986772486762,"bolusiob":0}
