{"iob":0.0364514742503171,"activity":0.0038400351851851852,"bolusiob":0}
