{"iob":-0.23925099907077782,"activity":-0.0022040564373897705,"bolusiob":0}
