{"iob":0.19799268361491376,"activity":0.0066153926631393285,"bolusiob":0}
