{"iob":0.2749070921413023,"activity":-0.0008224339858906522,"bolusiob":0}
