{"iob":0.10168605532333361,"activity":0.004246702398589064,"bolusiob":0}
