{"iob":-0.3150071652361111,"activity":-0.003425308641975308,"bolusiob":0}
