{"iob":0.5542173184485752,"activity":0.0025608731040564388,"bolusiob":0}
