{"iob":-0.25874087864519,"activity":-0.0056484126984126986,"bolusiob":0}
