{"iob":-0.30501628085388893,"activity":-0.0041060317460317455,"bolusiob":0}
