{"iob":-0.23528787032625156,"activity":-0.00257621684303351,"bolusiob":0}
