{"iob":-0.13502784777875002,"activity":-0.003397222222222221,"bolusiob":0}
