{"iob":-0.09306521702827086,"activity":-0.004163172134038801,"bolusiob":0}
