{"iob":0.014003800472399975,"activity":0.0012425396825396816,"bolusiob":0}
