{"iob":0.004327742774946561,"activity":0.0017756965608465613,"bolusiob":0}
