{"iob":-0.135903103235,"activity":-0.0015416666666666662,"bolusiob":0}
