{"iob":0.7586865239148765,"activity":0.008542821781305112,"bolusiob":0}
