{"iob":0.1962914537225159,"activity":0.0016496207231040559,"bolusiob":0}
