{"iob":0.6948961703681982,"activity":0.010328351005291002,"bolusiob":0}
