{"iob":0.013337550989184078,"activity":0.00011355403880070582,"bolusiob":0}
