{"iob":0.6960941196311111,"activity":0.0014525220458553798,"bolusiob":0}
