{"iob":0.05844546288166667,"activity":0.002953350970017636,"bolusiob":0}
