{"iob":-0.2992696589755556,"activity":-0.0019107407407407406,"bolusiob":0}
