{"iob":0.0989511640695834,"activity":0.0062601499118165775,"bolusiob":0}
