{"iob":-0.3112808757888889,"activity":-0.003529629629629629,"bolusiob":0}
