{"iob":-0.018998008446888877,"activity":0.0007110052910052911,"bolusiob":0}
