{"iob":0.9412182632200411,"activity":0.008646843738977072,"bolusiob":0}
