{"iob":0.23556463909033334,"activity":-0.0020181128747795408,"bolusiob":0}
