{"iob":-0.03605896520833333,"activity":-0.0017164902998236325,"bolusiob":0}
