{"iob":-0.3362364102286665,"activity":-0.003169294532627865,"bolusiob":0}
