{"iob":-0.22377541060237263,"activity":-0.0036595325396825383,"bolusiob":0}
