{"iob":0.34320870223696404,"activity":0.002244682733686066,"bolusiob":0}
