{"iob":0.7786241098220835,"activity":0.006901966490299824,"bolusiob":0}
