{"iob":-0.14573630308613514,"activity":-0.0006930071428571424,"bolusiob":0}
