{"iob":-0.36383124723021043,"activity":-0.00428338615520282,"bolusiob":0}
