{"iob":-0.1152163996822222,"activity":-0.001226887125220458,"bolusiob":0}
