{"iob":-0.4243291286105555,"activity":-0.004085573192239859,"bolusiob":0}
