{"iob":0.22446279889641566,"activity":0.0032895528218694885,"bolusiob":0}
