{"iob":0.020782397933333346,"activity":0.0015485008818342154,"bolusiob":0}
