{"iob":-0.1769421957069301,"activity":-0.0004138423633156961,"bolusiob":0}
