{"iob":-0.00010613945333332598,"activity":-0.00006807760141093466,"bolusiob":0}
