{"iob":-0.09600792263254346,"activity":-0.005467797619047618,"bolusiob":0}
