{"iob":-0.21536592605657268,"activity":-0.0009705027336860673,"bolusiob":0}
