{"iob":0.7443826825462427,"activity":0.0013615079717813057,"bolusiob":0}
