{"iob":0.23623283034636966,"activity":0.004548439241622574,"bolusiob":0}
