{"iob":-0.11677638960916671,"activity":-0.0030988536155202823,"bolusiob":0}
