{"iob":0.057971471717652906,"activity":0.002397001851851851,"bolusiob":0}
