{"iob":-0.11255932262907456,"activity":0.0017295856613756611,"bolusiob":0}
