{"iob":0.08986888250146183,"activity":-0.004481984038800706,"bolusiob":0}
