{"iob":0.0035865094047446812,"activity":0.000506437125220458,"bolusiob":0}
