{"iob":-0.1452957662738889,"activity":0.0018402116402116398,"bolusiob":0}
