{"iob":-0.21098296498666663,"activity":-0.00002740740740740736,"bolusiob":0}
