{"iob":-0.3237811079448611,"activity":-0.0021636067019400345,"bolusiob":0}
