{"iob":-0.1851750128071323,"activity":0.0008185980070546737,"bolusiob":0}
