{"iob":-0.1133169929897691,"activity":-0.0020590057319223986,"bolusiob":0}
