{"iob":0.09629290373398627,"activity":0.0028439154320987654,"bolusiob":0}
