{"iob":0.09986554274222223,"activity":0.00003185185185185185,"bolusiob":0}
