{"iob":0.2952302106746866,"activity":0.0022199207583774253,"bolusiob":0}
