{"iob":0.005299227266666662,"activity":0.0007372134038800702,"bolusiob":0}
