{"iob":-0.011560580229999978,"activity":-0.001409982363315696,"bolusiob":0}
