{"iob":-0.23550578966472224,"activity":-0.0032882716049382715,"bolusiob":0}
