{"iob":-0.2662158069364818,"activity":-0.002020326543209878,"bolusiob":0}
