{"iob":0.7728891755895139,"activity":0.007395246913580247,"bolusiob":0}
