{"iob":-0.05899323691888889,"activity":0.0004360493827160481,"bolusiob":0}
