{"iob":0.17855031899339818,"activity":0.0054112664021164015,"bolusiob":0}
