{"iob":-0.37915854892777784,"activity":-0.003396049382716049,"bolusiob":0}
