{"iob":-0.35304242978534905,"activity":-0.0034721342151675487,"bolusiob":0}
