{"iob":-0.22134855205555556,"activity":-0.0017210758377425037,"bolusiob":0}
