{"iob":0.03454432916311109,"activity":0.000612962962962963,"bolusiob":0}
