{"iob":-0.2148944059528717,"activity":-0.0008361730511463842,"bolusiob":0}
