{"iob":-0.5334421889300002,"activity":-0.004912574955908289,"bolusiob":0}
