{"iob":0.6063233358240228,"activity":0.002714021534391534,"bolusiob":0}
