{"iob":-0.07045624192651562,"activity":0.00041012358024691343,"bolusiob":0}
