{"iob":-0.4848647510649635,"activity":-0.0028908200176366856,"bolusiob":0}
