{"iob":-0.4628261120388772,"activity":-0.005162574867724867,"bolusiob":0}
