{"iob":-0.31009526768208334,"activity":-0.0023768430335097002,"bolusiob":0}
