{"iob":-0.12244464422615879,"activity":0.0002178571252204589,"bolusiob":0}
