{"iob":-0.3490289427702166,"activity":-0.0055516667901234565,"bolusiob":0}
