{"iob":0.5614157402613649,"activity":0.0011892856261022926,"bolusiob":0}
