{"iob":-0.3222143849203126,"activity":-0.004064902910052909,"bolusiob":0}
