{"iob":0.06246211673161675,"activity":0.001270329188712522,"bolusiob":0}
