{"iob":-0.09557918161250001,"activity":-0.002429100529100529,"bolusiob":0}
