{"iob":-0.147025449237119,"activity":-0.0015051409700176357,"bolusiob":0}
