{"iob":0.17316085277065296,"activity":0.0033967373015873015,"bolusiob":0}
