{"iob":0.18102238433888893,"activity":-0.0027430952380952376,"bolusiob":0}
