{"iob":0.016746075942116974,"activity":0.0022121253262786583,"bolusiob":0}
