{"iob":-0.1971049065816667,"activity":-0.0030655202821869487,"bolusiob":0}
