{"iob":0.0994952662088889,"activity":0.00007802469135802469,"bolusiob":0}
