{"iob":0.26421430807013885,"activity":-0.0010858553791887127,"bolusiob":0.4478658296}
