{"iob":-0.18332645088680558,"activity":-0.0014883156966490297,"bolusiob":0}
