{"iob":-0.0536596548754167,"activity":-0.0018976631393298055,"bolusiob":0}
