{"iob":-0.025524269493333335,"activity":-0.001092416225749559,"bolusiob":0}
