{"iob":-0.00001112600666666741,"activity":0.00001463844797178135,"bolusiob":0}
