{"iob":-0.3557905707588889,"activity":-0.00284326278659612,"bolusiob":0}
