{"iob":-0.1595153084527778,"activity":-0.0024310934744268074,"bolusiob":0}
