{"iob":0.4616816294627778,"activity":0.004427874779541445,"bolusiob":0}
