{"iob":0.06633891547591621,"activity":0.001400741111111111,"bolusiob":0}
