{"iob":-0.46875291545251935,"activity":-0.0009179981481481484,"bolusiob":0}
