{"iob":-0.28990955394000006,"activity":-0.0007003703703703703,"bolusiob":0}
