{"iob":0.1428744726429469,"activity":-0.0022969552028218694,"bolusiob":0}
