{"iob":-0.296331540627373,"activity":-0.0035196208994709,"bolusiob":0}
