{"iob":0.013948001599999992,"activity":0.0012645502645502642,"bolusiob":0}
