{"iob":0.08057784699141506,"activity":-0.0022766574779541447,"bolusiob":0}
