{"iob":-0.005319815222568636,"activity":-0.00047901261022927685,"bolusiob":0}
