{"iob":0.08182077068273451,"activity":-0.00023908301587301526,"bolusiob":0}
