{"iob":-0.04630230282151461,"activity":-0.001169797266313933,"bolusiob":0}
