{"iob":0.13043946121888886,"activity":-0.0016867019400352732,"bolusiob":0}
