{"iob":-0.2533790760138889,"activity":0.0004689506172839507,"bolusiob":0}
