{"iob":-0.1733621863486632,"activity":-0.005716283068783069,"bolusiob":0}
