{"iob":-0.1692161783201574,"activity":-0.0009037567019400355,"bolusiob":0}
