{"iob":-0.011606505908270191,"activity":0.0016744908289241618,"bolusiob":0}
