{"iob":0.44951808826975004,"activity":0.0009636067019400348,"bolusiob":0}
