{"iob":-0.38151150182099874,"activity":-0.0017843741622574963,"bolusiob":0}
