{"iob":0.32625086996897223,"activity":-0.0014201604938271601,"bolusiob":0}
