{"iob":-0.2379556055972222,"activity":-0.002568871252204585,"bolusiob":0}
