{"iob":-0.20092395296343274,"activity":-0.005397504320987651,"bolusiob":0}
