{"iob":-0.2078166564452884,"activity":-0.0006671430687830687,"bolusiob":0}
