{"iob":-0.36924420176688444,"activity":-0.0032015961199294528,"bolusiob":0}
