{"iob":0.6449638444520276,"activity":0.00411716049382716,"bolusiob":0}
