{"iob":-0.22962547061411115,"activity":-0.0019286278659611984,"bolusiob":0}
