{"iob":0.2779617124405903,"activity":0.007604753086419753,"bolusiob":0}
