{"iob":0.04262321762791667,"activity":0.0019017372134038806,"bolusiob":0}
