{"iob":-0.29587055928833333,"activity":-0.0013041622574955906,"bolusiob":0}
