{"iob":-0.4698091996050001,"activity":-0.0025372222222222215,"bolusiob":0}
