{"iob":0.677401341369514,"activity":0.003339656084656084,"bolusiob":0}
