{"iob":-0.08603309549777777,"activity":0.0019271604938271604,"bolusiob":0}
