{"iob":0.24579208151249893,"activity":0.0018993208641975307,"bolusiob":0}
