{"iob":-0.1005895549175935,"activity":-0.000957495679012346,"bolusiob":0}
