{"iob":-0.24337594752000005,"activity":-0.0030055026455026454,"bolusiob":0}
