{"iob":0.08085456678085878,"activity":-0.00018196657848324496,"bolusiob":0}
