{"iob":0.21160629832929903,"activity":0.001686569541446208,"bolusiob":0}
