{"iob":-0.3020862113863455,"activity":-0.00294942693121693,"bolusiob":0}
