{"iob":-0.23224389108975693,"activity":-0.00021842151675485018,"bolusiob":0}
