{"iob":0.5616953579134166,"activity":0.00038313051146384434,"bolusiob":0}
