{"iob":0.0379310834145621,"activity":-0.0013462079894179895,"bolusiob":0}
