{"iob":-0.3979353325983195,"activity":-0.003313051146384479,"bolusiob":0}
