{"iob":-0.09383158094666667,"activity":-0.002112874779541446,"bolusiob":0}
