{"iob":0.42066375065069456,"activity":0.0010575485008818342,"bolusiob":0}
