{"iob":-0.21246177272928907,"activity":-0.005464894056437388,"bolusiob":0}
