{"iob":0.04737705600666666,"activity":0.00408821869488536,"bolusiob":0}
