{"iob":-0.17009457037666664,"activity":-0.00301731922398589,"bolusiob":0}
