{"iob":0.710495536534113,"activity":0.011213456878306877,"bolusiob":0}
