{"iob":-0.34355940931030987,"activity":-0.0025048149382716047,"bolusiob":0}
