{"iob":-0.16286455887555557,"activity":-0.0023362257495590827,"bolusiob":0}
