{"iob":0.1888374488916666,"activity":0.007715255731922398,"bolusiob":0}
