{"iob":-0.21033046891368673,"activity":0.00213821860670194,"bolusiob":0}
