{"iob":-0.24359933000706993,"activity":0.0033816929982363325,"bolusiob":0}
