{"iob":0.925609430759033,"activity":0.009975634955908287,"bolusiob":0}
