{"iob":-0.19290436922805562,"activity":-0.0032215873015873013,"bolusiob":0}
