{"iob":0.07871728700807806,"activity":0.0026739856261022927,"bolusiob":0}
