{"iob":0.4203336295465416,"activity":0.0016951410052910053,"bolusiob":0}
