{"iob":0.07174859489342293,"activity":0.002678483333333333,"bolusiob":0}
