{"iob":-0.44078116124888894,"activity":-0.0014268342151675477,"bolusiob":0}
