{"iob":-0.31805759758,"activity":-0.0017914814814814811,"bolusiob":0}
