{"iob":-0.2602756068580556,"activity":-0.005273280423280423,"bolusiob":0}
