{"iob":-0.20686717982565422,"activity":-0.001730635185185185,"bolusiob":0}
