{"iob":-0.2716300278767044,"activity":-0.004574329929453263,"bolusiob":0}
