{"iob":-0.09070330997944447,"activity":-0.001554550264550264,"bolusiob":0}
