{"iob":-0.1988190454488889,"activity":-0.0007195061728395061,"bolusiob":0}
