{"iob":0.2924744761483334,"activity":0.008117601410934743,"bolusiob":0}
