{"iob":-0.3056153220371733,"activity":-0.0044022928924162255,"bolusiob":0}
