{"iob":-0.1852167418759722,"activity":-0.0008826190476190477,"bolusiob":0}
