{"iob":-0.2900327240294444,"activity":-0.0007575925925925925,"bolusiob":0}
