{"iob":-0.3257267080104167,"activity":-0.00432152557319224,"bolusiob":0}
