{"iob":0.6430476517398397,"activity":0.011031411022927685,"bolusiob":0}
