{"iob":-0.16552484116865424,"activity":-0.0014831043209876554,"bolusiob":0}
