{"iob":-0.10805795740644444,"activity":-0.004815361552028218,"bolusiob":0}
