{"iob":-0.201872263195,"activity":-0.00029981481481481466,"bolusiob":0}
