{"iob":0.844307988368889,"activity":0.00557532627865961,"bolusiob":0}
