{"iob":0.6015097105933334,"activity":0.0025428395061728396,"bolusiob":0}
