{"iob":0.8640618367055017,"activity":0.005185387918871251,"bolusiob":0}
