{"iob":-0.19054614081919674,"activity":-0.004980824268077603,"bolusiob":0}
