{"iob":-0.22323178174901967,"activity":-0.0023062463844797177,"bolusiob":0}
