{"iob":0.28865222207307845,"activity":0.00556452417989418,"bolusiob":0}
