{"iob":-0.05534925425500005,"activity":-0.0009531746031746042,"bolusiob":0}
