{"iob":-0.44595711927555554,"activity":-0.002657848324514991,"bolusiob":0}
