{"iob":-0.27609447598732617,"activity":-0.0030963405996472667,"bolusiob":0}
