{"iob":-0.14571945333256947,"activity":-0.0037238183421516753,"bolusiob":0}
