{"iob":0.0026956340716666693,"activity":0.00047345679012345633,"bolusiob":0}
