{"iob":-0.3601836322905556,"activity":-0.003873015873015872,"bolusiob":0}
