{"iob":0.13704716001483336,"activity":0.0011660141093474423,"bolusiob":0}
