{"iob":-0.20208834393125003,"activity":0.00037114638447971807,"bolusiob":0}
