{"iob":-0.062285851782777804,"activity":0.0006876719576719575,"bolusiob":0}
