{"iob":0.30861302717985567,"activity":-0.0023386861904761904,"bolusiob":0}
