{"iob":-0.0036630987540486933,"activity":-0.0003731746560846563,"bolusiob":0}
