{"iob":0.2056532448920784,"activity":0.0055105559259259265,"bolusiob":0}
