{"iob":-0.1375771606208334,"activity":-0.002903527336860671,"bolusiob":0}
