{"iob":-0.0038771978995686615,"activity":-0.0002885364197530862,"bolusiob":0}
