{"iob":-0.08325668203554593,"activity":-0.003745881869488536,"bolusiob":0}
