{"iob":0.3627195466088889,"activity":0.0017834567901234563,"bolusiob":0}
