{"iob":-0.1892861411641112,"activity":-0.0030058024691358015,"bolusiob":0}
