{"iob":-0.1937396301888889,"activity":-0.001926543209876543,"bolusiob":0}
