{"iob":-0.02909949816,"activity":-0.0012846560846560841,"bolusiob":0}
