{"iob":-0.14844968585014076,"activity":0.003267900846560845,"bolusiob":0}
