{"iob":-0.24947044966611115,"activity":-0.00048179012345679015,"bolusiob":0}
