{"iob":-0.3160680028038889,"activity":-0.00456978835978836,"bolusiob":0}
