{"iob":-0.09533164339333335,"activity":-0.002131569664902998,"bolusiob":0}
