{"iob":-0.49037099723277777,"activity":-0.005299047619047617,"bolusiob":0}
