{"iob":0.2439341040903333,"activity":-0.0016741975308641965,"bolusiob":0}
