{"iob":-0.33843733052444447,"activity":-0.002184444444444444,"bolusiob":0}
