{"iob":-0.22197787805969632,"activity":-0.004417460176366843,"bolusiob":0}
