{"iob":0.4092175706511051,"activity":0.00518132262786596,"bolusiob":0}
