{"iob":0.02049980775400375,"activity":0.00320211631393298,"bolusiob":0}
