{"iob":-0.25861750383261156,"activity":-0.004602504497354497,"bolusiob":0}
