{"iob":-0.23716956220875005,"activity":-0.00272526455026455,"bolusiob":0}
