{"iob":0.7801291986069554,"activity":0.01033718994708995,"bolusiob":0}
