{"iob":-0.06229167839416672,"activity":-0.00276236331569665,"bolusiob":0}
