{"iob":-0.2466542325238889,"activity":-0.0025229100529100524,"bolusiob":0}
