{"iob":-0.35109813337045065,"activity":-0.0023001059082892413,"bolusiob":0}
