{"iob":0.6406211980667014,"activity":0.010465740740740736,"bolusiob":0}
