{"iob":-0.06266653439360528,"activity":0.0007714965432098766,"bolusiob":0}
