{"iob":-0.20859940399277782,"activity":-0.0012776719576719578,"bolusiob":0}
