{"iob":-0.11536885786323743,"activity":-0.0026795561728395053,"bolusiob":0}
