{"iob":-0.2473865692837309,"activity":-0.0019018873897707234,"bolusiob":0}
