{"iob":-0.39063960349277776,"activity":-0.0030386067019400357,"bolusiob":0}
