{"iob":0.09715412259781,"activity":0.004818822874779539,"bolusiob":0}
