{"iob":-0.39317233778222227,"activity":-0.004509365079365079,"bolusiob":0}
