{"iob":0.4593620033029159,"activity":0.002276264003527337,"bolusiob":0}
