{"iob":-0.12132249518422221,"activity":-0.0010164726631393297,"bolusiob":0}
