{"iob":-0.26152778305666674,"activity":0.0009081481481481465,"bolusiob":0}
