{"iob":-0.12503150393277784,"activity":-0.0038320987654320996,"bolusiob":0}
