{"iob":-0.22161379894166672,"activity":-0.003218439153439153,"bolusiob":0}
