{"iob":0.008305626647382311,"activity":-0.0020694533862433864,"bolusiob":0}
