{"iob":-0.1897290844265987,"activity":0.0015288387477954148,"bolusiob":0}
