{"iob":-0.20385628572644449,"activity":-0.0024678306878306872,"bolusiob":0}
