{"iob":-0.22025585245524407,"activity":-0.0006624692239858914,"bolusiob":0}
