{"iob":-0.23481445921274538,"activity":-0.0015300972663139334,"bolusiob":0}
