{"iob":0.24179133606785316,"activity":-0.0016511548500881827,"bolusiob":0}
