{"iob":-0.18178799421609185,"activity":-0.003656269929453263,"bolusiob":0}
