{"iob":0.09576954458458332,"activity":-0.004367283950617284,"bolusiob":0}
