{"iob":-0.47361126531704,"activity":-0.002290396948853616,"bolusiob":0}
