{"iob":0.9394062665224184,"activity":0.006078527425044092,"bolusiob":0}
