{"iob":0.45301384190027777,"activity":0.002038324514991182,"bolusiob":0}
