{"iob":-0.13400352750388894,"activity":-0.0007660052910052915,"bolusiob":0}
