{"iob":-0.32339549093743264,"activity":-0.0045346559964726625,"bolusiob":0}
