{"iob":0.07320214014166665,"activity":0.003407848324514991,"bolusiob":0}
