{"iob":-0.36776017796138044,"activity":-0.0034128482363315706,"bolusiob":0}
