{"iob":0.04151468583570656,"activity":0.00050000012345679,"bolusiob":0}
