{"iob":-0.012993030893749985,"activity":-0.000928439153439153,"bolusiob":0}
