{"iob":0.14609026290728636,"activity":-0.004618174514991181,"bolusiob":0}
