{"iob":0.0784982090035555,"activity":-0.001925238095238094,"bolusiob":0}
