{"iob":-0.46268804025666677,"activity":-0.003945070546737214,"bolusiob":0}
