{"iob":-0.5056044569309722,"activity":-0.005409373897707231,"bolusiob":0}
