{"iob":-0.07702585660299532,"activity":-0.0006689861552028218,"bolusiob":0}
