{"iob":0.011440700662018646,"activity":0.0003716945679012349,"bolusiob":0}
