{"iob":-0.0507134147585764,"activity":-0.0027043474426807755,"bolusiob":0}
