{"iob":-0.42538609332414906,"activity":-0.002743827460317459,"bolusiob":0}
