{"iob":0.016364851702843797,"activity":-0.0011052353615520277,"bolusiob":0}
