{"iob":0.10798163901279542,"activity":-0.00014966465608465572,"bolusiob":0}
