{"iob":-0.24917802900124533,"activity":-0.0011903353615520288,"bolusiob":0}
