{"iob":-0.3231307401337584,"activity":-0.0019101059082892416,"bolusiob":0}
