{"iob":0.6235836489944321,"activity":0.004909514902998238,"bolusiob":0}
