{"iob":-0.36949534885388885,"activity":-0.0036719135802469128,"bolusiob":0}
