{"iob":0.10460746175222117,"activity":0.0060317107407407405,"bolusiob":0}
