{"iob":-0.22171462937199998,"activity":-0.0002220634920634922,"bolusiob":0}
