{"iob":-0.07296020948283043,"activity":-0.0039121690652557314,"bolusiob":0}
