{"iob":-0.3197058521061463,"activity":-0.0030044180776014106,"bolusiob":0}
