{"iob":0.46730256450886043,"activity":0.000895070458553792,"bolusiob":0}
