{"iob":0.0998228479688889,"activity":0.00004123456790123456,"bolusiob":0}
