{"iob":0.45544000714028166,"activity":0.008926948888888885,"bolusiob":0}
