{"iob":0.07776363790055554,"activity":-0.0011998059964726628,"bolusiob":0}
