{"iob":-0.04055877040416269,"activity":0.004178307248677247,"bolusiob":0}
