{"iob":-0.18108463591121687,"activity":-0.001144412874779542,"bolusiob":0}
