{"iob":0.024157495285345144,"activity":0.0014050529982363319,"bolusiob":0}
