{"iob":0.445699675653889,"activity":0.008924814814814818,"bolusiob":0}
