{"iob":-0.02201939306541665,"activity":0.0001958024691358027,"bolusiob":0}
