{"iob":0.1646398809511111,"activity":0.007558650793650794,"bolusiob":0}
