{"iob":-0.28444559980633344,"activity":-0.004144003527336859,"bolusiob":0}
