{"iob":0.13799698819851697,"activity":0.006015875837742503,"bolusiob":0}
