{"iob":0.022898061851395646,"activity":0.001992283862433862,"bolusiob":0}
