{"iob":-0.2612517301100001,"activity":-0.00032924162257495695,"bolusiob":0}
