{"iob":0.8524411809048448,"activity":0.006776049382716047,"bolusiob":0}
