{"iob":0.8746936216259721,"activity":0.009888104056437391,"bolusiob":0}
