{"iob":0.13997477151477777,"activity":0.00026425044091710816,"bolusiob":0}
