{"iob":-0.23476632197777778,"activity":-0.002094920634920634,"bolusiob":0}
