{"iob":-0.31997897194111113,"activity":-0.0021426455026455024,"bolusiob":0}
