{"iob":-0.14852261021333335,"activity":-0.00018296296296296295,"bolusiob":0}
