{"iob":-0.02226103297468749,"activity":-0.00023584656084656082,"bolusiob":0}
