{"iob":0.04375939173777778,"activity":0.0003264197530864197,"bolusiob":0}
