{"iob":0.25887286751665184,"activity":0.004433906613756613,"bolusiob":0}
