{"iob":-0.29744050083444445,"activity":-0.002157248677248677,"bolusiob":0}
