{"iob":0.39118614400633334,"activity":-0.0017535097001763662,"bolusiob":0}
