{"iob":-0.02701335784802089,"activity":-0.00007865617283950657,"bolusiob":0}
