{"iob":-0.25207869123279086,"activity":0.0003347440035273368,"bolusiob":0}
