{"iob":0.2450959947230489,"activity":0.01023682537918871,"bolusiob":0}
