{"iob":0.678144785567055,"activity":0.010701428342151672,"bolusiob":0}
