{"iob":0.47995331589555235,"activity":0.010456931499118164,"bolusiob":0}
