{"iob":-0.28634818182152777,"activity":-0.0019489506172839502,"bolusiob":0}
