{"iob":-0.35323872368625,"activity":-0.0018227160493827158,"bolusiob":0}
