{"iob":-0.2309498519983333,"activity":-0.0005433597883597881,"bolusiob":0}
