{"iob":-0.11043661224675702,"activity":0.003964653844797179,"bolusiob":0}
