{"iob":-0.29486661937833336,"activity":-0.00142,"bolusiob":0}
