{"iob":-0.22392319330010416,"activity":-0.000896036155202822,"bolusiob":0}
