{"iob":-0.2187345519691667,"activity":-0.00220705467372134,"bolusiob":0}
