{"iob":0.8843502370915307,"activity":0.007768125485008818,"bolusiob":0}
