{"iob":0.23563182030129845,"activity":0.0009913583950617282,"bolusiob":0}
