{"iob":-0.1468558035338889,"activity":-0.0031088359788359787,"bolusiob":0}
