{"iob":0.004179537208342084,"activity":-0.001011551781305115,"bolusiob":0}
