{"iob":0.05504583051777776,"activity":0.0010013403880070543,"bolusiob":0}
