{"iob":-0.30090640963277776,"activity":-0.0016861199294532624,"bolusiob":0}
