{"iob":-0.24312107010000003,"activity":-0.0005314814814814814,"bolusiob":0}
