{"iob":-0.2735587085,"activity":-0.0015952204585537914,"bolusiob":0}
