{"iob":-0.3275340351325299,"activity":-0.0045771956790123455,"bolusiob":0}
