{"iob":0.002786034613333344,"activity":0.0005051146384479715,"bolusiob":0}
