{"iob":0.08202515755473563,"activity":-0.0035034833686067015,"bolusiob":0}
