{"iob":-0.06016287537000001,"activity":-0.0008195767195767199,"bolusiob":0}
