{"iob":0.06510459682800003,"activity":-0.002498659611992945,"bolusiob":0}
