{"iob":0.24464320622004443,"activity":0.0005376366843033513,"bolusiob":0}
