{"iob":0.5043675559275278,"activity":0.00027849206349206434,"bolusiob":0}
