{"iob":-0.06645874245833334,"activity":-0.002656966490299824,"bolusiob":0}
