{"iob":-0.27732902977940865,"activity":-0.0038857145502645494,"bolusiob":0}
