{"iob":0.1680664284227778,"activity":-0.0022389947089947082,"bolusiob":0}
