{"iob":-0.3580127983911111,"activity":0.0005139506172839505,"bolusiob":0}
