{"iob":-0.28563221608,"activity":-0.0023708465608465604,"bolusiob":0}
