{"iob":-0.30441797052873076,"activity":-0.0028127602292768957,"bolusiob":0}
