{"iob":0.3629621760162026,"activity":0.008521128783068786,"bolusiob":0}
