{"iob":0.3489035274866667,"activity":-0.0014712804232804224,"bolusiob":0}
