{"iob":0.20277845881625006,"activity":0.004990238095238095,"bolusiob":0}
