{"iob":-0.18144117590666667,"activity":-0.0007881481481481481,"bolusiob":0}
