{"iob":-0.3809198818751988,"activity":-0.0025362082363315688,"bolusiob":0}
