{"iob":0.4568019639888889,"activity":-0.0005491358024691347,"bolusiob":0}
