{"iob":0.34283541762,"activity":0.0005969135802469136,"bolusiob":0}
