{"iob":0.28833939907852674,"activity":0.0041281217989417975,"bolusiob":0}
