{"iob":0.22527858814004997,"activity":-0.0005242944091710758,"bolusiob":0}
