{"iob":0.1354467414691229,"activity":-0.0014868341269841262,"bolusiob":0}
