{"iob":0.9648435183739239,"activity":0.010477134038800705,"bolusiob":0}
