{"iob":1.0235949855340276,"activity":0.009551860670194007,"bolusiob":0}
