{"iob":0.06396095835111112,"activity":-0.0005775308641975308,"bolusiob":0}
