{"iob":-0.19283568693555558,"activity":-0.0020141975308641973,"bolusiob":0}
