{"iob":0.2759191998919188,"activity":-0.00020220456790123452,"bolusiob":0}
