{"iob":-0.46955661287333333,"activity":-0.0033088007054673726,"bolusiob":0}
