{"iob":-0.046943270021069274,"activity":-0.0005077688712522042,"bolusiob":0}
