{"iob":0.27072485268507246,"activity":0.0047821606172839485,"bolusiob":0}
