{"iob":0.04056069540298626,"activity":0.00023427698412698434,"bolusiob":0}
