{"iob":-0.11208091535532683,"activity":-0.0004348501763668428,"bolusiob":0}
