{"iob":-0.11273873480851736,"activity":0.000023351093474426455,"bolusiob":0}
