{"iob":-0.029745324378888938,"activity":-0.0029333862433862435,"bolusiob":0}
