{"iob":-0.42155222721294966,"activity":-0.0033529718694885356,"bolusiob":0}
