{"iob":-0.15833563894166666,"activity":-0.00013723985890652497,"bolusiob":0}
