{"iob":0.3770910934353212,"activity":-0.0006852294003527334,"bolusiob":0}
