{"iob":-0.24135171590111112,"activity":-0.00216694885361552,"bolusiob":0}
