{"iob":-0.10035434516666668,"activity":-0.0027768959435626093,"bolusiob":0}
