{"iob":-0.02150889103266295,"activity":0.0008688711640211638,"bolusiob":0}
