{"iob":0.31623717540655844,"activity":0.005488333703703704,"bolusiob":0}
