{"iob":-0.3108815568089929,"activity":-0.003046799153439153,"bolusiob":0}
