{"iob":0.07920839994229364,"activity":0.0017238006172839496,"bolusiob":0}
