{"iob":0.1500414660742222,"activity":0.00047271604938271605,"bolusiob":0}
