{"iob":-0.07483535073021665,"activity":-0.002160281816578483,"bolusiob":0}
