{"iob":0.01600634410961088,"activity":0.0012547443562610236,"bolusiob":0}
