{"iob":0.7434107773724321,"activity":0.00560297169312169,"bolusiob":0}
