{"iob":-0.2105775800338889,"activity":-0.00014627865961199332,"bolusiob":0}
