{"iob":-0.3599220439734307,"activity":-0.001726305114638448,"bolusiob":0}
