{"iob":-0.28749418512569436,"activity":-0.0018285449735449743,"bolusiob":0}
