{"iob":-0.3038038449850671,"activity":-0.00396069365079365,"bolusiob":0}
