{"iob":0.14191713016911114,"activity":-0.0032481058201058195,"bolusiob":0}
