{"iob":-0.20876552011555558,"activity":-0.00012691358024691357,"bolusiob":0}
