{"iob":-0.02094519857303791,"activity":0.00024995599647266366,"bolusiob":0}
