{"iob":-0.11081914872301954,"activity":-0.0002628393827160494,"bolusiob":0}
