{"iob":-0.016710909934249327,"activity":0.0011787388888888884,"bolusiob":0}
