{"iob":0.7241765620839166,"activity":0.01010427689594356,"bolusiob":0}
