{"iob":-0.11548907321915582,"activity":-0.004026405202821869,"bolusiob":0}
