{"iob":-0.1271300118433334,"activity":-0.002935273368606702,"bolusiob":0}
