{"iob":-0.3418473139422223,"activity":-0.001808465608465608,"bolusiob":0}
