{"iob":-0.4188382688844445,"activity":-0.004144867724867724,"bolusiob":0}
