{"iob":0.7667997563713483,"activity":0.003240050088183421,"bolusiob":0}
