{"iob":-0.38401945113524305,"activity":-0.005834717813051147,"bolusiob":0}
