{"iob":-0.3727609994281055,"activity":-0.0046423722574955905,"bolusiob":0}
