{"iob":0.36305825788742874,"activity":-0.00038538788359788296,"bolusiob":0}
