{"iob":-0.003548435000000013,"activity":0.0018095238095238086,"bolusiob":0}
