{"iob":-0.495275981004132,"activity":-0.00502489417989418,"bolusiob":0}
