{"iob":-0.415889105,"activity":-0.002759259259259259,"bolusiob":0}
