{"iob":-0.09373951752166665,"activity":-0.0016203703703703708,"bolusiob":0}
