{"iob":0.9046434717679167,"activity":0.008175952380952383,"bolusiob":0}
