{"iob":-0.19292441522277776,"activity":-0.0004970987654320987,"bolusiob":0}
