{"iob":0.14687808747722222,"activity":0.0028036507936507952,"bolusiob":0}
