{"iob":-0.5204101091342223,"activity":-0.006009559082892415,"bolusiob":0}
