{"iob":-0.34260491309784263,"activity":-0.004197618959435625,"bolusiob":0}
