{"iob":0.45669870469091745,"activity":0.001987901322751323,"bolusiob":0}
