{"iob":0.04784939045301711,"activity":0.0038544002645502645,"bolusiob":0}
