{"iob":-0.2757479742970907,"activity":-0.0024126455908289237,"bolusiob":0}
