{"iob":0.11755088544972223,"activity":-0.0019350529100529092,"bolusiob":0}
