{"iob":0.6690041613688887,"activity":0.0031650088183421505,"bolusiob":0}
