{"iob":-0.16114105278059343,"activity":-0.0016924253439153435,"bolusiob":0}
