{"iob":0.37729618612833316,"activity":0.0003115608465608461,"bolusiob":0}
