{"iob":0.3288857368210746,"activity":-0.0038357934391534377,"bolusiob":0}
