{"iob":-0.12409046052166671,"activity":-0.0028330687830687828,"bolusiob":0}
