{"iob":-0.15386156737038997,"activity":-0.002069549894179894,"bolusiob":0}
