{"iob":0.1913219827508889,"activity":0.000006172839506173421,"bolusiob":0}
