{"iob":-0.16204596290166673,"activity":-0.003229003527336862,"bolusiob":0}
