{"iob":0.9676011839645833,"activity":0.008898456790123454,"bolusiob":0}
