{"iob":0.20699140053966664,"activity":-0.004011640211640212,"bolusiob":0}
