{"iob":-0.4305524665160972,"activity":-0.0034877072310405635,"bolusiob":0}
