{"iob":0.15913771264500007,"activity":0.0007418518518518517,"bolusiob":0}
