{"iob":0.32968911891,"activity":0.0026084656084656085,"bolusiob":0}
