{"iob":-0.1776512204447778,"activity":-0.006180846560846561,"bolusiob":0}
