{"iob":0.5066122797577778,"activity":0.0012355202821869489,"bolusiob":0}
