{"iob":-0.24812977751679707,"activity":-0.0047702732804232794,"bolusiob":0}
