{"iob":-0.0023960691666666534,"activity":-0.000348324514991181,"bolusiob":0}
