{"iob":0.051769015602147125,"activity":0.004457762469135802,"bolusiob":0}
