{"iob":-0.21266789926333338,"activity":-0.001306552028218695,"bolusiob":0}
