{"iob":-0.13206686566311115,"activity":-0.0017931358024691358,"bolusiob":0}
