{"iob":0.1836208623129167,"activity":0.008063977072310406,"bolusiob":0.008289079599999971}
