{"iob":-0.33513175176895993,"activity":-0.00284905656084656,"bolusiob":0}
