{"iob":-0.14352042055414752,"activity":-0.0023627780423280424,"bolusiob":0}
