{"iob":-0.049837306944444444,"activity":-0.00003395061728395061,"bolusiob":0}
