{"iob":0.9714573163544445,"activity":0.009461975308641974,"bolusiob":0}
