{"iob":-0.29669844544799867,"activity":-0.003574585802469135,"bolusiob":0}
