{"iob":-0.37648702658277783,"activity":-0.00270537037037037,"bolusiob":0}
