{"iob":0.2248743577984563,"activity":0.0033018519400352738,"bolusiob":0}
