{"iob":0.8309454660623911,"activity":0.006295308765432098,"bolusiob":0}
