{"iob":-0.3568621451174444,"activity":-0.002743985890652557,"bolusiob":0}
