{"iob":-0.181432444295,"activity":-0.00381594356261023,"bolusiob":0}
