{"iob":-0.233851140848238,"activity":-0.00017689611992945364,"bolusiob":0}
