{"iob":-0.3970643881498612,"activity":-0.005642134038800705,"bolusiob":0}
