{"iob":-0.3200771303072223,"activity":-0.0026335273368606705,"bolusiob":0}
