{"iob":-0.026408610995000033,"activity":-0.005259735449735448,"bolusiob":0}
