{"iob":-0.3173065036025644,"activity":0.00022255719576719582,"bolusiob":0}
