{"iob":-0.09771374201111112,"activity":-0.00021493827160493824,"bolusiob":0}
