{"iob":-0.21337878303608646,"activity":-0.0007295946208112875,"bolusiob":0}
