{"iob":-0.018205252163260136,"activity":0.0004146120811287477,"bolusiob":0}
