{"iob":0.5057320490924089,"activity":0.0076830041446208095,"bolusiob":0}
