{"iob":-0.22454191361555556,"activity":-0.002682892416225749,"bolusiob":0}
