{"iob":-0.223312133028376,"activity":-0.00015238985890652572,"bolusiob":0}
