{"iob":0.01153768586888887,"activity":-0.0019520899470899463,"bolusiob":0}
