{"iob":-0.28308428914888895,"activity":-0.003592698412698412,"bolusiob":0}
