{"iob":-0.32617546745385323,"activity":-0.0020023810758377425,"bolusiob":0}
