{"iob":-0.1171276759018055,"activity":0.000912918871252206,"bolusiob":0}
