{"iob":-0.2702644504472622,"activity":-0.005129726754850088,"bolusiob":0}
