{"iob":-0.4005453227666667,"activity":-0.003074638447971781,"bolusiob":0}
