{"iob":-0.1510501086972222,"activity":-0.0023758377425044087,"bolusiob":0}
