{"iob":-0.19649968296,"activity":-0.0003567901234567901,"bolusiob":0}
