{"iob":-0.02854420321708334,"activity":-0.0014285273368606695,"bolusiob":0}
