{"iob":-0.0544997188575521,"activity":-0.002178725749559082,"bolusiob":0}
