{"iob":-0.3389189345902104,"activity":-0.004834197442680776,"bolusiob":0}
