{"iob":-0.23998481505833336,"activity":-0.0018947442680776019,"bolusiob":0}
