{"iob":0.3616214585327088,"activity":0.0002889507407407403,"bolusiob":0}
