{"iob":0.8741115686215281,"activity":0.009656216931216934,"bolusiob":0}
