{"iob":-0.48138555448388887,"activity":-0.004533068783068783,"bolusiob":0}
