{"iob":-0.2657401117711111,"activity":-0.002106402116402116,"bolusiob":0}
