{"iob":0.19232350751024566,"activity":0.0025638711287477942,"bolusiob":0}
