{"iob":-0.0038567723920572786,"activity":-0.0004493496472663135,"bolusiob":0}
