{"iob":0.2097221455737309,"activity":0.004592874814814815,"bolusiob":0}
