{"iob":-0.021564887797802943,"activity":0.0008641092592592598,"bolusiob":0}
