{"iob":-0.3118298163393056,"activity":-0.002139876543209876,"bolusiob":0}
