{"iob":-0.3698474152107266,"activity":-0.003400520405643738,"bolusiob":0}
