{"iob":0.04642826616611107,"activity":0.0008079541446208106,"bolusiob":0}
