{"iob":-0.03002753191093642,"activity":0.00004555529100529139,"bolusiob":0}
