{"iob":0.004158258782777709,"activity":-0.0002648853615520279,"bolusiob":0}
