{"iob":-0.33948114387819295,"activity":-0.0017345768077601414,"bolusiob":0}
