{"iob":-0.4361583339833334,"activity":-0.0030179012345679006,"bolusiob":0}
