{"iob":-0.08951817622552083,"activity":-0.0025560405643738973,"bolusiob":0}
