{"iob":0.17346309657500003,"activity":0.0039801587301587305,"bolusiob":0}
