{"iob":-0.09441126717390154,"activity":-0.0022630157495590834,"bolusiob":0}
