{"iob":0.2543766908288483,"activity":0.00017402148148148145,"bolusiob":0}
