{"iob":-0.1345404575241667,"activity":-0.002874356261022927,"bolusiob":0}
