{"iob":-0.048144491259861116,"activity":-0.000930449735449735,"bolusiob":0}
