{"iob":0.01086708488764055,"activity":-0.003623914197530864,"bolusiob":0}
