{"iob":-0.3489988734056807,"activity":-0.002742804320987654,"bolusiob":0}
