{"iob":-0.22973578756944452,"activity":-0.00459400352733686,"bolusiob":0}
