{"iob":-0.07148462287152778,"activity":-0.00026334215167548507,"bolusiob":0}
