{"iob":-0.11886186013552663,"activity":-0.00558184278659612,"bolusiob":0}
