{"iob":0.9592473859527777,"activity":0.008802751322751318,"bolusiob":0}
