{"iob":-0.26979034888324677,"activity":-0.0014607145855379193,"bolusiob":0}
