{"iob":-0.23421843870489267,"activity":-0.003310299735449735,"bolusiob":0}
