{"iob":0.43717731702833346,"activity":-0.00011970017636684274,"bolusiob":0}
