{"iob":-0.4254040875177778,"activity":-0.005596455026455025,"bolusiob":0}
