{"iob":0.07815084856589816,"activity":0.0052659611111111095,"bolusiob":0}
