{"iob":-0.25159480024833336,"activity":-0.0011349559082892418,"bolusiob":0}
