{"iob":-0.25642629737277783,"activity":-0.003020291005291004,"bolusiob":0}
