{"iob":0.6984751834622802,"activity":0.007296737583774248,"bolusiob":0}
