{"iob":-0.42689783818513893,"activity":-0.001639373897707231,"bolusiob":0}
