{"iob":0.15018361593402782,"activity":0.0008177689594356262,"bolusiob":0}
