{"iob":0.25959530317682444,"activity":-0.004191737001763669,"bolusiob":0}
