{"iob":-0.1691753593408889,"activity":-0.0021915873015873016,"bolusiob":0}
