{"iob":0.0494705538635456,"activity":-0.004285520405643738,"bolusiob":0}
