{"iob":-0.0155044938186749,"activity":-0.0008726365961199314,"bolusiob":0}
