{"iob":0.824584278301139,"activity":0.009988121693121688,"bolusiob":0}
