{"iob":-0.39730143795555556,"activity":-0.0034619223985890646,"bolusiob":0}
