{"iob":-0.28336086149734285,"activity":-0.0025054586419753083,"bolusiob":0}
