{"iob":-0.16185863015549856,"activity":0.002560749171075838,"bolusiob":0}
