{"iob":-0.04201970234291668,"activity":0.0022882098765432094,"bolusiob":0}
