{"iob":-0.01692893550468752,"activity":-0.0004297619047619048,"bolusiob":0}
