{"iob":-0.2867017455636111,"activity":-0.0009088007054673722,"bolusiob":0}
