{"iob":-0.2800335021329047,"activity":-0.0007663141093474431,"bolusiob":0}
