{"iob":-0.2130574068785511,"activity":-0.0046353350970017625,"bolusiob":0}
