{"iob":-0.21253056098555562,"activity":-0.0030158730158730157,"bolusiob":0}
