{"iob":-0.1916366608798264,"activity":-0.00010315696649029986,"bolusiob":0}
