{"iob":-0.19034699625644785,"activity":-0.0013473102821869479,"bolusiob":0}
