{"iob":0.9167541678263333,"activity":0.0052842151675484995,"bolusiob":0}
