{"iob":-0.38644575385761626,"activity":-0.0036102734567901233,"bolusiob":0}
