{"iob":-0.39851079287208335,"activity":-0.0026677160493827155,"bolusiob":0}
