{"iob":-0.29695532741499997,"activity":-0.002833915343915343,"bolusiob":0}
