{"iob":-0.255526044001706,"activity":-0.0036491621693121685,"bolusiob":0}
