{"iob":-0.24386161596444444,"activity":-0.000531358024691358,"bolusiob":0}
