{"iob":0.12948110015000666,"activity":0.002467874902998236,"bolusiob":0}
