{"iob":0.02043251445847228,"activity":0.004634541446208112,"bolusiob":0}
