{"iob":-0.14685238529908332,"activity":-0.0013552910052910046,"bolusiob":0}
