{"iob":-0.45409056489666666,"activity":-0.004418765432098764,"bolusiob":0}
