{"iob":-0.1953792124138889,"activity":-0.00040166666666666665,"bolusiob":0}
