{"iob":0.2034378164162021,"activity":-0.001562373668430335,"bolusiob":0}
