{"iob":-0.0975817988254167,"activity":-0.003052433862433863,"bolusiob":0}
