{"iob":-0.20599501291930555,"activity":-0.0025254850088183424,"bolusiob":0}
