{"iob":-0.002948978842526283,"activity":0.002076719488536153,"bolusiob":0}
