{"iob":-0.01165584358777777,"activity":-0.0019403791887125214,"bolusiob":0}
