{"iob":-0.1951160492181746,"activity":0.00003233492063492023,"bolusiob":0}
