{"iob":-0.13512857662895317,"activity":-0.00004641119929453357,"bolusiob":0}
