{"iob":-0.07813186599453856,"activity":0.0010940676014109345,"bolusiob":0}
