{"iob":0.027964267266666676,"activity":0.0017954144620811285,"bolusiob":0}
