{"iob":0.09718251824088892,"activity":0.0005671604938271604,"bolusiob":0}
