{"iob":-0.18415731940825,"activity":-0.0012161816578483242,"bolusiob":0}
