{"iob":0.26096019380280727,"activity":0.005552954514991181,"bolusiob":0}
