{"iob":-0.2675170312546875,"activity":-0.0005715432098765435,"bolusiob":0}
