{"iob":-0.04926431150833334,"activity":-0.0016662257495590827,"bolusiob":0}
