{"iob":-0.5176230578468566,"activity":-0.004671234567901233,"bolusiob":0}
