{"iob":0.28288667463125,"activity":-0.003466067019400351,"bolusiob":0}
