{"iob":-0.2665210431338976,"activity":-0.0021366933862433865,"bolusiob":0}
