{"iob":-0.02367035831875,"activity":-0.00003201058201058221,"bolusiob":0}
