{"iob":-0.021968851080833348,"activity":-0.0012902998236331569,"bolusiob":0}
