{"iob":0.031224742421900695,"activity":0.0011272046737213406,"bolusiob":0}
