{"iob":-0.37457692821482635,"activity":-0.0008081393298059966,"bolusiob":0}
