{"iob":-0.049841654000000006,"activity":-0.00003333333333333333,"bolusiob":0}
