{"iob":0.0902253580088889,"activity":0.0005891358024691358,"bolusiob":0}
