{"iob":-0.35634182302000006,"activity":-0.0037495502645502644,"bolusiob":0}
