{"iob":-0.42004948086518856,"activity":-0.005871816419753085,"bolusiob":0}
