{"iob":-0.27510950708166665,"activity":-0.0027768606701940035,"bolusiob":0}
