{"iob":-0.19403970494597225,"activity":0.0005622222222222231,"bolusiob":0}
