{"iob":-0.4002964195352311,"activity":-0.0051941976543209865,"bolusiob":0}
