{"iob":-0.29331515171430567,"activity":-0.00510621693121693,"bolusiob":0}
