{"iob":-0.36047227544802096,"activity":-0.005828994708994708,"bolusiob":0}
