{"iob":-0.0038567787707291584,"activity":-0.00044931657848324455,"bolusiob":0}
