{"iob":-0.31926054902055045,"activity":-0.0030481745149911815,"bolusiob":0}
