{"iob":0.04356194867833338,"activity":0.0020358201058201055,"bolusiob":0}
