{"iob":-0.019422565600170413,"activity":0.0017300882716049372,"bolusiob":0}
