{"iob":-0.237796416856424,"activity":-0.00224846569664903,"bolusiob":0}
