{"iob":-0.1797181722738889,"activity":0.0005700617283950617,"bolusiob":0}
