{"iob":0.5585378528142277,"activity":0.0024899207231040563,"bolusiob":0}
