{"iob":-0.39094551451011994,"activity":-0.005319612116402115,"bolusiob":0}
