{"iob":0.07035570471813075,"activity":-0.000018394973544973594,"bolusiob":0}
