{"iob":0.27474718983805557,"activity":0.0014987566137566136,"bolusiob":0}
