{"iob":-0.23619643578400898,"activity":-0.005274982239858906,"bolusiob":0}
