{"iob":-0.016280796249872914,"activity":0.0005696471781305115,"bolusiob":0}
