{"iob":-0.18672814585043054,"activity":-0.0006307760141093483,"bolusiob":0}
