{"iob":-0.06158423461519444,"activity":-0.001967760141093474,"bolusiob":0}
