{"iob":0.9920568290281889,"activity":0.010583699576719573,"bolusiob":0}
