{"iob":-0.26779193442694454,"activity":-0.0030173544973544973,"bolusiob":0}
