{"iob":-0.2113087586538889,"activity":0.000024197530864196927,"bolusiob":0}
