{"iob":-0.09844172694277778,"activity":-0.00017783950617283949,"bolusiob":0}
