{"iob":-0.5107890667129638,"activity":-0.0015957935626102304,"bolusiob":0}
