{"iob":-0.20753263182611112,"activity":-0.00016284832451499105,"bolusiob":0}
