{"iob":-0.3927629411517067,"activity":-0.0007923017107583784,"bolusiob":0}
