{"iob":0.9120756812918056,"activity":0.00854461199294532,"bolusiob":0}
