{"iob":-0.07048183737000002,"activity":-0.00042275132275132314,"bolusiob":0}
