{"iob":-0.3651542039305556,"activity":-0.0040828747795414455,"bolusiob":0}
