{"iob":0.7858580400599999,"activity":0.009233227513227513,"bolusiob":0}
