{"iob":-0.2775445631566667,"activity":-0.003175996472663139,"bolusiob":0}
