{"iob":-0.09100913683477785,"activity":-0.0018742328042328036,"bolusiob":0}
