{"iob":0.24533157625198368,"activity":0.001305449770723104,"bolusiob":0}
