{"iob":-0.30566816144138376,"activity":-0.0038697621340388006,"bolusiob":0}
