{"iob":-0.36357157850583327,"activity":-0.0018891534391534395,"bolusiob":0}
