{"iob":-0.2826843173014251,"activity":-0.0016700529982363315,"bolusiob":0}
