{"iob":-0.5388207560027777,"activity":-0.003278350970017636,"bolusiob":0}
