{"iob":-0.18174141666611113,"activity":-0.003081499118165784,"bolusiob":0}
