{"iob":-0.19013115952255555,"activity":-0.000983342151675485,"bolusiob":0}
