{"iob":-0.05041482237722222,"activity":0.0018112874779541432,"bolusiob":0}
