{"iob":-0.17829304477083333,"activity":-0.0028231128747795414,"bolusiob":0}
