{"iob":-0.2676071987635196,"activity":-0.0034133422398589055,"bolusiob":0}
