{"iob":0.30211164413551517,"activity":0.0038540477072310404,"bolusiob":0}
