{"iob":-0.03147959306125002,"activity":0.00030701058201058136,"bolusiob":0}
