{"iob":-0.24768866101250003,"activity":-0.0012584391534391532,"bolusiob":0}
