{"iob":-0.357353695167,"activity":-0.001314814814814814,"bolusiob":0}
