{"iob":0.14929784300888888,"activity":0.00011333333333333331,"bolusiob":0}
