{"iob":-0.12770621724222225,"activity":-0.0013531569664902996,"bolusiob":0}
