{"iob":-0.2103637604427778,"activity":-0.0028190299823633146,"bolusiob":0}
