{"iob":-0.0076965129307456906,"activity":-0.00043308650793650813,"bolusiob":0}
