{"iob":-0.3346746125181278,"activity":-0.0029165167372134037,"bolusiob":0}
