{"iob":0.3759693730979167,"activity":0.0006614109347442685,"bolusiob":0}
