{"iob":-0.5195284439533334,"activity":-0.004433077601410934,"bolusiob":0}
