{"iob":-0.19045669505387883,"activity":-0.003027081252204585,"bolusiob":0}
