{"iob":-0.19360864911388356,"activity":-0.000301464021164022,"bolusiob":0}
