{"iob":-0.18225266525479167,"activity":-0.003735194003527337,"bolusiob":0}
