{"iob":-0.3476231992311199,"activity":-0.005263404003527335,"bolusiob":0}
