{"iob":-0.2528647929455556,"activity":0.0019903350970017636,"bolusiob":0}
