{"iob":-0.3260222332159082,"activity":-0.003992142768959435,"bolusiob":0}
