{"iob":0.2623550961472222,"activity":-0.002308977072310405,"bolusiob":0}
