{"iob":-0.18627650020888892,"activity":-0.002357389770723104,"bolusiob":0}
