{"iob":-0.13196574079256096,"activity":0.004022432275132275,"bolusiob":0}
