{"iob":-0.18968973094034725,"activity":-0.0003694532627865959,"bolusiob":0}
