{"iob":-0.47864482190333335,"activity":-0.0029497001763668425,"bolusiob":0}
