{"iob":-0.06226146920420294,"activity":0.000817230952380952,"bolusiob":0}
