{"iob":0.12145135970380214,"activity":0.001972627989417989,"bolusiob":0}
