{"iob":-0.22783138764083333,"activity":-0.0030297001763668428,"bolusiob":0}
