{"iob":-0.08218383620412821,"activity":-0.0008699868606701939,"bolusiob":0}
