{"iob":0.049333278713888894,"activity":0.00008944444444444444,"bolusiob":0}
