{"iob":-0.2858097349088889,"activity":-0.0021016402116402115,"bolusiob":0}
