{"iob":-0.4515014327595068,"activity":-0.004845114761904761,"bolusiob":0}
