{"iob":-0.012772214939288928,"activity":-0.0020953791887125214,"bolusiob":0}
