{"iob":0.1912107225166666,"activity":-0.004033862433862433,"bolusiob":0}
