{"iob":-0.08410695337541668,"activity":-0.0022944885361552026,"bolusiob":0}
