{"iob":1.0045412281412565,"activity":0.006927239947089946,"bolusiob":0}
