{"iob":0.19744597337975,"activity":0.008281652557319222,"bolusiob":0}
