{"iob":-0.03044175472491044,"activity":-0.005896446119929452,"bolusiob":0}
