{"iob":-0.20289522970888893,"activity":-0.0018953262786596111,"bolusiob":0}
