{"iob":0.5387840814961459,"activity":0.009909303350970018,"bolusiob":0}
