{"iob":0.007896283914753228,"activity":-0.0019585981834215173,"bolusiob":0}
