{"iob":0.1528526327960972,"activity":0.004623086419753086,"bolusiob":0}
