{"iob":-0.21822327945222225,"activity":-0.0025450617283950612,"bolusiob":0}
