{"iob":-0.2157119193488909,"activity":-0.0036575045326278643,"bolusiob":0}
