{"iob":-0.32580319827435555,"activity":-0.002353959559082892,"bolusiob":0}
