{"iob":0.107719095621234,"activity":-0.0034976718694885362,"bolusiob":0}
