{"iob":0.244530041938196,"activity":-0.002378659700176367,"bolusiob":0}
