{"iob":-0.4190332831488834,"activity":-0.004660784955908289,"bolusiob":0}
