{"iob":0.22715372715593787,"activity":-0.0017852205820105818,"bolusiob":0}
