{"iob":0.03742633280597223,"activity":0.0015739417989417994,"bolusiob":0}
