{"iob":0.2413589935505556,"activity":-0.0003029100529100523,"bolusiob":0}
