{"iob":-0.1924957817955556,"activity":-0.0028286331569664903,"bolusiob":0}
