{"iob":-0.3214092309986667,"activity":-0.0009797918871252203,"bolusiob":0}
