{"iob":-0.2415522571389929,"activity":-0.0031515257848324513,"bolusiob":0}
