{"iob":0.7471904371689722,"activity":0.0018518430335096995,"bolusiob":0}
