{"iob":-0.18430499537385242,"activity":0.0018715781305114634,"bolusiob":0}
