{"iob":-0.12193740113333336,"activity":-0.0028447971781305112,"bolusiob":0}
