{"iob":0.035120595064999996,"activity":0.002135714285714285,"bolusiob":0}
