{"iob":0.10090656086533337,"activity":0.0025855379188712523,"bolusiob":0}
