{"iob":-0.37956113190166674,"activity":-0.003896084656084655,"bolusiob":0}
