{"iob":-0.17513599798988794,"activity":0.002643641622574955,"bolusiob":0}
