{"iob":-0.44530534237,"activity":-0.002273086419753086,"bolusiob":0}
