{"iob":0.2579188645025556,"activity":-0.000006603174603174818,"bolusiob":0}
