{"iob":-0.20772276605065954,"activity":-0.003641367054673721,"bolusiob":0}
