{"iob":0.028239490253611145,"activity":0.002821622574955908,"bolusiob":0}
