{"iob":-0.13356985501552515,"activity":-0.0007297267195767194,"bolusiob":0}
