{"iob":-0.5340924421357661,"activity":-0.0038672577072310387,"bolusiob":0}
