{"iob":0.00004491750000000238,"activity":0.00007142857142857124,"bolusiob":0}
