{"iob":-0.3885443348529807,"activity":-0.002506649118165784,"bolusiob":0}
