{"iob":-0.36478627746223996,"activity":-0.0022699119400352726,"bolusiob":0}
