{"iob":-0.21028069444759478,"activity":-0.0037122662257495593,"bolusiob":0}
