{"iob":-0.07945176010374996,"activity":0.001233059964726632,"bolusiob":0}
