{"iob":-0.3409573438580556,"activity":-0.005590740740740741,"bolusiob":0}
