{"iob":0.5336734780706929,"activity":0.0081135891005291,"bolusiob":0}
