{"iob":0.2370489718473611,"activity":0.0023250176366843025,"bolusiob":0.13851169460000007}
