{"iob":0.04539311296000002,"activity":0.00029086419753086417,"bolusiob":0}
