{"iob":-0.25772200849398996,"activity":0.0006113138095238102,"bolusiob":0}
