{"iob":-0.24259524020430928,"activity":-0.003994135714285713,"bolusiob":0}
