{"iob":0.4175659677273525,"activity":0.004313448095238094,"bolusiob":0}
