{"iob":-0.17698745191324064,"activity":-0.0017743123809523806,"bolusiob":0}
