{"iob":0.10944796432166667,"activity":0.004351234567901234,"bolusiob":0}
