{"iob":-0.2604420188941007,"activity":-0.001573452821869489,"bolusiob":0}
