{"iob":-0.29694334995638894,"activity":-0.0026264726631393294,"bolusiob":0}
