{"iob":0.03962845978893249,"activity":0.001539171164021164,"bolusiob":0}
