{"iob":-0.0640626656091667,"activity":-0.002358112874779541,"bolusiob":0}
