{"iob":-0.18352688159208336,"activity":-0.004244135802469135,"bolusiob":0}
