{"iob":0.09032510500427329,"activity":0.005881375220458552,"bolusiob":0}
