{"iob":-0.1933502424172574,"activity":-0.0027314374779541448,"bolusiob":0}
