{"iob":-0.38353400914363955,"activity":-0.0023542946208112868,"bolusiob":0}
