{"iob":-0.009600654867604154,"activity":-0.0007702160493827155,"bolusiob":0}
