{"iob":-0.3925103505977778,"activity":-0.004692416225749559,"bolusiob":0}
