{"iob":-0.5707483335333333,"activity":-0.0036280864197530864,"bolusiob":0}
