{"iob":-0.06942286303499995,"activity":-0.0006268959435626095,"bolusiob":0}
