{"iob":-0.3349412074033491,"activity":-0.0036176368606701936,"bolusiob":0}
