{"iob":-0.3406350368839019,"activity":-0.002710718959435626,"bolusiob":0}
