{"iob":0.10931860718635067,"activity":-0.0028098676366843027,"bolusiob":0}
