{"iob":-0.3413753250836611,"activity":-0.005194594479717812,"bolusiob":0}
