{"iob":0.538513000726714,"activity":0.002724056261022929,"bolusiob":0}
