{"iob":0.10600097242688895,"activity":-0.002811195767195766,"bolusiob":0}
