{"iob":-0.0908580913416667,"activity":-0.0032835097001763665,"bolusiob":0}
