{"iob":-0.045626290908972245,"activity":0.0004289947089947089,"bolusiob":0}
