{"iob":0.8000973199469148,"activity":0.00675300708994709,"bolusiob":0}
