{"iob":-0.04980949411740976,"activity":0.00022240299823633153,"bolusiob":0}
