{"iob":-0.3134436059241667,"activity":-0.005484567901234567,"bolusiob":0}
