{"iob":0.09251002429845762,"activity":-0.0015554142151675493,"bolusiob":0}
