{"iob":-0.43850742541311116,"activity":-0.0014870194003527332,"bolusiob":0}
