{"iob":-0.16374212407583336,"activity":-0.002981887125220458,"bolusiob":0}
