{"iob":-0.00296134928611113,"activity":0.00016722222222222222,"bolusiob":0}
