{"iob":-0.0036640239999765328,"activity":0.003156199171075838,"bolusiob":0}
