{"iob":-0.23662683418458336,"activity":-0.0050365167548500865,"bolusiob":0}
