{"iob":0.1368017622733066,"activity":-0.0018471960670194008,"bolusiob":0}
