{"iob":0.3692395245358955,"activity":0.010047953703703701,"bolusiob":0}
