{"iob":-0.2047204523967851,"activity":-0.0015458199823633156,"bolusiob":0}
