{"iob":0.3552841061422223,"activity":0.0019187654320987652,"bolusiob":0}
