{"iob":-0.5396799523480209,"activity":-0.005500255731922396,"bolusiob":0}
