{"iob":0.13746778022712058,"activity":0.0033432316578483243,"bolusiob":0}
