{"iob":0.03520753151,"activity":-0.004101199294532626,"bolusiob":0}
