{"iob":0.10201389300267635,"activity":-0.00340048504409171,"bolusiob":0}
