{"iob":-0.28538028157637557,"activity":-0.002026437689594355,"bolusiob":0}
