{"iob":-0.12281963711958332,"activity":-0.0002978395061728393,"bolusiob":0}
