{"iob":-0.33176311480928294,"activity":-0.0045406879188712515,"bolusiob":0}
