{"iob":0.06306328463079124,"activity":0.0044261902292768935,"bolusiob":0}
