{"iob":-0.27795168426169603,"activity":-0.0030592062610229277,"bolusiob":0}
