{"iob":-0.17346375464232622,"activity":-0.0033507850440917105,"bolusiob":0}
