{"iob":0.2567136571978752,"activity":0.0027084833333333334,"bolusiob":0}
