{"iob":-0.018579975371034903,"activity":-0.00010439116402116407,"bolusiob":0}
