{"iob":0.020622868051111132,"activity":0.0010120282186948852,"bolusiob":0}
