{"iob":0.17386082091951394,"activity":0.0070752645502645505,"bolusiob":0}
