{"iob":0.04787313744828628,"activity":0.002280158818342152,"bolusiob":0}
