{"iob":-0.3707063514794444,"activity":-0.0047501851851851845,"bolusiob":0}
