{"iob":0.07504575391402775,"activity":-0.0033948412698412696,"bolusiob":0}
