{"iob":0.15840825744577786,"activity":-0.005353280423280423,"bolusiob":0}
