{"iob":-0.2849089241458838,"activity":-0.005306825432098767,"bolusiob":0}
