{"iob":-0.25600647260888887,"activity":-0.004732275132275132,"bolusiob":0}
