{"iob":0.2684939704633334,"activity":0.0085842151675485,"bolusiob":0}
