{"iob":-0.22430353263486114,"activity":-0.001974329805996472,"bolusiob":0}
