{"iob":-0.27898455964,"activity":-0.0011651851851851851,"bolusiob":0}
