{"iob":0.7625506317531638,"activity":0.0061715168430335095,"bolusiob":0}
