{"iob":-0.22367016264448564,"activity":-0.003096325661375661,"bolusiob":0}
