{"iob":0.05876596844830084,"activity":-0.0001235067019400348,"bolusiob":0}
