{"iob":-0.19683628008611112,"activity":-0.002979206349206349,"bolusiob":0}
