{"iob":-0.25509427625281783,"activity":-0.0017757322222222219,"bolusiob":0}
