{"iob":-0.2683915438864904,"activity":-0.0027171339506172837,"bolusiob":0}
