{"iob":-0.029814399305920076,"activity":-0.0017692855908289238,"bolusiob":0}
