{"iob":0.06859941171513889,"activity":0.00002174603174603151,"bolusiob":0}
