{"iob":0.8936015565941989,"activity":0.01050021352733686,"bolusiob":0}
