{"iob":-0.10900279800333332,"activity":-0.00016265432098765362,"bolusiob":0}
