{"iob":0.37401419971444444,"activity":-0.0012192328042328043,"bolusiob":0}
