{"iob":0.1627069201309317,"activity":0.008190002486772485,"bolusiob":0}
