{"iob":0.34481303878,"activity":0.000547037037037037,"bolusiob":0}
