{"iob":0.4537280521026389,"activity":-0.001194038800705467,"bolusiob":0}
