{"iob":-0.29769654015361113,"activity":-0.0025972486772486763,"bolusiob":0}
