{"iob":-0.2582849292595988,"activity":0.00010390640211640231,"bolusiob":0}
