{"iob":-0.5493351022769533,"activity":-0.004948209999999999,"bolusiob":0}
