{"iob":-0.2666597210733333,"activity":-0.0017828395061728391,"bolusiob":0}
