{"iob":0.0700312456629168,"activity":0.005799885361552028,"bolusiob":0}
