{"iob":-0.04846767450833334,"activity":-0.0016529982363315693,"bolusiob":0}
