{"iob":0.28519658742666665,"activity":0.0009770370370370371,"bolusiob":0}
