{"iob":-0.16846051361748712,"activity":-0.0023881041446208113,"bolusiob":0}
