{"iob":0.04275584904878881,"activity":-0.0011485183950617282,"bolusiob":0}
