{"iob":0.2993342766815468,"activity":-0.0006484128218694888,"bolusiob":0}
