{"iob":0.008995472149999994,"activity":0.0010026455026455015,"bolusiob":0}
