{"iob":-0.3926290376829169,"activity":-0.0028159436507936503,"bolusiob":0}
