{"iob":-0.5845727682690138,"activity":-0.004764876543209876,"bolusiob":0}
