{"iob":-0.025844074293333325,"activity":-0.0002469135802469137,"bolusiob":0}
