{"iob":-0.022436236449305588,"activity":0.00009037037037037005,"bolusiob":0}
