{"iob":0.24885222963513906,"activity":0.007267716049382715,"bolusiob":0}
