{"iob":-0.1961782499757778,"activity":-0.0027936860670194,"bolusiob":0}
