{"iob":-0.02633146002999997,"activity":0.0018771781305114638,"bolusiob":0}
