{"iob":-0.2751640331061111,"activity":-0.002314514991181657,"bolusiob":0}
