{"iob":0.7129284219826638,"activity":0.00600153811287478,"bolusiob":0}
