{"iob":-0.04385979284083333,"activity":-0.0018887125220458548,"bolusiob":0}
