{"iob":0.3384902051942377,"activity":0.0043134390299823635,"bolusiob":0}
