{"iob":-0.18416630372793055,"activity":0.0015656966490299822,"bolusiob":0}
