{"iob":-0.3469699296488889,"activity":-0.0036906525573192233,"bolusiob":0}
