{"iob":0.014738491651388921,"activity":0.0010641269841269844,"bolusiob":0}
