{"iob":0.28860967816875,"activity":-0.002329788359788359,"bolusiob":0}
