{"iob":-0.3206795347535556,"activity":-0.002644250440917107,"bolusiob":0}
