{"iob":-0.005573890357222236,"activity":-0.0026568253968253966,"bolusiob":0}
