{"iob":-0.2502952774088889,"activity":-0.0024997354497354497,"bolusiob":0}
