{"iob":-0.08024779586248648,"activity":0.00017304278659611904,"bolusiob":0}
