{"iob":0.5211926595427246,"activity":0.007817619417989419,"bolusiob":0}
