{"iob":-0.0035436597045555504,"activity":-0.00006502918871252158,"bolusiob":0}
