{"iob":-0.20352112302812503,"activity":-0.004011155202821868,"bolusiob":0}
