{"iob":0.37935567371985623,"activity":0.0101105382010582,"bolusiob":0}
