{"iob":-0.15929031929777782,"activity":0.0001340740740740741,"bolusiob":0}
