{"iob":0.04539162107111112,"activity":0.0002893827160493827,"bolusiob":0}
