{"iob":0.1672501101944444,"activity":-0.0032434126984126972,"bolusiob":0}
