{"iob":0.9268025001866882,"activity":0.01152833324514991,"bolusiob":0}
