{"iob":0.4624929477018491,"activity":0.0009400149206349203,"bolusiob":0}
