{"iob":0.16558120478161908,"activity":-0.0016046563492063495,"bolusiob":0}
