{"iob":-0.45366483494847226,"activity":-0.0037488977072310404,"bolusiob":0}
