{"iob":-0.220244733735906,"activity":-0.0006051764550264557,"bolusiob":0}
