{"iob":0.4209415858406943,"activity":0.007369726631393297,"bolusiob":0}
