{"iob":-0.08121774798222223,"activity":-0.002824955908289241,"bolusiob":0}
