{"iob":-0.1659760109666667,"activity":-0.002999717813051146,"bolusiob":0}
