{"iob":0.01406141499999999,"activity":0.0012698412698412694,"bolusiob":0}
