{"iob":0.21559869792625,"activity":-0.003947283950617285,"bolusiob":0}
