{"iob":0.08722421768111105,"activity":-0.0013617989417989418,"bolusiob":0}
