{"iob":1.0171601522345493,"activity":0.008763238977072312,"bolusiob":0}
