{"iob":-0.08562400284829141,"activity":-0.0018887740564373894,"bolusiob":0}
