{"iob":0.9199730125679288,"activity":0.01048637578483245,"bolusiob":0}
