{"iob":0.6178514784415972,"activity":0.0013915961199294528,"bolusiob":0}
