{"iob":-0.0853526083055556,"activity":-0.004234620811287478,"bolusiob":0}
