{"iob":0.256290540021889,"activity":0.002744753456790123,"bolusiob":0}
