{"iob":-0.1390262921986399,"activity":0.0027579540211640215,"bolusiob":0}
