{"iob":-0.3104435069565278,"activity":-0.001744047619047619,"bolusiob":0}
