{"iob":-0.3455205512835555,"activity":-0.003684514991181658,"bolusiob":0}
