{"iob":-0.019635013562083345,"activity":0.0002949382716049382,"bolusiob":0}
