{"iob":-0.2133303376430446,"activity":-0.0004911112874779543,"bolusiob":0}
