{"iob":-0.2583559666216667,"activity":-0.0028103880070546733,"bolusiob":0}
