{"iob":-0.26402064332517594,"activity":-0.0038203702821869474,"bolusiob":0}
