{"iob":-0.025881943692829472,"activity":-0.00005914929453262787,"bolusiob":0}
