{"iob":-0.1763980567754444,"activity":0.0013832257495590829,"bolusiob":0}
