{"iob":-0.25953171739590897,"activity":-0.0007565492945326273,"bolusiob":0}
