{"iob":-0.004274374847503662,"activity":0.0012621517636684312,"bolusiob":0}
