{"iob":0.09980281550222223,"activity":0.00004493827160493826,"bolusiob":0}
