{"iob":-0.0814064285498271,"activity":-0.002093738888888888,"bolusiob":0}
