{"iob":-0.09382268826263888,"activity":-0.0008658289241622575,"bolusiob":0}
