{"iob":0.12466401128067627,"activity":-0.002447909964726631,"bolusiob":0}
