{"iob":-0.1597528963959935,"activity":-0.000465061816578483,"bolusiob":0}
