{"iob":0.06871469295013888,"activity":-0.00032225749559082874,"bolusiob":0}
