{"iob":0.1065081888344985,"activity":-0.0005748940917107575,"bolusiob":0}
