{"iob":-0.11025808230301953,"activity":0.0004514463315696647,"bolusiob":0}
