{"iob":-0.4984836514699532,"activity":-0.004795405767195764,"bolusiob":0}
