{"iob":0.0906346945531758,"activity":0.0012116671252204595,"bolusiob":0}
