{"iob":0.6141481289933335,"activity":0.0020645679012345677,"bolusiob":0}
