{"iob":0.35348487029179565,"activity":0.007705344162257492,"bolusiob":0}
