{"iob":-0.44286815255444445,"activity":-0.0023620987654320988,"bolusiob":0}
