{"iob":-0.13310780242417708,"activity":-0.002269876419753087,"bolusiob":0}
