{"iob":-0.25544491789114987,"activity":-0.0029630953615520273,"bolusiob":0}
