{"iob":0.4309068634553226,"activity":0.004517733421516755,"bolusiob":0}
