{"iob":-0.026277946757842948,"activity":0.0005003526455026443,"bolusiob":0}
