{"iob":-0.10680638660448757,"activity":0.002523668165784833,"bolusiob":0}
