{"iob":-0.2052406620177778,"activity":-0.0004251851851851853,"bolusiob":0}
