{"iob":-0.33559174490388893,"activity":-0.004057936507936507,"bolusiob":0}
