{"iob":0.05265800233861109,"activity":0.004361234567901233,"bolusiob":0}
