{"iob":0.3216232362710771,"activity":0.0029036595238095234,"bolusiob":0}
