{"iob":-0.3947475436705556,"activity":-0.004094197530864197,"bolusiob":0}
