{"iob":-0.40107367926468257,"activity":-0.0024485363315696644,"bolusiob":0}
