{"iob":-0.29433275988023105,"activity":-0.001992786719576719,"bolusiob":0}
