{"iob":-0.027777331590000023,"activity":-0.0029172134038800697,"bolusiob":0}
