{"iob":0.03693802726666667,"activity":0.0020599647266313927,"bolusiob":0}
