{"iob":0.012845715291850718,"activity":-0.0006017898765432101,"bolusiob":0}
