{"iob":-0.3478077043661111,"activity":-0.0009193827160493827,"bolusiob":0}
