{"iob":-0.1329816575201389,"activity":0.00007454144620811252,"bolusiob":0}
