{"iob":0.06473300222249997,"activity":0.0011532186948853614,"bolusiob":0}
