{"iob":-0.20400227252007105,"activity":-0.004110687954144621,"bolusiob":0}
