{"iob":-0.032310592509999986,"activity":-0.001761904761904761,"bolusiob":0}
