{"iob":-0.24589699140762877,"activity":-0.0013795920634920632,"bolusiob":0}
