{"iob":-0.2762707144377778,"activity":-0.002016455026455026,"bolusiob":0}
