{"iob":-0.03098537749333334,"activity":-0.0011982363315696646,"bolusiob":0}
