{"iob":-0.18157116557256944,"activity":-0.0032192504409171065,"bolusiob":0}
