{"iob":0.04444357045303449,"activity":0.004187424603174601,"bolusiob":0}
