{"iob":0.049925320880000006,"activity":0.00010312169312169271,"bolusiob":0}
