{"iob":-0.558309835182764,"activity":-0.004561368606701938,"bolusiob":0}
