{"iob":-0.31462900842540864,"activity":-0.003264903262786596,"bolusiob":0}
