{"iob":-0.3399273528144444,"activity":-0.0036188888888888885,"bolusiob":0}
