{"iob":-0.007286277381617121,"activity":-0.004151163774250439,"bolusiob":0}
