{"iob":0.42021685007729903,"activity":0.0002439945855379188,"bolusiob":0}
