{"iob":-0.22860301317044618,"activity":-0.002431042768959435,"bolusiob":0}
