{"iob":0.6551687775621807,"activity":0.005691269841269841,"bolusiob":0}
