{"iob":-0.24967570159277785,"activity":-0.0048364462081128745,"bolusiob":0}
