{"iob":0.2556572666515673,"activity":-0.0029006348324514984,"bolusiob":0}
