{"iob":-0.41959849532656224,"activity":-0.004656754973544972,"bolusiob":0}
