{"iob":0.0020928377299981316,"activity":0.0013818607583774255,"bolusiob":0}
