{"iob":-0.05256974959055554,"activity":-0.0007249559082892411,"bolusiob":0}
