{"iob":-0.02311439622375,"activity":-0.0001111111111111113,"bolusiob":0}
