{"iob":-0.2482398313947422,"activity":-0.0020025309876543205,"bolusiob":0}
