{"iob":0.2758281124133754,"activity":-0.002805705343915344,"bolusiob":0}
