{"iob":-0.01908815996736822,"activity":-0.00037714248677248675,"bolusiob":0}
