{"iob":-0.18566871993725154,"activity":-0.0036888182539682535,"bolusiob":0}
