{"iob":0.21094556348666668,"activity":0.0025406349206349215,"bolusiob":0}
