{"iob":-0.11960216607133334,"activity":-0.0030683774250440912,"bolusiob":0}
