{"iob":-0.30033924363326214,"activity":-0.004249594479717811,"bolusiob":0}
