{"iob":-0.2246239267605556,"activity":-0.0020146296296296292,"bolusiob":0}
