{"iob":0.7655009511735555,"activity":0.003602821869488535,"bolusiob":0}
