{"iob":-0.20631960171944447,"activity":-0.0002450352733686066,"bolusiob":0}
