{"iob":0.4709461912130055,"activity":0.002108192328042328,"bolusiob":0}
