{"iob":-0.13786964370709937,"activity":-0.003005502398589065,"bolusiob":0}
