{"iob":-0.37564918280055554,"activity":-0.003881075837742504,"bolusiob":0}
