{"iob":-0.002196574633333337,"activity":-0.00032892416225749544,"bolusiob":0}
