{"iob":0.07629607582271908,"activity":-0.0012751850970017628,"bolusiob":0}
