{"iob":0.19570747967111113,"activity":0.00038617283950617286,"bolusiob":0}
