{"iob":0.7602358753876042,"activity":0.006928544973544973,"bolusiob":0}
