{"iob":0.10046317076519451,"activity":-0.0006949584656084654,"bolusiob":0}
