{"iob":-0.1342569563542471,"activity":0.0006418166666666659,"bolusiob":0}
