{"iob":-0.5312027200094306,"activity":-0.00436184832451499,"bolusiob":0}
