{"iob":-0.1501417980788889,"activity":0.00028074074074074134,"bolusiob":0}
