{"iob":-0.35669968008391684,"activity":-0.0026954674603174604,"bolusiob":0}
