{"iob":0.06360650942611112,"activity":-0.0009916754850088185,"bolusiob":0}
