{"iob":-0.5155265365753396,"activity":-0.0030070194885361565,"bolusiob":0}
