{"iob":-0.13472152015161218,"activity":-0.0018466045679012347,"bolusiob":0}
