{"iob":0.00036917990833331695,"activity":0.00016622574955908257,"bolusiob":0}
