{"iob":0.5537458174240096,"activity":-0.0002174868077601411,"bolusiob":0}
