{"iob":0.048700820713888884,"activity":0.00012648148148148149,"bolusiob":0}
