{"iob":-0.495324507194132,"activity":-0.004984999999999999,"bolusiob":0}
