{"iob":-0.2640882024688889,"activity":-0.001884532627865961,"bolusiob":0}
