{"iob":-0.4432377068276042,"activity":-0.004079514991181658,"bolusiob":0}
