{"iob":-0.4619333555107456,"activity":-0.005620476190476189,"bolusiob":0}
