{"iob":-0.11058046787499998,"activity":-0.0036521869488536154,"bolusiob":0}
