{"iob":0.7966674974841411,"activity":0.009607557442680775,"bolusiob":0}
