{"iob":-0.14292387189354544,"activity":-0.0031966579717813046,"bolusiob":0}
