{"iob":-0.045917468757222205,"activity":0.00008553791887125223,"bolusiob":0}
