{"iob":-0.23196960560444457,"activity":-0.00481984126984127,"bolusiob":0}
