{"iob":-0.3573398617443056,"activity":-0.004734444444444443,"bolusiob":0}
