{"iob":0.08013803314225135,"activity":-0.0014804588183421519,"bolusiob":0}
