{"iob":-0.028643240142147572,"activity":0.00043104291005290985,"bolusiob":0}
