{"iob":-0.4541529007054168,"activity":-0.005420132275132275,"bolusiob":0}
