{"iob":-0.22485328131944446,"activity":-0.0015676366843033506,"bolusiob":0}
