{"iob":-0.036975685493333334,"activity":-0.0013040564373897705,"bolusiob":0}
