{"iob":0.7516342062570834,"activity":0.007974382716049383,"bolusiob":0}
