{"iob":-0.31570450299477787,"activity":-0.0011498342151675478,"bolusiob":0}
