{"iob":0.21819752191166666,"activity":0.0027153703703703697,"bolusiob":0}
