{"iob":-0.03827157464587517,"activity":0.00528649795414462,"bolusiob":0}
