{"iob":-0.05831771924708332,"activity":0.0018505731922398591,"bolusiob":0}
