{"iob":0.3121656162506097,"activity":0.003340412275132276,"bolusiob":0}
