{"iob":-0.43734896849722227,"activity":-0.004144832451499117,"bolusiob":0}
