{"iob":-0.07283691008140575,"activity":-0.0014861200176366843,"bolusiob":0}
