{"iob":-0.12824203675263887,"activity":-0.001554065255731922,"bolusiob":0}
