{"iob":-0.26505569477388885,"activity":0.00028317460317460317,"bolusiob":0}
