{"iob":-0.2073510431603357,"activity":-0.0022152381834215163,"bolusiob":0}
