{"iob":0.06201577029750669,"activity":-0.00253951479717813,"bolusiob":0}
