{"iob":0.05794778869625003,"activity":0.000733765432098765,"bolusiob":0}
