{"iob":-0.15485017266508572,"activity":-0.001083580423280422,"bolusiob":0}
