{"iob":-0.12214464850074998,"activity":0.00044185185185185213,"bolusiob":0}
