{"iob":0.47203263867525674,"activity":0.010542556878306875,"bolusiob":0}
