{"iob":0.2690127848479167,"activity":-0.0002644797178130506,"bolusiob":0.3773416696}
