{"iob":-0.14690626671666668,"activity":-0.0025144797178130508,"bolusiob":0}
