{"iob":-0.025543784122989462,"activity":-0.00006986358024691348,"bolusiob":0}
