{"iob":-0.09383992217195936,"activity":0.0005262470194003532,"bolusiob":0}
