{"iob":-0.12587466586944443,"activity":-0.0014861728395061725,"bolusiob":0}
