{"iob":-0.4987840160619733,"activity":-0.0035313581481481475,"bolusiob":0}
