{"iob":-0.009307700395761797,"activity":0.0011735448853615518,"bolusiob":0}
