{"iob":0.41175184204565735,"activity":-0.001526340476190476,"bolusiob":0}
