{"iob":-0.09943178788000001,"activity":-0.00008592592592592591,"bolusiob":0}
