{"iob":-0.3085948819764444,"activity":-0.006207231040564374,"bolusiob":0}
