{"iob":0.43108250589083286,"activity":0.00019362442680775986,"bolusiob":0}
