{"iob":-0.3368985791395749,"activity":-0.0042115078483245146,"bolusiob":0}
