{"iob":-0.3345286592857067,"activity":-0.004441093597883596,"bolusiob":0}
