{"iob":0.6945562973187154,"activity":0.006467548500881833,"bolusiob":0}
