{"iob":-0.18335262773250002,"activity":-0.0035183068783068783,"bolusiob":0}
