{"iob":0.07891609652577933,"activity":-0.0019459789241622577,"bolusiob":0}
