{"iob":-0.24559891227737113,"activity":-0.0018987833686067007,"bolusiob":0}
