{"iob":-0.023784292875029797,"activity":0.0005042708465608468,"bolusiob":0}
