{"iob":-0.21595503897755555,"activity":-0.0024762081128747787,"bolusiob":0}
