{"iob":0.036463231572777775,"activity":-0.0028372486772486765,"bolusiob":0}
