{"iob":0.008488979234999994,"activity":0.0009261904761904755,"bolusiob":0}
