{"iob":-0.36439945105222227,"activity":-0.0016788888888888886,"bolusiob":0}
