{"iob":0.8722513641370834,"activity":0.009434594356261023,"bolusiob":0}
