{"iob":-0.3093205396785341,"activity":0.00016115511463844762,"bolusiob":0}
