{"iob":-0.1968278285511111,"activity":-0.0003224691358024691,"bolusiob":0}
