{"iob":-0.24320949886444446,"activity":-0.002310282186948853,"bolusiob":0}
