{"iob":-0.0523495890494827,"activity":0.0012715435802469134,"bolusiob":0}
