{"iob":-0.10176291896555562,"activity":-0.0020023456790123455,"bolusiob":0}
