{"iob":-0.07465551329003994,"activity":-0.0011409260493827158,"bolusiob":0}
