{"iob":-0.3016857293729167,"activity":-0.001421931216931217,"bolusiob":0}
