{"iob":0.3383044721293207,"activity":0.0027986773368606707,"bolusiob":0}
