{"iob":0.7720010883357243,"activity":0.010090740864197527,"bolusiob":0}
