{"iob":-0.5542548742705302,"activity":-0.0033287212522045847,"bolusiob":0}
