{"iob":-0.12786311045048934,"activity":-0.0008684789241622572,"bolusiob":0}
