{"iob":0.16795618060994225,"activity":0.007294814938271603,"bolusiob":0}
