{"iob":-0.4070942787931945,"activity":-0.005024400352733685,"bolusiob":0}
