{"iob":-0.25392570279602933,"activity":-0.003095387918871252,"bolusiob":0}
