{"iob":-0.5296179888886668,"activity":-0.005599347442680775,"bolusiob":0}
