{"iob":0.6465707615557258,"activity":0.00963996476190476,"bolusiob":0}
