{"iob":0.05253113482791665,"activity":-0.0013984656084656088,"bolusiob":0}
