{"iob":-0.19327543175880768,"activity":0.0013806436155202819,"bolusiob":0}
