{"iob":0.37786264682336107,"activity":0.009380837742504412,"bolusiob":0}
