{"iob":-0.031098089753510985,"activity":-0.0024841864197530862,"bolusiob":0}
