{"iob":0.13061752529556564,"activity":-0.0008069842504409167,"bolusiob":0}
