{"iob":-0.011585484319687487,"activity":-0.0005560185185185181,"bolusiob":0}
