{"iob":-0.06616947802518228,"activity":0.00048419765432098743,"bolusiob":0}
