{"iob":0.7898836230248604,"activity":0.004327028130511464,"bolusiob":0}
