{"iob":-0.13677904874718755,"activity":-0.0021415740740740744,"bolusiob":0}
