{"iob":-0.011059541169662929,"activity":0.001631569576719576,"bolusiob":0}
