{"iob":-0.07279548588541666,"activity":-0.00020385361552028198,"bolusiob":0}
