{"iob":-0.06683901023443792,"activity":0.0002918869488536159,"bolusiob":0}
