{"iob":0.22368350698666667,"activity":-0.002975343915343915,"bolusiob":0}
