{"iob":-0.14875985248250004,"activity":-0.0034133333333333333,"bolusiob":0}
