{"iob":-0.1884407059345834,"activity":-0.004719902998236331,"bolusiob":0}
