{"iob":-0.5034080746713218,"activity":-0.003583959647266313,"bolusiob":0}
