{"iob":0.013257706761432862,"activity":0.0028048673721340358,"bolusiob":0}
