{"iob":-0.10916798150833334,"activity":-0.0024598765432098765,"bolusiob":0}
