{"iob":0.7969501963233749,"activity":0.006845559276895945,"bolusiob":0}
