{"iob":-0.14880749189395293,"activity":0.0016611727513227512,"bolusiob":0}
