{"iob":0.031470176097847205,"activity":-0.0017227601410934744,"bolusiob":0}
