{"iob":-0.0012555541150409246,"activity":-0.0019834563315696647,"bolusiob":0}
