{"iob":-0.02304781219708335,"activity":0.00006208112874779548,"bolusiob":0}
