{"iob":-0.12965945320489772,"activity":-0.0010652470370370371,"bolusiob":0}
