{"iob":0.4855008071920001,"activity":0.006410167548500881,"bolusiob":0}
