{"iob":-0.01645150916080898,"activity":-0.00025217800705467405,"bolusiob":0}
