{"iob":-0.4338109950436111,"activity":-0.002932857142857142,"bolusiob":0}
