{"iob":-0.05938267853777777,"activity":0.00029580246913580254,"bolusiob":0}
