{"iob":0.2848806666645467,"activity":-0.0015481482716049378,"bolusiob":0}
