{"iob":0.4319073306119674,"activity":0.005067460194003526,"bolusiob":0}
