{"iob":0.942906037882686,"activity":0.010085820599647265,"bolusiob":0}
