{"iob":-0.35232582850583344,"activity":-0.0022489417989417994,"bolusiob":0}
