{"iob":0.5391981015231341,"activity":0.003418395432098765,"bolusiob":0}
