{"iob":0.7293141932420325,"activity":0.005996120511463844,"bolusiob":0}
