{"iob":0.223646731786875,"activity":-0.001287610229276896,"bolusiob":0}
