{"iob":0.8541405804911457,"activity":0.010806604938271605,"bolusiob":0}
