{"iob":-0.3207201013783334,"activity":-0.00436836860670194,"bolusiob":0}
