{"iob":-0.15005677478820298,"activity":-0.0035626367724867726,"bolusiob":0}
