{"iob":0.24384795952222224,"activity":0.0005364197530864196,"bolusiob":0}
