{"iob":0.060873963196788825,"activity":-0.0012225924691358025,"bolusiob":0}
