{"iob":0.4253037699969445,"activity":0.003006049382716049,"bolusiob":0}
