{"iob":0.19061150215525668,"activity":0.008110281746031744,"bolusiob":0}
