{"iob":-0.0988704189,"activity":-0.00013444444444444444,"bolusiob":0}
