{"iob":-0.2140410670109993,"activity":-0.004175510141093474,"bolusiob":0}
