{"iob":-0.1971146720159028,"activity":-0.00339221340388007,"bolusiob":0}
