{"iob":-0.06945717581093644,"activity":-0.0017473194885361558,"bolusiob":0}
