{"iob":-0.1086383629382951,"activity":-0.0004391180423280433,"bolusiob":0}
