{"iob":0.19760435332274676,"activity":0.0022961992768959433,"bolusiob":0}
