{"iob":0.10266162424411107,"activity":-0.002656772486772486,"bolusiob":0}
