{"iob":-0.2878716838681135,"activity":-0.0007519666666666662,"bolusiob":0}
