{"iob":0.2748417800348289,"activity":0.009283068342151674,"bolusiob":0}
