{"iob":-0.09569898516444446,"activity":-0.0003241975308641975,"bolusiob":0}
