{"iob":0.4917751360711458,"activity":0.009631684303350969,"bolusiob":0}
