{"iob":-0.36546776853625307,"activity":-0.004026790141093474,"bolusiob":0}
