{"iob":-0.2430980103887909,"activity":-0.0010062083774250437,"bolusiob":0}
