{"iob":0.5135854295578612,"activity":-0.00020224867724867693,"bolusiob":0}
