{"iob":-0.33069533824024766,"activity":-0.0029839508818342146,"bolusiob":0}
