{"iob":-0.26865459993199997,"activity":-0.0006092063492063487,"bolusiob":0}
