{"iob":0.07158297798308184,"activity":-0.0010063401940035273,"bolusiob":0}
