{"iob":-0.1512075223377778,"activity":-0.002116331569664903,"bolusiob":0}
