{"iob":-0.3162534756298446,"activity":-0.003749471075837743,"bolusiob":0}
