{"iob":-0.2826871462862658,"activity":-0.0012857646737213402,"bolusiob":0}
