{"iob":-0.1981327882680663,"activity":-0.00116719585537919,"bolusiob":0}
