{"iob":-0.4663269506597777,"activity":-0.0024201058201058193,"bolusiob":0}
