{"iob":0.4903758619444447,"activity":0.008700705467372134,"bolusiob":0}
