{"iob":-0.034340878840000005,"activity":-0.0047001410934744275,"bolusiob":0}
