{"iob":-0.41354680922133336,"activity":-0.0029815167548500887,"bolusiob":0}
