{"iob":0.8237594663824218,"activity":0.010080617283950617,"bolusiob":0}
