{"iob":-0.05129149764500001,"activity":-0.0023314814814814804,"bolusiob":0}
