{"iob":0.05316858566347226,"activity":0.0018476102292768954,"bolusiob":0}
