{"iob":-0.16700870525464195,"activity":-0.0005543388888888892,"bolusiob":0}
