{"iob":-0.3630766788307466,"activity":-0.0025519137037037032,"bolusiob":0}
