{"iob":-0.3058605393116667,"activity":-0.0016527513227513227,"bolusiob":0}
