{"iob":0.14628182561259548,"activity":0.00036024703703703697,"bolusiob":0}
