{"iob":-0.15909185321422226,"activity":-0.002014850088183421,"bolusiob":0}
