{"iob":-0.16024588372470128,"activity":-0.0009195063492063486,"bolusiob":0}
