{"iob":-0.20992664952388887,"activity":-0.0024117989417989415,"bolusiob":0}
