{"iob":-0.07322229427999531,"activity":-0.0007555470017636683,"bolusiob":0}
