{"iob":0.17743700410251728,"activity":0.0004088980776014109,"bolusiob":0}
