{"iob":-0.28406707025779376,"activity":-0.00575164894179894,"bolusiob":0}
