{"iob":-0.01696286084416669,"activity":0.0013122839506172837,"bolusiob":0}
