{"iob":0.4288625298394444,"activity":-0.00023715167548500875,"bolusiob":0}
