{"iob":0.29083390528226416,"activity":-0.002071296331569664,"bolusiob":0}
