{"iob":0.6103463829325021,"activity":0.007621816948853615,"bolusiob":0}
