{"iob":0.05501833633957913,"activity":-0.0008261459259259261,"bolusiob":0}
