{"iob":0.12363969504469759,"activity":-0.0038409084656084646,"bolusiob":0}
