{"iob":0.08611425323500002,"activity":0.003095502645502645,"bolusiob":0}
