{"iob":-0.14771443746166665,"activity":-0.003649664902998236,"bolusiob":0}
