{"iob":-0.14508145543536427,"activity":-0.0019542238800705465,"bolusiob":0}
