{"iob":-0.23962003405966667,"activity":-0.0012819223985890654,"bolusiob":0}
