{"iob":-0.11812890254241534,"activity":-0.0016471607583774248,"bolusiob":0}
