{"iob":0.08701836416684897,"activity":-0.0011520371604938268,"bolusiob":0}
