{"iob":0.4420597473309068,"activity":0.007878853862433862,"bolusiob":0}
