{"iob":0.04386785342607991,"activity":-0.000048333209876543566,"bolusiob":0}
