{"iob":-0.20893469692223932,"activity":-0.0012856702821869488,"bolusiob":0}
