{"iob":0.05561136918431706,"activity":0.004528924074074074,"bolusiob":0}
