{"iob":-0.29354057620000007,"activity":-0.0020488888888888887,"bolusiob":0}
