{"iob":-0.2661867367487866,"activity":0.000695537795414463,"bolusiob":0}
