{"iob":0.34720570540997653,"activity":0.010789365061728392,"bolusiob":0}
