{"iob":-0.03542053373,"activity":-0.0016137566137566135,"bolusiob":0}
