{"iob":-0.08487315394188892,"activity":-0.003081181657848324,"bolusiob":0}
