{"iob":-0.10189353639375003,"activity":-0.002381613756613757,"bolusiob":0}
