{"iob":-0.06914719239150863,"activity":-0.0008107145502645501,"bolusiob":0}
