{"iob":-0.3660757806371755,"activity":-0.004580564497354496,"bolusiob":0}
