{"iob":0.7816632207248327,"activity":0.010688324285714283,"bolusiob":0}
