{"iob":0.7607195092069083,"activity":0.007193721534391531,"bolusiob":0}
