{"iob":0.6758014867539335,"activity":0.007913633156966488,"bolusiob":0}
