{"iob":0.09812423472444445,"activity":0.0002116049382716049,"bolusiob":0}
