{"iob":-0.36228325867125,"activity":-0.001621781305114638,"bolusiob":0}
