{"iob":-0.016260815647999985,"activity":0.0007213403880070547,"bolusiob":0}
