{"iob":0.6846523623437542,"activity":0.010790917195767191,"bolusiob":0}
