{"iob":-0.07360282675113194,"activity":-0.0019108201058201054,"bolusiob":0}
