{"iob":-0.06347765066066668,"activity":-0.0017176366843033508,"bolusiob":0}
