{"iob":-0.2898543098225001,"activity":-0.0044571516754850085,"bolusiob":0}
