{"iob":-0.32198128133020837,"activity":-0.00228289708994709,"bolusiob":0}
