{"iob":0.23450143958388894,"activity":0.001666349206349206,"bolusiob":0}
