{"iob":-0.000011103418333330284,"activity":0.000014726631393298038,"bolusiob":0}
