{"iob":-0.15111993728279163,"activity":0.0033880952380952374,"bolusiob":0}
