{"iob":0.9339709881805873,"activity":0.006032248589065255,"bolusiob":0}
