{"iob":-0.12859044916000004,"activity":-0.0022785185185185183,"bolusiob":0}
