{"iob":-0.11386480533522222,"activity":-0.0004008641975308646,"bolusiob":0}
