{"iob":-0.41805595282861113,"activity":-0.0031875573192239846,"bolusiob":0}
