{"iob":-0.3661873529488542,"activity":0.0007802204585537912,"bolusiob":0}
