{"iob":-0.18261654021111112,"activity":-0.0025515432098765427,"bolusiob":0}
