{"iob":-0.14272179085344938,"activity":-0.0028711549911816566,"bolusiob":0}
