{"iob":-0.25338880399746533,"activity":-0.0029613935626102285,"bolusiob":0}
