{"iob":-0.23681001312557964,"activity":-0.002156649118165785,"bolusiob":0}
