{"iob":-0.3043355153166319,"activity":0.002319638447971781,"bolusiob":0}
