{"iob":0.6661501310828336,"activity":0.007392142857142856,"bolusiob":0}
