{"iob":0.9953479745501521,"activity":0.009177319929453259,"bolusiob":0}
