{"iob":0.5648423744777652,"activity":-0.000317131040564373,"bolusiob":0}
