{"iob":-0.16273610402823108,"activity":-0.0021388184656084643,"bolusiob":0}
