{"iob":0.0622213255278546,"activity":0.0031037123985890643,"bolusiob":0}
