{"iob":-0.08759714575,"activity":-0.002507936507936507,"bolusiob":0}
