{"iob":-0.01849206858076189,"activity":0.001370235167548501,"bolusiob":0}
