{"iob":0.2311961355752567,"activity":0.008751128306878304,"bolusiob":0}
