{"iob":0.10091319402104684,"activity":-0.0011961459259259251,"bolusiob":0}
