{"iob":-0.06514320000620294,"activity":-0.000060229365079365795,"bolusiob":0}
