{"iob":-0.2917313510355687,"activity":-0.00318576746031746,"bolusiob":0}
