{"iob":-0.17181767066772674,"activity":-0.003016957654320987,"bolusiob":0}
