{"iob":-0.49168348730500006,"activity":-0.004199656084656084,"bolusiob":0}
