{"iob":-0.22215875915320435,"activity":-0.0013982841975308644,"bolusiob":0}
