{"iob":-0.3832407641198612,"activity":-0.00461284832451499,"bolusiob":0}
