{"iob":-0.41880318703444447,"activity":-0.0024463051146384465,"bolusiob":0}
