{"iob":0.30084008995967954,"activity":0.0036085098941798944,"bolusiob":0}
