{"iob":-0.3516645453917067,"activity":-0.0023672842504409166,"bolusiob":0}
