{"iob":-0.00017127761241819695,"activity":0.002564268165784831,"bolusiob":0}
