{"iob":-0.44792853422888884,"activity":-0.0009211199294532626,"bolusiob":0}
