{"iob":-0.022585193815416665,"activity":0.00003622574955908285,"bolusiob":0}
