{"iob":-0.0705641764322222,"activity":-0.0014704850088183413,"bolusiob":0}
