{"iob":0.19809133806,"activity":0.00024580246913580246,"bolusiob":0}
