{"iob":0.014593820134295624,"activity":-0.003947028342151675,"bolusiob":0}
