{"iob":0.16184853927277776,"activity":-0.004493659611992945,"bolusiob":0}
