{"iob":-0.21888104331366667,"activity":-0.0034653262786596122,"bolusiob":0}
