{"iob":-0.07856976198271422,"activity":-0.00019597910052910022,"bolusiob":0}
