{"iob":-0.08535250823472225,"activity":-0.0036449735449735443,"bolusiob":0}
