{"iob":-0.08261410243479168,"activity":-0.00279157848324515,"bolusiob":0}
