{"iob":-0.13316851397270835,"activity":-0.0010940035273368605,"bolusiob":0}
