{"iob":0.029090809516365015,"activity":-0.0006438709171075837,"bolusiob":0}
