{"iob":-0.21725180338388894,"activity":-0.002934320987654321,"bolusiob":0}
