{"iob":-0.36217773451587004,"activity":-0.004761234691358024,"bolusiob":0}
