{"iob":-0.3419443941555556,"activity":-0.0021891358024691355,"bolusiob":0}
