{"iob":-0.19896853173811113,"activity":-0.0006262345679012345,"bolusiob":0}
