{"iob":-0.2072371526849095,"activity":-0.0032359702292768956,"bolusiob":0}
