{"iob":0.06420542996440519,"activity":-0.002914567813051145,"bolusiob":0}
