{"iob":-0.030620507804791676,"activity":-0.0015987213403880066,"bolusiob":0}
