{"iob":0.2680886732784231,"activity":-0.0014968577954144616,"bolusiob":0}
