{"iob":-0.18108718673812504,"activity":0.003213386243386242,"bolusiob":0}
