{"iob":-0.47841518712922226,"activity":-0.0019781305114638433,"bolusiob":0}
