{"iob":-0.024290632040026974,"activity":-0.000884153703703704,"bolusiob":0}
