{"iob":-0.01713107045666668,"activity":-0.0009716049382716048,"bolusiob":0}
