{"iob":-0.09403402926826387,"activity":-0.0014528042328042327,"bolusiob":0}
