{"iob":-0.17907607427927583,"activity":-0.001368314250440917,"bolusiob":0}
