{"iob":0.12729200086533338,"activity":0.002797178130511464,"bolusiob":0}
