{"iob":0.741701596230826,"activity":0.010125687865961195,"bolusiob":0}
