{"iob":0.0940380199908177,"activity":0.00044493839506172837,"bolusiob":0}
