{"iob":-0.08069898436470357,"activity":0.00008371537918871165,"bolusiob":0}
