{"iob":0.046790004537777784,"activity":0.00025975308641975307,"bolusiob":0}
