{"iob":0.24235724627561767,"activity":0.004627063615520281,"bolusiob":0}
