{"iob":0.03875593539001008,"activity":-0.0031159877777777777,"bolusiob":0}
