{"iob":-0.14748443104332504,"activity":-0.004428359594356259,"bolusiob":0}
