{"iob":0.3957116883352452,"activity":0.004602592962962963,"bolusiob":0}
