{"iob":-0.11696122292648903,"activity":0.00002273350970017623,"bolusiob":0}
