{"iob":-0.27463223874222226,"activity":-0.0022351851851851855,"bolusiob":0}
