{"iob":0.09390570221311326,"activity":-0.0011878658377425038,"bolusiob":0}
