{"iob":0.3435696557494444,"activity":0.0034652469135802466,"bolusiob":0}
