{"iob":-0.009237612587083336,"activity":-0.0007536596119929449,"bolusiob":0}
