{"iob":-0.14120678797208333,"activity":0.0006267019400352734,"bolusiob":0}
