{"iob":-0.4386757337328559,"activity":-0.0029850176719576713,"bolusiob":0}
