{"iob":-0.3865971944382379,"activity":-0.0028846209876543225,"bolusiob":0}
