{"iob":-0.09913833235444447,"activity":-0.001828571428571428,"bolusiob":0}
