{"iob":0.00005453674500000006,"activity":0.00007063492063492045,"bolusiob":0}
