{"iob":-0.12386217828583336,"activity":-0.0044419223985890655,"bolusiob":0}
