{"iob":-0.06556964332370462,"activity":-0.0014670194885361553,"bolusiob":0}
