{"iob":-0.0500956684366667,"activity":-0.0010562610229276903,"bolusiob":0}
