{"iob":0.31601996171836816,"activity":0.00813321869488536,"bolusiob":0}
