{"iob":-0.3036744696757111,"activity":-0.0042414285714285705,"bolusiob":0}
