{"iob":-0.30958202112064587,"activity":-0.0024758468253968245,"bolusiob":0}
