{"iob":-0.24695026998859543,"activity":0.000707257372134038,"bolusiob":0}
