{"iob":-0.076233087795,"activity":-0.002967460317460317,"bolusiob":0}
