{"iob":-0.14503079730958335,"activity":-0.004194400352733686,"bolusiob":0}
