{"iob":-0.04915933075722224,"activity":0.0004029982363315699,"bolusiob":0}
