{"iob":0.027174469853801904,"activity":0.003449993738977073,"bolusiob":0}
