{"iob":0.643222192004586,"activity":0.005528324708994707,"bolusiob":0}
