{"iob":-0.07501851844331388,"activity":0.003824492980599646,"bolusiob":0}
