{"iob":0.10959775775382469,"activity":0.004135242522045854,"bolusiob":0}
