{"iob":0.1277866550621878,"activity":0.002905617160493827,"bolusiob":0}
