{"iob":-0.3996333171536248,"activity":-0.005813527248677247,"bolusiob":0}
