{"iob":-0.37580302352742967,"activity":-0.0029592110229276895,"bolusiob":0}
