{"iob":-0.25200178898250003,"activity":-0.0031555555555555555,"bolusiob":0}
