{"iob":-0.47235599292134,"activity":-0.004734700299823633,"bolusiob":0}
