{"iob":0.5168388854542223,"activity":0.0069935714285714245,"bolusiob":0}
