{"iob":-0.17596501211207452,"activity":0.001221384603174603,"bolusiob":0}
