{"iob":-0.2846081401429999,"activity":-0.0041708288359788345,"bolusiob":0}
