{"iob":0.28158483455209743,"activity":0.0017268960317460315,"bolusiob":0}
