{"iob":0.11731973393129935,"activity":0.0038236418871252205,"bolusiob":0}
