{"iob":-0.2001515962476389,"activity":-0.002052266313932981,"bolusiob":0}
