{"iob":-0.1966098843746667,"activity":-0.0023535449735449725,"bolusiob":0}
