{"iob":-0.13396010427779165,"activity":0.003912751322751322,"bolusiob":0}
