{"iob":-0.016495193381386962,"activity":-0.0007464993827160495,"bolusiob":0}
