{"iob":0.5026570856876764,"activity":-0.0008630599999999998,"bolusiob":0}
