{"iob":-0.3215161283915156,"activity":-0.00036355366843033525,"bolusiob":0}
