{"iob":-0.014806500486475652,"activity":-0.0003224425573192242,"bolusiob":0}
