{"iob":-0.25872927191255557,"activity":-0.0013919435626102289,"bolusiob":0}
