{"iob":-0.03306521233819446,"activity":-0.002897530864197531,"bolusiob":0}
