{"iob":0.8966395523583914,"activity":0.006858448095238094,"bolusiob":0}
