{"iob":0.051424496030833336,"activity":-0.0027588712522045853,"bolusiob":0}
