{"iob":-0.37628714954088893,"activity":-0.0025954850088183417,"bolusiob":0}
