{"iob":-0.31270702811777773,"activity":-0.0015312345679012345,"bolusiob":0}
