{"iob":0.5089491702085166,"activity":0.007202954144620809,"bolusiob":0}
