{"iob":-0.17157512568888889,"activity":-0.0022987654320987655,"bolusiob":0}
