{"iob":-0.0062577251749999846,"activity":-0.000599206349206349,"bolusiob":0}
