{"iob":0.04253561360999995,"activity":-0.0010665255731922396,"bolusiob":0}
