{"iob":0.18977647204671072,"activity":-0.0024236242504409164,"bolusiob":0}
