{"iob":0.2643842849334722,"activity":0.000728121693121693,"bolusiob":0.27705736373333334}
