{"iob":0.23569436440666666,"activity":0.0001350970017636685,"bolusiob":0}
