{"iob":-0.11262414019118401,"activity":0.00016620823633156908,"bolusiob":0}
