{"iob":-0.34331847144319527,"activity":-0.001788110529100529,"bolusiob":0}
