{"iob":-0.038611117304791664,"activity":-0.0018368165784832448,"bolusiob":0}
