{"iob":0.12558980503077782,"activity":-0.003669506172839506,"bolusiob":0}
