{"iob":-0.07881886985329155,"activity":-0.002527592504409171,"bolusiob":0}
