{"iob":-0.1692092798716667,"activity":-0.0011135008818342151,"bolusiob":0}
