{"iob":-0.023299081409201186,"activity":0.0009544527336860667,"bolusiob":0}
