{"iob":-0.2685137327912008,"activity":-0.0027845062610229268,"bolusiob":0}
