{"iob":0.26149742897388883,"activity":-0.0023387654320987657,"bolusiob":0}
