{"iob":-0.33216692062536435,"activity":-0.002615264444444444,"bolusiob":0}
