{"iob":0.38195980074201946,"activity":-0.00072674594356261,"bolusiob":0}
