{"iob":-0.16549015296597225,"activity":-0.003730194003527337,"bolusiob":0}
