{"iob":-0.30641733091300005,"activity":-0.004009735449735449,"bolusiob":0}
