{"iob":0.4778610799216666,"activity":-0.0007727777777777778,"bolusiob":0}
