{"iob":-0.10149805418695504,"activity":-0.0006373970370370367,"bolusiob":0}
