{"iob":-0.4250036953126886,"activity":-0.0027115638447971777,"bolusiob":0}
