{"iob":-0.4435179908538521,"activity":-0.0018256616402116397,"bolusiob":0}
