{"iob":-0.17896398050756243,"activity":-0.0004566792592592585,"bolusiob":0}
