{"iob":0.9712246276176568,"activity":0.00919312142857143,"bolusiob":0}
