{"iob":-0.4284522697213334,"activity":-0.00287305114638448,"bolusiob":0}
