{"iob":-0.24672119329856282,"activity":-0.0016037388536155202,"bolusiob":0}
