{"iob":-0.19079790253830212,"activity":-0.0023190784832451497,"bolusiob":0}
