{"iob":0.3794161712217501,"activity":0.0010536331569664904,"bolusiob":0}
