{"iob":0.2009851571205556,"activity":-0.003699673721340387,"bolusiob":0}
