{"iob":-0.5839567217235838,"activity":-0.006031684215167548,"bolusiob":0}
