{"iob":-0.28551728129000004,"activity":-0.0009059259259259259,"bolusiob":0}
