{"iob":-0.1932626363527492,"activity":-0.001170811093474427,"bolusiob":0}
