{"iob":-0.2463910242853496,"activity":-0.0014143739858906523,"bolusiob":0}
