{"iob":-0.1841281234360599,"activity":-0.0036051235802469113,"bolusiob":0}
