{"iob":-0.2391752862312399,"activity":-0.0019148325749559086,"bolusiob":0}
