{"iob":-0.11189799721315198,"activity":-0.0024146027160493817,"bolusiob":0}
