{"iob":-0.4656570817483335,"activity":-0.004340582010582011,"bolusiob":0}
