{"iob":-0.12824620308390203,"activity":-0.0016039861552028215,"bolusiob":0}
