{"iob":-0.22030419366888893,"activity":-0.001510758377425044,"bolusiob":0}
