{"iob":-0.2306336020466667,"activity":-0.0010791358024691358,"bolusiob":0}
