{"iob":-0.335895652526701,"activity":-0.004844938395061726,"bolusiob":0}
