{"iob":0.045824195719999995,"activity":0.0025259259259259254,"bolusiob":0}
