{"iob":0.7637282421885598,"activity":0.005843994620811286,"bolusiob":0}
