{"iob":-0.11423643516666669,"activity":-0.0030414462081128743,"bolusiob":0}
