{"iob":0.32345207905165846,"activity":0.0004961905643738973,"bolusiob":0}
