{"iob":-0.02974965000291664,"activity":0.0027896208112874778,"bolusiob":0}
