{"iob":-0.3804845041203474,"activity":-0.0028489154320987652,"bolusiob":0}
