{"iob":-0.2572840517275533,"activity":-0.0022213844797178126,"bolusiob":0}
