{"iob":-0.09937735554222223,"activity":-0.00009654320987654321,"bolusiob":0}
