{"iob":-0.18425390511474132,"activity":-0.0010724430335097015,"bolusiob":0}
