{"iob":0.7472305876558448,"activity":0.006441411516754849,"bolusiob":0}
