{"iob":-0.4548060384316666,"activity":-0.0006213580246913582,"bolusiob":0}
