{"iob":-0.2651990662923332,"activity":-0.0038802468253968238,"bolusiob":0}
