{"iob":-0.32069607668375,"activity":-0.004188888888888889,"bolusiob":0}
