{"iob":-0.05209057282721986,"activity":-0.00036712527336860704,"bolusiob":0}
