{"iob":-0.23586040866719596,"activity":0.000004091798941798683,"bolusiob":0}
