{"iob":-0.03512144859097223,"activity":0.00045865961199294513,"bolusiob":0}
