{"iob":-0.1745830497388889,"activity":-0.0023468430335096997,"bolusiob":0}
