{"iob":0.41516939276266646,"activity":0.0023064548500881833,"bolusiob":0}
