{"iob":-0.08032121918276461,"activity":-0.0014550618165784831,"bolusiob":0}
