{"iob":-0.021216941378368284,"activity":0.0003776194179894177,"bolusiob":0}
