{"iob":0.33001200194972885,"activity":0.009154568024691355,"bolusiob":0}
