{"iob":-0.22321179435590277,"activity":-0.004005652557319224,"bolusiob":0}
