{"iob":0.03280094172984044,"activity":0.001981543121693121,"bolusiob":0}
