{"iob":0.348434811962811,"activity":0.001420811375661376,"bolusiob":0}
