{"iob":-0.23042298336826886,"activity":-0.001651028835978836,"bolusiob":0}
