{"iob":-0.11555494260000002,"activity":-0.002312169312169312,"bolusiob":0}
