{"iob":-0.04592668517704906,"activity":0.0059971946384479715,"bolusiob":0}
