{"iob":0.5788069095680839,"activity":0.003215185396825397,"bolusiob":0}
