{"iob":-0.20079189986041668,"activity":-0.002638932980599647,"bolusiob":0}
