{"iob":0.46768985921015566,"activity":0.005976816578483246,"bolusiob":0}
