{"iob":0.4879230627145001,"activity":0.0022073456790123454,"bolusiob":0}
