{"iob":-0.0022495710333333254,"activity":-0.0003342151675485002,"bolusiob":0}
