{"iob":-0.2959524311543056,"activity":-0.0019017372134038796,"bolusiob":0}
