{"iob":-0.05748587762888888,"activity":0.00027197530864197524,"bolusiob":0}
