{"iob":-0.05894368396444449,"activity":-0.0023010317460317458,"bolusiob":0}
