{"iob":-0.3365834852063889,"activity":-0.0026520811287477947,"bolusiob":0}
