{"iob":0.8217345714149881,"activity":0.009350740687830688,"bolusiob":0}
