{"iob":0.17660497344862344,"activity":-0.0013732452733686065,"bolusiob":0}
