{"iob":-0.12465530565898632,"activity":-0.0036171782186948842,"bolusiob":0}
