{"iob":-0.009128808426666657,"activity":-0.0007298059964726627,"bolusiob":0}
