{"iob":-0.07872595822036435,"activity":0.0006021868253968251,"bolusiob":0}
