{"iob":-0.23906646169277776,"activity":-0.002798624338624338,"bolusiob":0}
