{"iob":0.17130475515713067,"activity":-0.00018379179894179937,"bolusiob":0}
