{"iob":-0.35039470225541663,"activity":0.002973950617283949,"bolusiob":0}
