{"iob":0.11766096155855554,"activity":-0.002326412698412698,"bolusiob":0}
