{"iob":-0.3098645627388889,"activity":-0.0011224955908289247,"bolusiob":0}
