{"iob":-0.3568858425377306,"activity":-0.00047748686067019424,"bolusiob":0}
