{"iob":0.3611223555464288,"activity":-0.0009987212169312166,"bolusiob":0}
