{"iob":-0.10797444450833336,"activity":-0.002446649029982363,"bolusiob":0}
