{"iob":0.1502401246217691,"activity":0.003710978941798942,"bolusiob":0}
