{"iob":-0.0011308857399999928,"activity":-0.00022539682539682532,"bolusiob":0}
