{"iob":-0.42050734019704905,"activity":-0.0039731823633156966,"bolusiob":0}
