{"iob":1.0660491528016593,"activity":0.010801445943562606,"bolusiob":0}
