{"iob":-0.4331618467364445,"activity":-0.005310970017636683,"bolusiob":0}
