{"iob":-0.2592673601905556,"activity":-0.0025599470899470896,"bolusiob":0}
