{"iob":-0.20741371183711604,"activity":-0.0018996205996472662,"bolusiob":0}
