{"iob":0.42315364320217336,"activity":0.009708501005291,"bolusiob":0}
