{"iob":-0.30904586817055557,"activity":-0.0021798059964726626,"bolusiob":0}
