{"iob":-0.0013319893391623358,"activity":-0.001174691234567901,"bolusiob":0}
