{"iob":0.21198320483190541,"activity":0.0013143034391534382,"bolusiob":0}
