{"iob":-0.04113240500865127,"activity":-0.0010379630511463847,"bolusiob":0}
