{"iob":-0.03359055160728844,"activity":0.0025484126102292767,"bolusiob":0}
