{"iob":0.5747778104038177,"activity":0.010663174303350967,"bolusiob":0}
