{"iob":0.2802752224601962,"activity":0.0038631484832451495,"bolusiob":0}
