{"iob":-0.25706386793722225,"activity":-0.0025856261022927686,"bolusiob":0}
