{"iob":0.1419889350886111,"activity":0.0022475661375661376,"bolusiob":0}
