{"iob":0.8860786433443099,"activity":0.008677010705467373,"bolusiob":0}
