{"iob":-0.29608747548368597,"activity":-0.004811119841269839,"bolusiob":0}
