{"iob":-0.17836883037493056,"activity":-0.0009708994708994708,"bolusiob":0}
