{"iob":-0.07744444378139997,"activity":-0.003400793774250442,"bolusiob":0}
