{"iob":-0.5087792611311112,"activity":-0.0033339682539682545,"bolusiob":0}
