{"iob":-0.16855122649312504,"activity":-0.0010550970017636685,"bolusiob":0}
