{"iob":0.04648616098862327,"activity":-0.0032079628395061724,"bolusiob":0}
