{"iob":-0.01189533729841668,"activity":0.0007332363315696647,"bolusiob":0}
