{"iob":-0.48937650309944447,"activity":-0.0040337213403880065,"bolusiob":0}
