{"iob":-0.07130647494790784,"activity":0.000299180017636684,"bolusiob":0}
