{"iob":-0.12715242262666668,"activity":-0.0023673721340388004,"bolusiob":0}
