{"iob":-0.25391076137833335,"activity":-0.004436940035273369,"bolusiob":0}
