{"iob":0.04679646287333335,"activity":0.000261358024691358,"bolusiob":0}
