{"iob":-0.28147615762478306,"activity":-0.005904367283950617,"bolusiob":0}
