{"iob":-0.08821431852111117,"activity":-0.0031861199294532625,"bolusiob":0}
