{"iob":0.7830152385814747,"activity":0.0022750001763668427,"bolusiob":0}
