{"iob":-0.49160251461801596,"activity":-0.005646093386243386,"bolusiob":0}
