{"iob":0.10425234919625004,"activity":0.0007406437389770722,"bolusiob":0}
