{"iob":0.7641779490812355,"activity":0.008869294444444443,"bolusiob":0}
