{"iob":-0.1774227299494097,"activity":0.004013659611992945,"bolusiob":0}
