{"iob":-0.24098880655902147,"activity":-0.006415299735449734,"bolusiob":0}
