{"iob":-0.2363062501074576,"activity":-0.0013516052028218694,"bolusiob":0}
