{"iob":-0.260826498564123,"activity":-0.003561552116402116,"bolusiob":0}
