{"iob":-0.2440439340466667,"activity":-0.0005235802469135801,"bolusiob":0}
