{"iob":-0.0093465616568889,"activity":0.0006671604938271606,"bolusiob":0}
