{"iob":-0.001596773511888895,"activity":-0.0026093650793650794,"bolusiob":0}
