{"iob":-0.1302269627447029,"activity":0.00243158721340388,"bolusiob":0}
