{"iob":-0.3071414254229167,"activity":-0.0017178747795414467,"bolusiob":0}
