{"iob":-0.4010598322544446,"activity":-0.002724532627865961,"bolusiob":0}
