{"iob":-0.005876366156286114,"activity":0.004149175520282187,"bolusiob":0}
