{"iob":0.3052219043626376,"activity":0.00409742507936508,"bolusiob":0}
