{"iob":-0.08797201448770756,"activity":-0.0011216573897707227,"bolusiob":0}
