{"iob":0.10050947080708414,"activity":-0.0006144182539682541,"bolusiob":0}
