{"iob":-0.1753838079417936,"activity":-0.004195281975308642,"bolusiob":0}
