{"iob":-0.449575034654577,"activity":-0.004172056084656084,"bolusiob":0}
