{"iob":-0.0586315668827046,"activity":-0.0013876544091710758,"bolusiob":0}
