{"iob":-0.4027336802011587,"activity":-0.001452663403880071,"bolusiob":0}
