{"iob":0.4633086779355556,"activity":-0.000034876543209875935,"bolusiob":0}
