{"iob":-0.1896223382883413,"activity":-0.0005672225749559082,"bolusiob":0}
