{"iob":-0.15374390611488742,"activity":-0.0017674159611992953,"bolusiob":0}
