{"iob":-0.20097541535750005,"activity":-0.003494603174603174,"bolusiob":0}
