{"iob":-0.31320595155958336,"activity":-0.005117786596119929,"bolusiob":0}
