{"iob":-0.10533448510802491,"activity":-0.0006653439329805995,"bolusiob":0}
