{"iob":0.6490099136164206,"activity":0.010670837777777775,"bolusiob":0}
