{"iob":-0.38527566560421034,"activity":-0.004345520194003526,"bolusiob":0}
