{"iob":0.08422617605306404,"activity":-0.0035377159611992936,"bolusiob":0}
