{"iob":0.21348277044314742,"activity":0.004540926014109348,"bolusiob":0}
