{"iob":0.7446800601575853,"activity":0.009273095361552028,"bolusiob":0}
