{"iob":-0.5410222764777779,"activity":-0.00507604938271605,"bolusiob":0}
