{"iob":0.7471404194295167,"activity":0.007374541446208111,"bolusiob":0}
