{"iob":-0.16593051881033338,"activity":-0.0010793121693121691,"bolusiob":0}
