{"iob":-0.3800448012590209,"activity":-0.0005139770723104055,"bolusiob":0}
