{"iob":-0.26502036266097223,"activity":-0.0025777072310405637,"bolusiob":0}
