{"iob":-0.46966307260444445,"activity":-0.005350520282186948,"bolusiob":0}
