{"iob":0.11005900160222219,"activity":0.001082045855379189,"bolusiob":0}
