{"iob":-0.37680561033199444,"activity":-0.00550531758377425,"bolusiob":0}
