{"iob":0.6977833176202223,"activity":0.004900679012345679,"bolusiob":0}
