{"iob":-0.076228634061014,"activity":-0.001849594038800706,"bolusiob":0}
