{"iob":0.35805372756561116,"activity":0.0014887037037037032,"bolusiob":0}
