{"iob":0.2166449147578107,"activity":-0.002623659523809524,"bolusiob":0}
