{"iob":-0.4404275346579289,"activity":-0.0036361112345679016,"bolusiob":0}
