{"iob":-0.044649225484348964,"activity":-0.001968705908289241,"bolusiob":0}
