{"iob":0.22410010238450379,"activity":-0.0002403175485008821,"bolusiob":0}
