{"iob":-0.2519369781204167,"activity":-0.0035129012345679017,"bolusiob":0}
