{"iob":-0.09891191728444448,"activity":-0.0007311992945326276,"bolusiob":0}
