{"iob":0.11713778127999996,"activity":0.0023697883597883604,"bolusiob":0}
