{"iob":0.14809447284723745,"activity":0.009592786578483241,"bolusiob":0}
