{"iob":0.3983982322559164,"activity":-0.0014895855731922394,"bolusiob":0}
