{"iob":-0.12026184000000002,"activity":-0.0025222222222222217,"bolusiob":0}
