{"iob":0.0003861485749999949,"activity":0.0001706349206349202,"bolusiob":0}
