{"iob":0.7791253252315871,"activity":0.002758527248677248,"bolusiob":0}
