{"iob":-0.33362479698,"activity":-0.0018449823633156963,"bolusiob":0}
