{"iob":-0.5936943767646874,"activity":-0.004478192239858908,"bolusiob":0}
