{"iob":-0.4017859351072222,"activity":-0.002052777777777777,"bolusiob":0}
