{"iob":-0.2399248424976389,"activity":-0.0017259611992945323,"bolusiob":0}
