{"iob":0.32780254363854167,"activity":-0.0008300617283950614,"bolusiob":0}
