{"iob":0.27053491184877776,"activity":0.00017648148148148173,"bolusiob":0}
