{"iob":-0.2192840865116667,"activity":-0.0003848412698412707,"bolusiob":0}
