{"iob":-0.14399085646986112,"activity":0.005323130511463843,"bolusiob":0}
