{"iob":0.3717948342459356,"activity":0.0005797618871252208,"bolusiob":0}
