{"iob":-0.30485915599611113,"activity":0.00028581128747795455,"bolusiob":0}
