{"iob":-0.4212531279461112,"activity":-0.002162998236331569,"bolusiob":0}
