{"iob":-0.2631920289305556,"activity":-0.002388977072310405,"bolusiob":0}
