{"iob":0.0028725087421666642,"activity":-0.0031060758377425036,"bolusiob":0}
