{"iob":-0.018459579922718322,"activity":0.00008050298059964723,"bolusiob":0}
