{"iob":-0.08434644409166667,"activity":-0.004800238095238094,"bolusiob":0}
