{"iob":-0.00742082889423612,"activity":-0.00113299823633157,"bolusiob":0}
