{"iob":-0.4892181195127778,"activity":-0.003657178130511464,"bolusiob":0}
