{"iob":-0.037336335519364494,"activity":-0.0012332538447971772,"bolusiob":0}
