{"iob":-0.14098817099866667,"activity":-0.001773664902998236,"bolusiob":0}
