{"iob":0.019803507201111112,"activity":-0.0008431481481481477,"bolusiob":0}
