{"iob":-0.11130579212914384,"activity":-0.0025562343562610225,"bolusiob":0}
