{"iob":-0.04478359038888892,"activity":-0.001980776014109347,"bolusiob":0}
