{"iob":0.24090844257033334,"activity":0.0017381834215167548,"bolusiob":0}
