{"iob":-0.16793101897567042,"activity":-0.0035538976190476177,"bolusiob":0}
