{"iob":0.009048955063359135,"activity":0.0013835538800705475,"bolusiob":0}
