{"iob":-0.25886635428048776,"activity":-0.0031728837213403876,"bolusiob":0}
