{"iob":-0.3752367847934305,"activity":-0.0009551058201058206,"bolusiob":0}
