{"iob":-0.018745076396109027,"activity":-0.0015288182186948846,"bolusiob":0}
