{"iob":-0.04952902714000001,"activity":-0.00006703703703703704,"bolusiob":0}
