{"iob":-0.38872317233497156,"activity":-0.0034975395943562604,"bolusiob":0}
