{"iob":-0.29684294541451134,"activity":-0.0038817462081128743,"bolusiob":0}
