{"iob":-0.13901910812666668,"activity":-0.002395943562610229,"bolusiob":0}
