{"iob":-0.4508651579720834,"activity":-0.005811904761904762,"bolusiob":0}
