{"iob":-0.2218295763222222,"activity":-0.0017167548500881832,"bolusiob":0}
