{"iob":-0.2627288022666667,"activity":-0.00182342151675485,"bolusiob":0}
