{"iob":0.1697157568979166,"activity":-0.0019055555555555544,"bolusiob":0}
