{"iob":-0.17532622453569066,"activity":-0.0022884833333333327,"bolusiob":0}
