{"iob":0.3564382430813988,"activity":0.001033924285714286,"bolusiob":0}
