{"iob":0.3779172233549346,"activity":-0.0001993034744268078,"bolusiob":0}
