{"iob":-0.2497835642214615,"activity":-0.004569920546737212,"bolusiob":0}
