{"iob":0.6023220430655314,"activity":0.010874700211640212,"bolusiob":0}
