{"iob":-0.5472975979517914,"activity":-0.005301111022927689,"bolusiob":0}
