{"iob":0.015238115991944481,"activity":0.0026041975308641976,"bolusiob":0}
