{"iob":0.03979454278000001,"activity":-0.003389788359788359,"bolusiob":0}
