{"iob":0.03232789730722229,"activity":0.002238500881834215,"bolusiob":0}
