{"iob":0.6564064755823055,"activity":0.001062918871252204,"bolusiob":0}
