{"iob":-0.1800961744381111,"activity":-0.0023259259259259257,"bolusiob":0}
