{"iob":0.23498997976570526,"activity":0.00750054656084656,"bolusiob":0}
