{"iob":-0.2616898671031944,"activity":-0.0014616666666666667,"bolusiob":0}
