{"iob":0.1456007348881977,"activity":-0.0017653794885361554,"bolusiob":0}
