{"iob":0.04727132214999999,"activity":0.002325396825396824,"bolusiob":0}
