{"iob":-0.24157628715034463,"activity":-0.0005644358024691354,"bolusiob":0}
