{"iob":-0.2940319591222222,"activity":-0.0034502645502645494,"bolusiob":0}
