{"iob":0.10504993143673272,"activity":-0.00038985269841269865,"bolusiob":0}
