{"iob":-0.5239936937622289,"activity":-0.0048862699647266306,"bolusiob":0}
