{"iob":-0.20184218028333334,"activity":-0.0027926807760141094,"bolusiob":0}
