{"iob":-0.21876591349250002,"activity":-0.0038714285714285704,"bolusiob":0}
