{"iob":-0.1803962711547949,"activity":-0.0021800618165784833,"bolusiob":0}
