{"iob":-0.1720645478388035,"activity":-0.0005453617283950616,"bolusiob":0}
