{"iob":-0.04789025293479167,"activity":-0.0020772927689594353,"bolusiob":0}
