{"iob":-0.09314009914008202,"activity":-0.0016437392416225748,"bolusiob":0}
