{"iob":0.001233590409999996,"activity":0.00031693121693121616,"bolusiob":0}
