{"iob":-0.21545893191888893,"activity":-0.002556701940035273,"bolusiob":0}
