{"iob":0.058635622134444426,"activity":-0.001228077601410935,"bolusiob":0}
