{"iob":0.5839591640988334,"activity":0.003177372134038801,"bolusiob":0}
