{"iob":-0.3232874717870293,"activity":-0.002957178042328042,"bolusiob":0}
