{"iob":-0.10177758911113428,"activity":-0.002054391075837742,"bolusiob":0}
