{"iob":-0.18827340051790126,"activity":0.001525132098765432,"bolusiob":0}
