{"iob":-0.3929126385701389,"activity":-0.0020801410934744263,"bolusiob":0}
