{"iob":0.12776253531000004,"activity":0.0014364550264550266,"bolusiob":0}
