{"iob":0.043175664048888916,"activity":0.0019084126984126987,"bolusiob":0}
