{"iob":0.2960816577725468,"activity":-0.0009813228747795415,"bolusiob":0}
