{"iob":-0.20491326609073068,"activity":0.001219938183421517,"bolusiob":0}
