{"iob":-0.36658076156552083,"activity":0.0001016490299823626,"bolusiob":0}
