{"iob":-0.1910600454342222,"activity":-0.0011664726631393288,"bolusiob":0}
