{"iob":-0.33038411693472225,"activity":-0.0012316931216931207,"bolusiob":0}
