{"iob":-0.42706667538388887,"activity":-0.004443968253968253,"bolusiob":0}
