{"iob":-0.051226544834791686,"activity":-0.0012423633156966492,"bolusiob":0}
