{"iob":-0.003426144954701546,"activity":0.001536419664902998,"bolusiob":0}
