{"iob":-0.36291455409813417,"activity":-0.005709047319223984,"bolusiob":0}
