{"iob":0.019842381083231345,"activity":0.0013862431216931212,"bolusiob":0}
