{"iob":-0.15286006763932602,"activity":-0.0032343383774250433,"bolusiob":0}
