{"iob":0.18016281340371892,"activity":0.002976111234567901,"bolusiob":0}
