{"iob":0.2701458382902973,"activity":0.005889892292768958,"bolusiob":0}
