{"iob":0.22199010606333336,"activity":-0.0019035185185185181,"bolusiob":0}
