{"iob":-0.04666175401961221,"activity":-0.002205493456790123,"bolusiob":0}
