{"iob":-0.19086105946649018,"activity":-0.0005479895943562624,"bolusiob":0}
