{"iob":-0.07362685045963935,"activity":0.0016758028395061728,"bolusiob":0}
