{"iob":0.6380721041670195,"activity":0.0032264110229276903,"bolusiob":0}
