{"iob":0.8116517572464761,"activity":0.0035014549382716043,"bolusiob":0}
