{"iob":0.5092323726023786,"activity":0.0036651413051146386,"bolusiob":0}
