{"iob":-0.3338015918338889,"activity":-0.0009916666666666665,"bolusiob":0}
