{"iob":-0.11278988637333331,"activity":-0.0033413051146384477,"bolusiob":0}
