{"iob":-0.041663658191795364,"activity":0.000014171534391534235,"bolusiob":0}
