{"iob":0.4082195032750555,"activity":0.0035964021164021165,"bolusiob":0}
