{"iob":0.6209569444283747,"activity":0.0050290830864197535,"bolusiob":0}
