{"iob":-0.04985687744,"activity":-0.00003111111111111111,"bolusiob":0}
