{"iob":0.4787115156465973,"activity":0.000305299823633157,"bolusiob":0}
