{"iob":0.009839368693184046,"activity":-0.0009880332627865962,"bolusiob":0}
