{"iob":0.6575317365887501,"activity":0.00403573192239859,"bolusiob":0}
