{"iob":-0.3936432073577778,"activity":-0.0049430158730158725,"bolusiob":0}
