{"iob":0.0000015906733333348467,"activity":-0.000023456790123456853,"bolusiob":0}
