{"iob":-0.28450068544763896,"activity":-0.0026242592592592593,"bolusiob":0}
