{"iob":-0.4345953278170834,"activity":-0.004936816578483244,"bolusiob":0}
