{"iob":-0.008264142250000009,"activity":0.00139089947089947,"bolusiob":0}
