{"iob":0.9363751662774447,"activity":0.006072345679012347,"bolusiob":0}
