{"iob":-0.0962631280288889,"activity":-0.00028925925925925923,"bolusiob":0}
