{"iob":-0.2761391585138889,"activity":-0.0009677689594356258,"bolusiob":0}
