{"iob":-0.02447719537836041,"activity":-0.00015163148148148174,"bolusiob":0}
