{"iob":0.4450620950167014,"activity":0.009337821869488535,"bolusiob":0}
