{"iob":0.17663715612444444,"activity":-0.0006113668430335096,"bolusiob":0}
