{"iob":0.1350039120521658,"activity":0.005214602786596118,"bolusiob":0}
