{"iob":0.8147834126948611,"activity":0.008822107583774249,"bolusiob":0}
