{"iob":-0.04309009833742087,"activity":0.00028919798941798953,"bolusiob":0}
