{"iob":-0.4386354052326147,"activity":-0.00520513225749559,"bolusiob":0}
