{"iob":0.14127413146222226,"activity":-0.0017030952380952373,"bolusiob":0}
