{"iob":-0.13314928440822044,"activity":0.0022855731569664914,"bolusiob":0}
