{"iob":-0.09816295531792524,"activity":0.00011509661375661394,"bolusiob":0}
