{"iob":-0.1473633063138889,"activity":-0.0002646296296296296,"bolusiob":0}
