{"iob":-0.037841684283333316,"activity":-0.0007199029982363317,"bolusiob":0}
