{"iob":-0.012248593453839926,"activity":-0.004105996596119928,"bolusiob":0}
