{"iob":-0.196520089685,"activity":-0.00035524691358024686,"bolusiob":0}
