{"iob":1.0227267053574627,"activity":0.009706005026455028,"bolusiob":0}
