{"iob":0.1989829708478547,"activity":0.007400723139329803,"bolusiob":0}
