{"iob":0.06723950595710251,"activity":0.0031520900529100524,"bolusiob":0}
