{"iob":0.020219625094999978,"activity":0.0014601587301587289,"bolusiob":0}
