{"iob":0.13028891192382458,"activity":0.0034585802292768954,"bolusiob":0}
