{"iob":0.19434325284587947,"activity":-0.0022415432980599647,"bolusiob":0}
