{"iob":0.05507020995170597,"activity":-0.001122610317460317,"bolusiob":0}
