{"iob":-0.2486296936305556,"activity":-0.0031476190476190475,"bolusiob":0}
