{"iob":0.4749421621856112,"activity":0.002612037037037036,"bolusiob":0}
