{"iob":-0.3561760989282771,"activity":-0.0032799734567901225,"bolusiob":0}
