{"iob":-0.13534974782666667,"activity":-0.0006528395061728394,"bolusiob":0}
