{"iob":-0.14538563854235445,"activity":-0.004951710881834215,"bolusiob":0}
