{"iob":-0.0751400162641421,"activity":0.002972433738977072,"bolusiob":0}
