{"iob":-0.26290464570777783,"activity":0.00028042328042327935,"bolusiob":0}
