{"iob":-0.1762867875513889,"activity":-0.003744938271604938,"bolusiob":0}
