{"iob":-0.3611952869694445,"activity":-0.003588007054673721,"bolusiob":0}
