{"iob":0.004901522094517351,"activity":-0.0013742766490299823,"bolusiob":0}
