{"iob":0.2321797142445278,"activity":-0.0011354585537918871,"bolusiob":0}
