{"iob":0.1583916964481029,"activity":0.005167670070546736,"bolusiob":0}
