{"iob":0.8123372402352634,"activity":0.006957214109347441,"bolusiob":0}
