{"iob":0.26479923174823783,"activity":0.0047252026984127005,"bolusiob":0}
