{"iob":0.07645435962991348,"activity":0.0013113316754850086,"bolusiob":0}
