{"iob":-0.40622476182223105,"activity":-0.0012002823104056441,"bolusiob":0}
