{"iob":-0.16292601972263893,"activity":-0.0031062786596119927,"bolusiob":0}
