{"iob":0.1165535993135085,"activity":-0.004094876455026454,"bolusiob":0}
