{"iob":-0.3701483361094445,"activity":-0.003929823633156966,"bolusiob":0}
