{"iob":0.517202142661578,"activity":0.00028180804232804226,"bolusiob":0}
