{"iob":-0.42604688054416895,"activity":-0.005055573315696648,"bolusiob":0}
