{"iob":0.46322471668398846,"activity":-0.0010074955026455018,"bolusiob":0}
