{"iob":-0.1435079042874223,"activity":-0.001321701816578483,"bolusiob":0}
