{"iob":-0.11462999719522225,"activity":-0.0025289947089947085,"bolusiob":0}
