{"iob":-0.16209627911555557,"activity":-0.0021355202821869484,"bolusiob":0}
