{"iob":0.2853123388580387,"activity":-0.0033111509171075836,"bolusiob":0}
