{"iob":-0.1950396742447778,"activity":-0.0007763580246913579,"bolusiob":0}
