{"iob":-0.08648102718986113,"activity":-0.0016664991181657848,"bolusiob":0}
