{"iob":0.45973862765679885,"activity":0.004270679012345679,"bolusiob":0}
