{"iob":-0.037934684196957016,"activity":-0.00045860370370370303,"bolusiob":0}
