{"iob":-0.18118533281935867,"activity":-0.0005707380952380954,"bolusiob":0}
