{"iob":-0.3202909630284724,"activity":-0.0014723280423280419,"bolusiob":0}
