{"iob":-0.10413736229336955,"activity":0.00314058192239859,"bolusiob":0}
