{"iob":-0.35728503283515484,"activity":-0.0055137741622574956,"bolusiob":0}
