{"iob":-0.3473010430147622,"activity":-0.004935811410934745,"bolusiob":0}
