{"iob":0.09017485122166663,"activity":0.003882451499118165,"bolusiob":0}
