{"iob":-0.18829537267542729,"activity":-0.0011236157319223989,"bolusiob":0}
