{"iob":-0.1620786107960606,"activity":-0.002031851587301588,"bolusiob":0}
