{"iob":-0.20129488735463985,"activity":0.0024517635449735446,"bolusiob":0}
