{"iob":-0.2301871486727778,"activity":-0.005613192239858905,"bolusiob":0}
