{"iob":0.3247783444622222,"activity":0.0037431834215167544,"bolusiob":0}
