{"iob":-0.09133705804888889,"activity":-0.00047259259259259254,"bolusiob":0}
