{"iob":0.06744037098545105,"activity":0.0023995151146384485,"bolusiob":0}
