{"iob":-0.3890470541434845,"activity":-0.002525996772486772,"bolusiob":0}
