{"iob":-0.01996244466344365,"activity":-0.0007958820987654321,"bolusiob":0}
