{"iob":-0.0004406174999999846,"activity":-0.00013492063492063483,"bolusiob":0}
