{"iob":-0.34969307704277774,"activity":-0.0009425308641975308,"bolusiob":0}
