{"iob":-0.0011424073933333223,"activity":-0.00022680776014109337,"bolusiob":0}
