{"iob":-0.01762271032083332,"activity":-0.001123104056437389,"bolusiob":0}
