{"iob":-0.12329728774652778,"activity":0.003374241622574955,"bolusiob":0}
