{"iob":-0.020952716496459578,"activity":0.0029981127865961197,"bolusiob":0}
