{"iob":-0.10801566209627647,"activity":0.0006511817813051143,"bolusiob":0}
