{"iob":-0.3866130855650972,"activity":-0.002524435626102293,"bolusiob":0}
