{"iob":-0.14888554829522227,"activity":-0.0020544268077601407,"bolusiob":0}
