{"iob":-0.4009072177604168,"activity":-0.003439382716049382,"bolusiob":0}
