{"iob":0.16836490863277778,"activity":-0.0005509259259259261,"bolusiob":0}
