{"iob":-0.027093910485000025,"activity":-0.00004047619047619185,"bolusiob":0}
