{"iob":-0.005817479176838641,"activity":0.00346356266313933,"bolusiob":0}
