{"iob":0.9017010007241243,"activity":0.006392795326278658,"bolusiob":0}
