{"iob":-0.38303886627220435,"activity":-0.003953545097001763,"bolusiob":0}
