{"iob":0.9245435095722503,"activity":0.009801437389770719,"bolusiob":0}
