{"iob":0.23248470343555558,"activity":-0.004120573192239858,"bolusiob":0}
