{"iob":-0.20209995507144446,"activity":-0.00047808641975308647,"bolusiob":0}
