{"iob":-0.40746709785695845,"activity":-0.0054890591358024675,"bolusiob":0}
