{"iob":0.13267514026141328,"activity":0.006381552151675483,"bolusiob":0}
