{"iob":-0.2917702941388771,"activity":-0.004675467283950617,"bolusiob":0}
