{"iob":-0.3043891290021865,"activity":-0.0010258380070546737,"bolusiob":0}
