{"iob":-0.20422076642524786,"activity":-0.0019068076366843035,"bolusiob":0}
