{"iob":0.03742343475883335,"activity":-0.00347568783068783,"bolusiob":0}
