{"iob":0.7464174548000001,"activity":0.004254567901234568,"bolusiob":0}
