{"iob":-0.1763620633472361,"activity":0.002235079365079365,"bolusiob":0}
