{"iob":0.08168870798513889,"activity":0.00041503527336860717,"bolusiob":0}
