{"iob":0.29011100524,"activity":0.0007533333333333332,"bolusiob":0}
