{"iob":-0.04763384184194446,"activity":0.0012497089947089946,"bolusiob":0}
