{"iob":-0.5430425147163012,"activity":-0.00491943562610229,"bolusiob":0}
