{"iob":-0.280906864746875,"activity":-0.0002750529100529097,"bolusiob":0}
