{"iob":-0.19073339457111113,"activity":-0.0012583950617283948,"bolusiob":0}
