{"iob":0.028063770685,"activity":0.0017701058201058195,"bolusiob":0}
