{"iob":-0.22433726054047468,"activity":-0.005258862345679011,"bolusiob":0}
