{"iob":-0.27772737831509964,"activity":-0.003971378306878306,"bolusiob":0}
