{"iob":-0.15533238701744445,"activity":-0.0006875238095238105,"bolusiob":0}
