{"iob":0.03610910208736773,"activity":0.003060326402116402,"bolusiob":0}
