{"iob":-0.05673171950833335,"activity":-0.0017852733686067018,"bolusiob":0}
