{"iob":-0.02216033622375,"activity":-0.00019047619047619056,"bolusiob":0}
