{"iob":-0.19411341700523588,"activity":0.0031098033333333344,"bolusiob":0}
