{"iob":-0.32015720888491683,"activity":-0.002604620899470899,"bolusiob":0}
