{"iob":-0.4736955769594306,"activity":-0.003986543209876542,"bolusiob":0}
