{"iob":-0.4789097633388889,"activity":-0.002768148148148148,"bolusiob":0}
