{"iob":0.21626428470033338,"activity":0.002650458553791887,"bolusiob":0}
