{"iob":-0.25483818364,"activity":-0.0018318518518518514,"bolusiob":0}
