{"iob":-0.47122691931593774,"activity":-0.0031758025925925928,"bolusiob":0}
