{"iob":-0.3229156719585659,"activity":-0.00128105811287478,"bolusiob":0}
