{"iob":0.04416988157364138,"activity":0.00209497328042328,"bolusiob":0}
