{"iob":0.4346217795656946,"activity":0.0023502733686067015,"bolusiob":0}
