{"iob":-0.025938959923819616,"activity":0.00005679003527336721,"bolusiob":0}
