{"iob":-0.06622891749333334,"activity":-0.0017273368606701939,"bolusiob":0}
