{"iob":0.41951962981341107,"activity":0.003409091834215167,"bolusiob":0}
