{"iob":-0.17333304942307565,"activity":0.0002308643209876541,"bolusiob":0}
