{"iob":-0.18164885915616394,"activity":-0.0010190299823633153,"bolusiob":0}
