{"iob":-0.10525355535842884,"activity":-0.004265388130511463,"bolusiob":0}
