{"iob":-0.0716107447295912,"activity":-0.0016339416754850079,"bolusiob":0}
