{"iob":-0.19680019362444445,"activity":-0.0003250617283950617,"bolusiob":0}
