{"iob":1.1111840402443793,"activity":0.011264955643738974,"bolusiob":0}
