{"iob":0.0850880179333696,"activity":0.002894664991181658,"bolusiob":0}
