{"iob":0.6857464255368166,"activity":0.010766376084656082,"bolusiob":0}
