{"iob":0.09363311284785769,"activity":-0.0001256171604938272,"bolusiob":0}
