{"iob":0.5227211365716945,"activity":0.01007201940035273,"bolusiob":0}
