{"iob":-0.22007801518465342,"activity":-0.0022187829453262785,"bolusiob":0}
