{"iob":-0.013588053224374987,"activity":0.0007062786596119928,"bolusiob":0}
