{"iob":-0.006142934633333342,"activity":-0.0005934744268077598,"bolusiob":0}
