{"iob":-0.3157092778818567,"activity":-0.005832451499118165,"bolusiob":0}
