{"iob":-0.02043732268966668,"activity":0.0008388007054673719,"bolusiob":0}
