{"iob":0.01980295511761112,"activity":0.0018638977072310402,"bolusiob":0}
