{"iob":0.7313178380875918,"activity":0.010593968342151672,"bolusiob":0}
