{"iob":-0.0076830363992788,"activity":-0.0021883858730158724,"bolusiob":0}
