{"iob":-0.17529588054246534,"activity":-0.005830326278659612,"bolusiob":0}
