{"iob":0.2692200905678626,"activity":-0.001208042416225749,"bolusiob":0}
