{"iob":-0.3055468576468632,"activity":-0.004397812962962963,"bolusiob":0}
