{"iob":0.17447478255638887,"activity":-0.0013815079365079362,"bolusiob":0}
