{"iob":0.43558353526736115,"activity":0.004827063492063491,"bolusiob":0}
