{"iob":-0.18100421982611112,"activity":-0.0029733156966490295,"bolusiob":0}
