{"iob":0.2553225815903334,"activity":-0.0009419223985890655,"bolusiob":0}
