{"iob":0.8192013890295314,"activity":0.011474259294532626,"bolusiob":0}
