{"iob":0.28176027277730675,"activity":0.001937134409171076,"bolusiob":0}
