{"iob":-0.1085268219541174,"activity":-0.0006483775132275133,"bolusiob":0}
