{"iob":-0.2720657878572223,"activity":-0.002596984126984127,"bolusiob":0}
