{"iob":0.04237369454527781,"activity":0.002976331569664903,"bolusiob":0}
