{"iob":-0.34880679572412887,"activity":-0.0016726456261022924,"bolusiob":0}
