{"iob":0.24414940302911545,"activity":0.008349206472663136,"bolusiob":0}
