{"iob":0.22632382552943062,"activity":0.004463544973544974,"bolusiob":0}
