{"iob":0.7455439427178124,"activity":0.010774929453262782,"bolusiob":0}
