{"iob":0.7021994746462086,"activity":0.006343897707231039,"bolusiob":0}
