{"iob":-0.024270934425565306,"activity":-0.0001536157848324517,"bolusiob":0}
