{"iob":0.6714170967875432,"activity":0.005350185097001763,"bolusiob":0}
