{"iob":1.0020722286611123,"activity":0.011649559188712523,"bolusiob":0}
