{"iob":0.5981269894620987,"activity":0.005091701851851852,"bolusiob":0}
