{"iob":0.12489837519356736,"activity":-0.0034334743386243384,"bolusiob":0}
