{"iob":-0.16031363019805556,"activity":-0.004868818342151674,"bolusiob":0}
