{"iob":-0.04408206149962182,"activity":0.0020986771604938267,"bolusiob":0}
