{"iob":-0.41145172732347224,"activity":-0.004358633156966491,"bolusiob":0}
