{"iob":-0.37393479481999997,"activity":-0.0021391093474426807,"bolusiob":0}
