{"iob":-0.003839004633333332,"activity":-0.00046119929453262764,"bolusiob":0}
