{"iob":0.595419009854125,"activity":0.00604946737213404,"bolusiob":0}
