{"iob":0.04966620683777778,"activity":0.00005419753086419752,"bolusiob":0}
