{"iob":0.30555520294422234,"activity":-0.0005174687654320984,"bolusiob":0}
