{"iob":-0.0410517116689722,"activity":0.000584550264550264,"bolusiob":0}
