{"iob":0.012842004816250002,"activity":0.006731225749559082,"bolusiob":0}
