{"iob":-0.02141635460894443,"activity":-0.0023725308641975302,"bolusiob":0}
