{"iob":-0.3728243241058334,"activity":-0.0015626984126984132,"bolusiob":0}
