{"iob":-0.3550288246083809,"activity":-0.003646384744268077,"bolusiob":0}
