{"iob":-0.3193097892967287,"activity":-0.0025753795767195775,"bolusiob":0}
