{"iob":-0.3542576188029241,"activity":-0.0030911552910052906,"bolusiob":0}
