{"iob":-0.031777221652777826,"activity":-0.0010506172839506165,"bolusiob":0}
