{"iob":0.18923674583855557,"activity":-0.002756067019400352,"bolusiob":0}
