{"iob":0.020406777684999995,"activity":0.0015320105820105818,"bolusiob":0}
