{"iob":-0.19600837931355558,"activity":-0.0010328677248677256,"bolusiob":0}
