{"iob":-0.14156681417083655,"activity":-0.0054408904056437385,"bolusiob":0}
