{"iob":-0.14759515022,"activity":-0.00024185185185185182,"bolusiob":0}
