{"iob":-0.498561352199009,"activity":-0.004233033633156968,"bolusiob":0}
