{"iob":-0.26974764857512423,"activity":-0.0006208997354497358,"bolusiob":0}
