{"iob":0.6928595142039203,"activity":0.0021279099647266314,"bolusiob":0}
