{"iob":0.05100046048124999,"activity":-0.0031760582010582,"bolusiob":0}
