{"iob":-0.543264034615716,"activity":-0.0054683861552028215,"bolusiob":0}
