{"iob":-0.06412894681500003,"activity":0.000517195767195767,"bolusiob":0}
