{"iob":0.03277816559500004,"activity":0.0004059259259259257,"bolusiob":0}
