{"iob":-0.3692468824830695,"activity":-0.004293130599647265,"bolusiob":0}
