{"iob":-0.08880430439548609,"activity":-0.0012443386243386242,"bolusiob":0}
