{"iob":-0.5463515636044445,"activity":-0.004636234567901233,"bolusiob":0}
