{"iob":-0.09460218788750002,"activity":-0.0027962962962962967,"bolusiob":0}
