{"iob":0.10643046914600138,"activity":0.00304497328042328,"bolusiob":0}
