{"iob":-0.12146590324444446,"activity":-0.002528871252204585,"bolusiob":0}
