{"iob":-0.2445874837,"activity":-0.0004648148148148148,"bolusiob":0}
