{"iob":0.14493224880280134,"activity":-0.001543182962962964,"bolusiob":0}
