{"iob":0.047362198955626926,"activity":0.0014747267195767202,"bolusiob":0}
