{"iob":-0.1521023856941667,"activity":-0.00286679012345679,"bolusiob":0}
