{"iob":0.24211221165698796,"activity":-0.002865522962962962,"bolusiob":0}
