{"iob":0.10906420414673612,"activity":0.0062493386243386235,"bolusiob":0}
