{"iob":-0.3008884588774653,"activity":-0.003608077601410934,"bolusiob":0}
