{"iob":-0.05712852079376926,"activity":-0.00293732795414462,"bolusiob":0}
