{"iob":0.1265987306056111,"activity":0.0008526543209876545,"bolusiob":0}
