{"iob":-0.4436338920570449,"activity":-0.00456074947089947,"bolusiob":0}
