{"iob":-0.2779334435488888,"activity":-0.004231305114638448,"bolusiob":0}
