{"iob":-0.5053120404605556,"activity":-0.0029086860670193993,"bolusiob":0}
