{"iob":-0.2575454737897487,"activity":-0.0031045681657848327,"bolusiob":0}
