{"iob":-0.07866629089029403,"activity":-0.001045996560846561,"bolusiob":0}
