{"iob":-0.02427466752601629,"activity":0.0005542327160493821,"bolusiob":0}
