{"iob":0.014366437933333328,"activity":0.0012839506172839508,"bolusiob":0}
