{"iob":0.07181954078999989,"activity":-0.00458316578483245,"bolusiob":0}
