{"iob":-0.11611602015652779,"activity":-0.00398753086419753,"bolusiob":0}
