{"iob":-0.04998038339333335,"activity":-0.001602469135802469,"bolusiob":0}
