{"iob":-0.0726062543066667,"activity":-0.0002344091710758386,"bolusiob":0}
