{"iob":-0.12945336080444447,"activity":-0.003250723104056437,"bolusiob":0}
