{"iob":-0.19112085116291666,"activity":-0.0012864373897707225,"bolusiob":0}
