{"iob":0.06777709650666669,"activity":0.0048558377425044095,"bolusiob":0}
