{"iob":-0.1836376426827778,"activity":-0.000219726631393298,"bolusiob":0}
