{"iob":-0.16716887577777784,"activity":-0.0014765432098765429,"bolusiob":0}
