{"iob":-0.06650393816,"activity":-0.0018137566137566134,"bolusiob":0}
