{"iob":-0.2587436565466667,"activity":-0.0016661728395061725,"bolusiob":0}
