{"iob":-0.16545157219308043,"activity":-0.005243833527336862,"bolusiob":0}
