{"iob":-0.0990803406558105,"activity":-0.0024388445855379193,"bolusiob":0}
