{"iob":-0.1044028422341111,"activity":-0.000016296296296295924,"bolusiob":0}
