{"iob":0.7189953511328752,"activity":0.006579259259259259,"bolusiob":0}
