{"iob":-0.339286359222,"activity":-0.002520546737213403,"bolusiob":0}
