{"iob":-0.2621295219859722,"activity":-0.004359973544973545,"bolusiob":0}
