{"iob":-0.16382727533000002,"activity":-0.0006940211640211643,"bolusiob":0}
