{"iob":0.005456756273049923,"activity":0.0014375486243386243,"bolusiob":0}
