{"iob":-0.4176152877848611,"activity":0.0013008112874779531,"bolusiob":0}
