{"iob":-0.39796379069466675,"activity":-0.0031167901234567907,"bolusiob":0}
