{"iob":-0.20968958997122597,"activity":-0.002590273280423281,"bolusiob":0}
