{"iob":-0.025627310083220077,"activity":0.0006493268959435629,"bolusiob":0}
