{"iob":-0.10888458964941572,"activity":-0.0012918784832451492,"bolusiob":0}
