{"iob":-0.3811018739684723,"activity":-0.0023615343915343915,"bolusiob":0}
