{"iob":-0.47580714591500883,"activity":-0.0045504939506172855,"bolusiob":0}
