{"iob":-0.2138520605894934,"activity":-0.0018334743033509699,"bolusiob":0}
