{"iob":-0.24018740779775993,"activity":-0.0007230248148148146,"bolusiob":0}
