{"iob":0.13496265532902785,"activity":-0.0011074338624338619,"bolusiob":0}
