{"iob":-0.27778085373744443,"activity":-0.0014633156966490299,"bolusiob":0}
