{"iob":-0.2113311961613718,"activity":-0.0023661817460317452,"bolusiob":0}
