{"iob":-0.3148365557684722,"activity":-0.0009664285714285712,"bolusiob":0}
