{"iob":0.1152379094620363,"activity":0.003407010670194003,"bolusiob":0}
