{"iob":-0.4380351940129275,"activity":-0.0031510141798941787,"bolusiob":0}
