{"iob":-0.36225022211931995,"activity":-0.004473333456790122,"bolusiob":0}
