{"iob":-0.3317942271270418,"activity":-0.003878236419753086,"bolusiob":0}
