{"iob":0.2463421038895139,"activity":0.00773963844797178,"bolusiob":0}
