{"iob":-0.278462709673889,"activity":-0.00424952380952381,"bolusiob":0}
