{"iob":0.39024309424389847,"activity":0.0043227250617283944,"bolusiob":0}
