{"iob":-0.09878555202888889,"activity":-0.00014111111111111111,"bolusiob":0}
