{"iob":0.18634013974033337,"activity":0.0030509347442680772,"bolusiob":0}
