{"iob":-0.5076675670316666,"activity":-0.005134444444444443,"bolusiob":0}
