{"iob":-0.2543261231916666,"activity":-0.004256560846560846,"bolusiob":0}
