{"iob":-0.08443963591747417,"activity":0.0004764988536155206,"bolusiob":0}
