{"iob":0.9175759860420978,"activity":0.010510573315696648,"bolusiob":0}
