{"iob":-0.3955633884415247,"activity":-0.004400264603174602,"bolusiob":0}
