{"iob":-0.06658620150833335,"activity":-0.001930776014109347,"bolusiob":0}
