{"iob":0.12488866822814218,"activity":0.0042700618518518516,"bolusiob":0}
