{"iob":0.37666442994930077,"activity":0.002031058024691358,"bolusiob":0}
