{"iob":-0.08310250124899532,"activity":-0.00034348350970017644,"bolusiob":0}
