{"iob":-0.15043365080866672,"activity":-0.0016670194003527326,"bolusiob":0}
