{"iob":0.11320824125874998,"activity":-0.003041428571428571,"bolusiob":0}
