{"iob":-0.019714350125039592,"activity":0.0011319223104056442,"bolusiob":0}
