{"iob":-0.43058447688174817,"activity":-0.005376789911816578,"bolusiob":0}
