{"iob":-0.3459167438811932,"activity":-0.0029938772839506167,"bolusiob":0}
