{"iob":0.3033773301173056,"activity":-0.0014245943562610224,"bolusiob":0}
