{"iob":-0.08588824361458332,"activity":-0.0016681569664902995,"bolusiob":0}
