{"iob":-0.4172946131024821,"activity":-0.004001613880070547,"bolusiob":0}
