{"iob":0.032025731048155225,"activity":0.0015062699294532632,"bolusiob":0}
