{"iob":-0.18269801988166667,"activity":-0.001605537918871252,"bolusiob":0}
