{"iob":-0.4068528416470266,"activity":-0.0019504939506172837,"bolusiob":0}
