{"iob":-0.17929961130986113,"activity":-0.003587918871252204,"bolusiob":0}
