{"iob":0.3546117985738889,"activity":0.003993024691358024,"bolusiob":0}
