{"iob":-0.2277989081955556,"activity":-0.0014148148148148143,"bolusiob":0}
