{"iob":-0.000011269073333330937,"activity":0.00001287477954144611,"bolusiob":0}
