{"iob":-0.19367743539472224,"activity":-0.002967724867724867,"bolusiob":0}
