{"iob":-0.4810276816383334,"activity":-0.005345379188712521,"bolusiob":0}
