{"iob":-0.29759542288669916,"activity":-0.003931141534391534,"bolusiob":0}
