{"iob":-0.20337539623722223,"activity":-0.0017666666666666662,"bolusiob":0}
