{"iob":0.8941290318815743,"activity":0.008014413950617283,"bolusiob":0}
