{"iob":-0.0004615639449999986,"activity":-0.00013835978835978827,"bolusiob":0}
