{"iob":-0.24123886709249995,"activity":-0.0006262962962962962,"bolusiob":0}
