{"iob":-0.2872713434902871,"activity":-0.003638227425044091,"bolusiob":0}
