{"iob":0.1996581700503196,"activity":-0.00281242061728395,"bolusiob":0}
