{"iob":0.22065543391558184,"activity":-0.0022265872134038796,"bolusiob":0}
