{"iob":0.809488301765972,"activity":0.008425299823633157,"bolusiob":0}
