{"iob":0.7898154795105905,"activity":0.010709286208112869,"bolusiob":0}
