{"iob":-0.29992243041916666,"activity":-0.0027337213403880066,"bolusiob":0}
