{"iob":-0.2858734147466801,"activity":-0.004924118042328042,"bolusiob":0}
