{"iob":0.2724984763752205,"activity":0.008064021058201056,"bolusiob":0}
