{"iob":0.2477513888440278,"activity":-0.0029621164021164013,"bolusiob":0}
