{"iob":0.2631194238198371,"activity":-0.0016600177248677248,"bolusiob":0}
