{"iob":-0.27345608264556437,"activity":-0.002119770846560846,"bolusiob":0}
