{"iob":-0.033147674361354205,"activity":-0.0017613315696649035,"bolusiob":0}
