{"iob":0.34270464262444444,"activity":0.002062962962962963,"bolusiob":0}
