{"iob":0.16004091962944444,"activity":-0.0025883862433862424,"bolusiob":0}
