{"iob":0.2128668584844444,"activity":0.0005609876543209875,"bolusiob":0}
