{"iob":-0.08764059981709794,"activity":-0.0013671605820105822,"bolusiob":0}
