{"iob":-0.2684265777032478,"activity":-0.0021311199294532616,"bolusiob":0}
