{"iob":-0.18990539149279168,"activity":-0.00015405643738977112,"bolusiob":0}
