{"iob":0.3087710061762499,"activity":-0.0014778835978835972,"bolusiob":0.4720159096}
