{"iob":-0.33070713225397436,"activity":-0.003353703615520281,"bolusiob":0}
