{"iob":-0.3745650156258303,"activity":0.00041949730158730126,"bolusiob":0}
