{"iob":-0.007896218066666662,"activity":0.0003296296296296297,"bolusiob":0}
