{"iob":-0.08440053250944443,"activity":-0.0008987213403880065,"bolusiob":0}
