{"iob":-0.1711047068,"activity":-0.001307142857142857,"bolusiob":0}
