{"iob":-0.04753035678986111,"activity":-0.0024378571428571427,"bolusiob":0}
