{"iob":-0.45205305731477785,"activity":-0.002836402116402116,"bolusiob":0}
