{"iob":-0.08702793293166669,"activity":-0.0025380070546737214,"bolusiob":0}
