{"iob":0.5435585616500558,"activity":0.0032759629629629627,"bolusiob":0}
