{"iob":-0.3619527650127289,"activity":-0.004031075961199294,"bolusiob":0}
