{"iob":-0.18583021224008484,"activity":0.000316490388007054,"bolusiob":0}
