{"iob":-0.008178138193031204,"activity":-0.0003043825925925927,"bolusiob":0}
