{"iob":0.48914710925091237,"activity":0.004014935485008817,"bolusiob":0}
