{"iob":-0.2226113672457815,"activity":-0.0025458641093474422,"bolusiob":0}
