{"iob":-0.05705460762041666,"activity":0.0013422839506172836,"bolusiob":0}
