{"iob":0.863397789731111,"activity":0.0062649029982363305,"bolusiob":0}
