{"iob":0.002403912481388916,"activity":-0.0036581481481481482,"bolusiob":0}
