{"iob":-0.06046269192189711,"activity":-0.0010070810405643747,"bolusiob":0}
