{"iob":-0.30855728643708324,"activity":-0.002890828924162258,"bolusiob":0}
