{"iob":0.2851741355895138,"activity":0.008032954144620814,"bolusiob":0}
