{"iob":-0.2568511276994445,"activity":-0.0027335802469135796,"bolusiob":0}
