{"iob":-0.17672683602325,"activity":-0.0014903968253968253,"bolusiob":0}
