{"iob":-0.02106922160541666,"activity":0.00032823633156966526,"bolusiob":0}
