{"iob":-0.4013134653083974,"activity":-0.001112742592592593,"bolusiob":0}
