{"iob":0.0061736947251754964,"activity":0.0022572047089947085,"bolusiob":0}
