{"iob":0.33252955825961117,"activity":0.009068712522045852,"bolusiob":0}
