{"iob":-0.000011275885000000541,"activity":0.000012962962962962885,"bolusiob":0}
