{"iob":-0.3824623189865279,"activity":-0.0047951940035273356,"bolusiob":0}
