{"iob":-0.1895345663753452,"activity":-0.00008086428571428604,"bolusiob":0}
