{"iob":-0.4384520230759723,"activity":-0.005899611992945326,"bolusiob":0}
