{"iob":0.15579424086533336,"activity":0.003008818342151675,"bolusiob":0}
