{"iob":-0.2487909676006466,"activity":-0.004548386366843032,"bolusiob":0}
