{"iob":-0.2991667578483334,"activity":-0.0006948677248677262,"bolusiob":0}
