{"iob":-0.1567667801226389,"activity":-0.004262962962962962,"bolusiob":0}
