{"iob":0.45158143326012123,"activity":0.011228747777777777,"bolusiob":0}
