{"iob":-0.5901883969283334,"activity":-0.004377689594356261,"bolusiob":0}
