{"iob":-0.06314725437541667,"activity":-0.002029938271604938,"bolusiob":0}
