{"iob":-0.02610239018667227,"activity":0.0005588619047619046,"bolusiob":0}
