{"iob":-0.1225633264869957,"activity":0.000025758289241622454,"bolusiob":0}
