{"iob":-0.2622215643167704,"activity":-0.0041280863315696645,"bolusiob":0}
