{"iob":-0.05798891199652779,"activity":-0.0011757760141093473,"bolusiob":0}
