{"iob":-0.27328309155986114,"activity":-0.002781331569664903,"bolusiob":0}
