{"iob":0.012393532812777767,"activity":-0.000652037037037037,"bolusiob":0}
