{"iob":0.2406694160308251,"activity":0.005884918747795414,"bolusiob":0}
