{"iob":-0.28227851225555556,"activity":-0.00225015873015873,"bolusiob":0}
