{"iob":-0.01906151622375002,"activity":-0.0003492063492063491,"bolusiob":0}
