{"iob":-0.264765179975,"activity":-0.0019819841269841263,"bolusiob":0}
