{"iob":0.002928127053333324,"activity":0.0005199294532627861,"bolusiob":0}
