{"iob":-0.30108289666097227,"activity":-0.002142786596119929,"bolusiob":0}
