{"iob":0.027528246680599992,"activity":0.0016555026455026445,"bolusiob":0}
