{"iob":0.06541895539200002,"activity":0.0022439153439153437,"bolusiob":0}
