{"iob":0.0012897572900000044,"activity":0.00032433862433862417,"bolusiob":0}
