{"iob":-0.32246851775926216,"activity":0.0011220457319223985,"bolusiob":0}
