{"iob":-0.41467297193889774,"activity":-0.005256508059964725,"bolusiob":0}
