{"iob":-0.2241160582012393,"activity":0.0003480510582010578,"bolusiob":0}
