{"iob":0.8726664532528934,"activity":0.009967495714285714,"bolusiob":0}
