{"iob":0.008347453368194431,"activity":0.0000839594356261025,"bolusiob":0}
