{"iob":0.5895267309555903,"activity":0.01021454144620811,"bolusiob":0}
