{"iob":-0.3877755549159882,"activity":-0.005054409082892416,"bolusiob":0}
