{"iob":-0.19456053949385674,"activity":-0.0019384478483245148,"bolusiob":0}
