{"iob":0.0632250918540758,"activity":-0.003089399894179894,"bolusiob":0}
