{"iob":-0.1786816642741667,"activity":-0.0029871075837742496,"bolusiob":0}
