{"iob":-0.4209890592045834,"activity":-0.002748615520282187,"bolusiob":0}
