{"iob":-0.5044403293582977,"activity":-0.0034809348677248674,"bolusiob":0}
