{"iob":-0.2613685189314948,"activity":-0.002688603703703704,"bolusiob":0}
