{"iob":-0.18474670747570018,"activity":0.0003539504409171075,"bolusiob":0}
