{"iob":-0.28150798971499996,"activity":-0.001481587301587301,"bolusiob":0}
