{"iob":-0.5476475283798933,"activity":-0.003572263403880072,"bolusiob":0}
