{"iob":-0.4175995175375955,"activity":-0.004442310529100529,"bolusiob":0}
