{"iob":0.022782244281666718,"activity":0.0030829894179894178,"bolusiob":0}
