{"iob":0.21838663629194438,"activity":0.004141181657848325,"bolusiob":0}
