{"iob":-0.3446585477865835,"activity":-0.003403421604938271,"bolusiob":0}
