{"iob":-0.4330491468996345,"activity":-0.0057745502645502635,"bolusiob":0}
