{"iob":0.38093101559480963,"activity":0.009678527619047618,"bolusiob":0}
