{"iob":0.3159968708114703,"activity":0.00836217816578483,"bolusiob":0}
