{"iob":-0.4611805472372223,"activity":-0.004317707231040564,"bolusiob":0}
