{"iob":-0.010889951259890444,"activity":0.001648844708994709,"bolusiob":0}
