{"iob":-0.17476316810781772,"activity":-0.0004433208818342148,"bolusiob":0}
