{"iob":0.002428664510947358,"activity":-0.0020247440211640213,"bolusiob":0}
