{"iob":-0.30083193761981614,"activity":-0.002332160705467372,"bolusiob":0}
