{"iob":0.07756375564069448,"activity":0.0008952292768959441,"bolusiob":0}
