{"iob":-0.2822577602933334,"activity":-0.004625793650793651,"bolusiob":0}
