{"iob":-0.10937453068222222,"activity":-0.0011686860670194,"bolusiob":0}
