{"iob":-0.3621815959116667,"activity":-0.001807469135802469,"bolusiob":0}
