{"iob":0.9172383574885853,"activity":0.01045463844797178,"bolusiob":0}
