{"iob":0.6929690032822571,"activity":0.01065147266313933,"bolusiob":0}
