{"iob":-0.4289864407661112,"activity":-0.0036795943562610224,"bolusiob":0}
