{"iob":0.5940835177193251,"activity":0.007273033597883596,"bolusiob":0}
