{"iob":-0.021844168560902946,"activity":-0.0034485022045855386,"bolusiob":0}
