{"iob":1.0659193448478375,"activity":0.007744523897707231,"bolusiob":0}
