{"iob":0.17155136261375217,"activity":0.003544994726631394,"bolusiob":0}
