{"iob":-0.3128626581377574,"activity":-0.002576825485008818,"bolusiob":0}
