{"iob":-0.33522802267966223,"activity":-0.003422830687830687,"bolusiob":0}
