{"iob":-0.34906389827500006,"activity":-0.003901569664902998,"bolusiob":0}
