{"iob":-0.36487617100637304,"activity":-0.0031229013227513226,"bolusiob":0}
