{"iob":-0.32290991167000005,"activity":-0.0013833333333333332,"bolusiob":0}
