{"iob":0.09946603547555558,"activity":0.0000817283950617284,"bolusiob":0}
