{"iob":-0.23314480016,"activity":-0.0022770370370370366,"bolusiob":0}
