{"iob":-0.11428061075305557,"activity":-0.0027952645502645496,"bolusiob":0}
