{"iob":-0.3646969554172269,"activity":-0.0032935684303350963,"bolusiob":0}
