{"iob":-0.2996411919627779,"activity":-0.004207336860670195,"bolusiob":0}
