{"iob":-0.1663790755966667,"activity":-0.003068024691358024,"bolusiob":0}
