{"iob":0.4207765157928801,"activity":0.001397539894179894,"bolusiob":0}
