{"iob":-0.1207244152975,"activity":-0.0027701058201058198,"bolusiob":0}
