{"iob":0.031234979105071198,"activity":-0.0011730248148148145,"bolusiob":0}
