{"iob":0.05931605144575627,"activity":0.0024878307760141088,"bolusiob":0}
