{"iob":-0.1464829425095786,"activity":-0.00025143777777777716,"bolusiob":0}
