{"iob":-0.14838403122666668,"activity":-0.0001987654320987654,"bolusiob":0}
