{"iob":0.5568378554811806,"activity":0.001810273368606702,"bolusiob":0}
