{"iob":0.030788273754513963,"activity":0.0056457936507936495,"bolusiob":0}
