{"iob":-0.02699816586041668,"activity":-0.00031565255731922346,"bolusiob":0}
