{"iob":0.0003727086066666538,"activity":-0.004497513227513228,"bolusiob":0}
