{"iob":0.06706862771777779,"activity":-0.0006905114638447974,"bolusiob":0}
