{"iob":-0.4074282318214746,"activity":-0.0019855382186948845,"bolusiob":0}
