{"iob":0.35243841648431407,"activity":0.002199603262786596,"bolusiob":0}
