{"iob":-0.07365718952652779,"activity":-0.00020757495590828935,"bolusiob":0}
