{"iob":0.28918497770638896,"activity":0.0038072310405643734,"bolusiob":0}
