{"iob":0.42988512864207556,"activity":0.007880476560846558,"bolusiob":0}
