{"iob":-0.20731082421501432,"activity":0.0027041709523809533,"bolusiob":0}
