{"iob":-0.3612922925827778,"activity":-0.0030387037037037036,"bolusiob":0}
