{"iob":-0.000008705847789991506,"activity":0.000008100264550264455,"bolusiob":0}
