{"iob":-0.42835905947763886,"activity":-0.0054368253968253965,"bolusiob":0}
