{"iob":-0.1522545953021629,"activity":-0.0004790917989417988,"bolusiob":0}
