{"iob":0.15563891608212438,"activity":-0.002169047372134039,"bolusiob":0}
