{"iob":0.5372258120505556,"activity":0.002191957671957672,"bolusiob":0}
