{"iob":-0.5663261479855555,"activity":-0.0045342504409171085,"bolusiob":0}
