{"iob":-0.10724555902222224,"activity":0.00023061728395061724,"bolusiob":0}
