{"iob":0.13767582836575568,"activity":-0.0017553850970017629,"bolusiob":0}
