{"iob":-0.07714919746325523,"activity":-0.0024720127865961194,"bolusiob":0}
