{"iob":-0.01116764046985786,"activity":0.0005254322222222222,"bolusiob":0}
