{"iob":-0.24557377828766905,"activity":-0.002349382804232804,"bolusiob":0}
