{"iob":-0.3411417813683334,"activity":-0.0009594444444444443,"bolusiob":0}
