{"iob":-0.3495878784094445,"activity":-0.003977522045855379,"bolusiob":0}
