{"iob":-0.11311488584333339,"activity":-0.00280299823633157,"bolusiob":0}
