{"iob":-0.3668286479444445,"activity":-0.0015969135802469136,"bolusiob":0}
