{"iob":0.07918430657483334,"activity":0.0015688183421516753,"bolusiob":0}
