{"iob":-0.02468045880375,"activity":-0.0002062169312169318,"bolusiob":0}
