{"iob":-0.3004075509154188,"activity":-0.004744920546737212,"bolusiob":0}
