{"iob":-0.11605645181625004,"activity":-0.000788280423280424,"bolusiob":0}
