{"iob":-0.07636588994,"activity":-0.00227037037037037,"bolusiob":0}
