{"iob":0.19907014784000002,"activity":0.0001511111111111111,"bolusiob":0}
