{"iob":-0.36592456698967557,"activity":-0.0002800530335096994,"bolusiob":0}
