{"iob":0.5649334165300973,"activity":0.006069012345679012,"bolusiob":0}
