{"iob":-0.08260321440902779,"activity":0.00022247795414462028,"bolusiob":0}
