{"iob":-0.07209034304150341,"activity":-0.0018989711640211638,"bolusiob":0}
