{"iob":-0.08346898229197654,"activity":0.0028730245679012343,"bolusiob":0}
