{"iob":-0.2879992513202771,"activity":-0.0029847089065255725,"bolusiob":0}
