{"iob":-0.13614598093046043,"activity":-0.0036111108641975307,"bolusiob":0}
