{"iob":-0.18350691155277776,"activity":-0.0014433156966490287,"bolusiob":0}
