{"iob":0.35564608258722213,"activity":0.00900273368606702,"bolusiob":0}
