{"iob":0.2775598789151389,"activity":0.005118650793650793,"bolusiob":0}
