{"iob":0.03580659164277778,"activity":-0.00041796296296296275,"bolusiob":0}
