{"iob":0.17208742063222215,"activity":-0.002038694885361552,"bolusiob":0}
