{"iob":0.5448284754731112,"activity":0.007276111111111111,"bolusiob":0}
