{"iob":-0.36205182006052083,"activity":0.0015364814814814813,"bolusiob":0}
