{"iob":0.05896424962391614,"activity":0.0014748151851851853,"bolusiob":0}
