{"iob":0.3561625837435355,"activity":-0.0015452820634920634,"bolusiob":0}
