{"iob":-0.1797208201066667,"activity":-0.0008610317460317461,"bolusiob":0}
