{"iob":-0.31941312646833336,"activity":-0.004701216931216931,"bolusiob":0}
