{"iob":0.17087693049033337,"activity":0.00308352733686067,"bolusiob":0}
