{"iob":-0.23475098212255333,"activity":-0.002264506172839506,"bolusiob":0}
