{"iob":-0.01886888557138502,"activity":-0.00040626950617283955,"bolusiob":0}
