{"iob":-0.07694290461388886,"activity":-0.0017683862433862428,"bolusiob":0}
