{"iob":-0.28662065245944446,"activity":-0.0022541269841269834,"bolusiob":0}
