{"iob":0.44637212348958333,"activity":0.001723959435626102,"bolusiob":0}
