{"iob":-0.05215455163709722,"activity":0.0002519664902998239,"bolusiob":0}
