{"iob":-0.40371230495519006,"activity":-0.005865132275132274,"bolusiob":0}
