{"iob":-0.00010892499999999861,"activity":-0.0000687830687830687,"bolusiob":0}
