{"iob":-0.40700066642265476,"activity":-0.00438296287477954,"bolusiob":0}
