{"iob":-0.20300391638388893,"activity":-0.002849664902998236,"bolusiob":0}
