{"iob":0.10159917072000002,"activity":0.0033153439153439154,"bolusiob":0}
