{"iob":0.11818628260500005,"activity":0.003514021164021164,"bolusiob":0}
