{"iob":0.02033681214999998,"activity":0.0015317460317460303,"bolusiob":0}
