{"iob":0.2394446342129166,"activity":-0.00219420634920635,"bolusiob":0}
