{"iob":0.07900800828347224,"activity":0.00028421516754850165,"bolusiob":0}
