{"iob":0.4109019714933334,"activity":0.0031283950617283945,"bolusiob":0}
