{"iob":-0.5456228453572224,"activity":-0.00377379188712522,"bolusiob":0}
