{"iob":0.15419569565318306,"activity":0.003463535890652557,"bolusiob":0}
