{"iob":-0.08102589675586265,"activity":0.0009841447089947082,"bolusiob":0}
