{"iob":0.1430119705150796,"activity":-0.0016316665784832443,"bolusiob":0}
