{"iob":0.8217979557679762,"activity":0.010786649118165783,"bolusiob":0}
