{"iob":-0.2962851622016667,"activity":-0.0019065255731922398,"bolusiob":0}
