{"iob":-0.09937728146222222,"activity":-0.00009851851851851851,"bolusiob":0}
