{"iob":-0.53378788567664,"activity":-0.004694929576719577,"bolusiob":0}
