{"iob":-0.1544071973268889,"activity":-0.003043104056437389,"bolusiob":0}
