{"iob":-0.03117107643033338,"activity":-0.001959523809523809,"bolusiob":0}
