{"iob":-0.025710737303749998,"activity":-0.0002591269841269842,"bolusiob":0}
