{"iob":0.03768577386499998,"activity":-0.000350238095238095,"bolusiob":0}
