{"iob":0.11701092756205267,"activity":0.006194995837742503,"bolusiob":0}
