{"iob":0.22365218235944445,"activity":0.002155079365079366,"bolusiob":0}
