{"iob":-0.1424033714905556,"activity":-0.0028839153439153436,"bolusiob":0}
