{"iob":-0.33524383007722225,"activity":-0.0017479717813051146,"bolusiob":0}
