{"iob":0.2074681577580463,"activity":0.00343814823633157,"bolusiob":0}
