{"iob":-0.32683792637989584,"activity":-0.004554823686067019,"bolusiob":0}
