{"iob":-0.23461555158958333,"activity":-0.0013116225749559079,"bolusiob":0}
