{"iob":-0.12135104887388892,"activity":-0.002091613756613756,"bolusiob":0}
