{"iob":-0.12884395983889088,"activity":-0.0008251766313932986,"bolusiob":0}
