{"iob":-0.178625726085116,"activity":-0.0028233772134038794,"bolusiob":0}
