{"iob":-0.05796465016000001,"activity":-0.0017079365079365077,"bolusiob":0}
