{"iob":0.82276785818,"activity":0.007493395061728395,"bolusiob":0}
