{"iob":-0.08402914282000001,"activity":-0.0019624338624338626,"bolusiob":0}
