{"iob":-0.18612337452666666,"activity":-0.0006833333333333333,"bolusiob":0}
