{"iob":-0.39280712972133336,"activity":-0.002821728395061728,"bolusiob":0}
