{"iob":-0.10944029683,"activity":0.00006308641975308633,"bolusiob":0}
