{"iob":0.0988818189888889,"activity":0.00013345679012345677,"bolusiob":0}
