{"iob":-0.43965889780977785,"activity":-0.006143209876543209,"bolusiob":0}
