{"iob":-0.15854250079277782,"activity":-0.002726225749559083,"bolusiob":0}
