{"iob":-0.4080614492927779,"activity":-0.003986490299823633,"bolusiob":0}
