{"iob":0.17292555792077804,"activity":0.00408383643738977,"bolusiob":0}
