{"iob":-0.08707072474333336,"activity":-0.0013377954144620809,"bolusiob":0}
