{"iob":-0.29324965997236263,"activity":-0.003028959347442681,"bolusiob":0}
