{"iob":-0.4899535665018566,"activity":-0.005427760141093473,"bolusiob":0}
