{"iob":-0.10810322293621938,"activity":-0.003023888677248676,"bolusiob":0}
