{"iob":-0.16207160959000003,"activity":-0.003133086419753086,"bolusiob":0}
