{"iob":-0.12233232327911649,"activity":0.00008057910052910086,"bolusiob":0}
