{"iob":-0.11364077994580185,"activity":-0.0023324868606701935,"bolusiob":0}
