{"iob":-0.5182502153669098,"activity":-0.005405458553791887,"bolusiob":0}
