{"iob":1.0291925139184488,"activity":0.008314885485008815,"bolusiob":0}
