{"iob":0.32017711232510215,"activity":-0.0021313137213403877,"bolusiob":0}
