{"iob":0.15363912359307963,"activity":-0.0008817547619047614,"bolusiob":0}
