{"iob":-0.18295008972985352,"activity":0.0008990298059964714,"bolusiob":0}
