{"iob":-0.5042149264456944,"activity":-0.0024914550264550266,"bolusiob":0}
