{"iob":0.4887557823601415,"activity":0.0036784305291005298,"bolusiob":0}
