{"iob":-0.37890376669221043,"activity":-0.0044128923280423275,"bolusiob":0}
