{"iob":-0.2638470711716068,"activity":-0.0016053442151675486,"bolusiob":0}
