{"iob":0.22723188502800323,"activity":-0.001879973844797178,"bolusiob":0}
