{"iob":-0.05820794683020294,"activity":0.001208130423280423,"bolusiob":0}
