{"iob":-0.12707301951971425,"activity":-0.00029456816578483225,"bolusiob":0}
