{"iob":-0.044232033446249985,"activity":-0.00171253086419753,"bolusiob":0}
