{"iob":-0.023706933810416678,"activity":0.00005749559082892362,"bolusiob":0}
