{"iob":-0.3111241177483334,"activity":-0.002807460317460317,"bolusiob":0}
