{"iob":0.15548680689158856,"activity":0.005310526895943563,"bolusiob":0}
