{"iob":0.016564481523888876,"activity":0.002775343915343914,"bolusiob":0}
