{"iob":0.7851742531845417,"activity":0.006904620811287478,"bolusiob":0}
