{"iob":-0.01295317022936033,"activity":-0.0007181043209876542,"bolusiob":0}
