{"iob":-0.042394790470666674,"activity":-0.001263668430335097,"bolusiob":0}
