{"iob":0.8470817603733336,"activity":0.008805291005291004,"bolusiob":0}
