{"iob":0.2016394489903334,"activity":0.002916754850088183,"bolusiob":0}
