{"iob":-0.05877426235711361,"activity":0.0008701966490299831,"bolusiob":0}
