{"iob":0.400099622527257,"activity":0.008987980599647264,"bolusiob":0}
