{"iob":-0.3530463486961458,"activity":0.0006430114638447959,"bolusiob":0}
