{"iob":0.07386397171961784,"activity":0.004667544215167549,"bolusiob":0}
