{"iob":-0.5641796468994782,"activity":-0.005778297971781302,"bolusiob":0}
