{"iob":0.23767060749954155,"activity":0.0019991268959435623,"bolusiob":0}
