{"iob":0.3650466974444444,"activity":0.0002941798941798945,"bolusiob":0}
