{"iob":-0.17919055134722225,"activity":-0.002672037037037037,"bolusiob":0}
