{"iob":-0.27068358982944446,"activity":-0.004141298059964726,"bolusiob":0}
