{"iob":0.3155931869027866,"activity":0.004619532751322751,"bolusiob":0}
