{"iob":0.29873648625482674,"activity":0.0009480867901234568,"bolusiob":0}
