{"iob":-0.21262381234792258,"activity":-0.0011000438977072323,"bolusiob":0}
