{"iob":-0.32169332048696553,"activity":-0.005094867848324515,"bolusiob":0}
