{"iob":-0.1867864446637724,"activity":-0.0008198273368606709,"bolusiob":0}
