{"iob":-0.10472863206436706,"activity":-0.0011412080246913578,"bolusiob":0}
