{"iob":-0.4037407905448011,"activity":-0.0031052821869488535,"bolusiob":0}
