{"iob":-0.3895117119400311,"activity":-0.0044752205820105815,"bolusiob":0}
