{"iob":-0.03750590887998598,"activity":-0.0020167193298059973,"bolusiob":0}
