{"iob":-0.19108093191944447,"activity":-0.0033001234567901234,"bolusiob":0}
