{"iob":0.049075343881568735,"activity":-0.0013116576014109357,"bolusiob":0}
