{"iob":-0.2354908608273327,"activity":-0.0012787212522045867,"bolusiob":0}
