{"iob":-0.11196877407494754,"activity":0.0046972410934744266,"bolusiob":0}
