{"iob":-0.059732729419444464,"activity":-0.002759850088183421,"bolusiob":0}
