{"iob":0.13776462747855556,"activity":-0.0018492768959435624,"bolusiob":0}
