{"iob":0.19018351728109745,"activity":0.0034710230158730157,"bolusiob":0}
