{"iob":-0.053090502048541675,"activity":-0.0026967283950617284,"bolusiob":0}
