{"iob":-0.024079287068314165,"activity":0.001505246649029982,"bolusiob":0}
