{"iob":-0.35857572232731194,"activity":-0.0033644976190476197,"bolusiob":0}
