{"iob":-0.10598949539333336,"activity":-0.0022373897707231036,"bolusiob":0}
