{"iob":0.31959342212188896,"activity":-0.0033626455026455017,"bolusiob":0}
