{"iob":-0.31273858056735104,"activity":-0.0024284040035273367,"bolusiob":0}
