{"iob":-0.11155555553979164,"activity":-0.0032698853615520276,"bolusiob":0}
