{"iob":-0.1498417031708889,"activity":-0.001856649029982363,"bolusiob":0}
