{"iob":-0.45748183577277785,"activity":-0.0034213580246913585,"bolusiob":0}
