{"iob":0.12051979551055551,"activity":0.006485167548500881,"bolusiob":0}
