{"iob":0.5692772314546688,"activity":0.004628015784832452,"bolusiob":0}
