{"iob":0.22993863824837843,"activity":-0.00025882679012345693,"bolusiob":0}
