{"iob":0.0004129796999999769,"activity":0.0001772486772486766,"bolusiob":0}
