{"iob":-0.30447552329055555,"activity":-0.0036349206349206345,"bolusiob":0}
