{"iob":0.40935537036121333,"activity":-0.0027301144268077598,"bolusiob":0}
