{"iob":-0.07673408005626431,"activity":0.0003973814109347435,"bolusiob":0}
