{"iob":-0.26535238465666666,"activity":-0.003872398589065255,"bolusiob":0}
