{"iob":-0.31589077371151963,"activity":-0.002770802557319224,"bolusiob":0}
