{"iob":-0.04985852777777778,"activity":-0.0000308641975308642,"bolusiob":0}
