{"iob":-0.14427316751375,"activity":-0.004841913580246913,"bolusiob":0}
