{"iob":-0.3424629075345955,"activity":-0.004101446331569666,"bolusiob":0}
