{"iob":-0.07686708867232325,"activity":-0.0032030071781305115,"bolusiob":0}
