{"iob":0.27775959652500004,"activity":-0.0019404232804232796,"bolusiob":0}
