{"iob":0.025127128053118772,"activity":0.001372010670194004,"bolusiob":0}
