{"iob":-0.03567435852083334,"activity":-0.001649559082892416,"bolusiob":0}
