{"iob":-0.0997178539316667,"activity":-0.002670282186948853,"bolusiob":0}
