{"iob":-0.10413501827499999,"activity":-0.000047222222222222235,"bolusiob":0}
