{"iob":-0.1421796387194097,"activity":0.0001678835978835977,"bolusiob":0}
