{"iob":-0.25232831177642673,"activity":-0.000803324497354497,"bolusiob":0}
