{"iob":-0.1747966017013639,"activity":-0.0013680599647266317,"bolusiob":0}
