{"iob":0.17658375524179154,"activity":-0.0031860318342151676,"bolusiob":0}
