{"iob":0.03998173880864996,"activity":0.004120343827160493,"bolusiob":0}
