{"iob":-0.19997000225453343,"activity":-0.0013825307407407405,"bolusiob":0}
