{"iob":-0.4754572363711112,"activity":-0.002649506172839506,"bolusiob":0}
