{"iob":-0.4250212408503179,"activity":-0.0036639950088183416,"bolusiob":0}
