{"iob":-0.4111428519056945,"activity":-0.002562460317460317,"bolusiob":0}
