{"iob":-0.22846965096041671,"activity":-0.003069100529100529,"bolusiob":0}
