{"iob":-0.0735879761361111,"activity":0.0006937654320987652,"bolusiob":0}
