{"iob":-0.44432305741790673,"activity":-0.0036340565608465607,"bolusiob":0}
