{"iob":-0.12430053398847224,"activity":-0.000012654320987654606,"bolusiob":0}
