{"iob":0.005319391733333317,"activity":0.0007389770723104052,"bolusiob":0}
