{"iob":-0.02324374650666666,"activity":-0.0011795414462081124,"bolusiob":0}
