{"iob":-0.26327511306034723,"activity":-0.0038425485008818337,"bolusiob":0}
