{"iob":-0.17160417274055556,"activity":-0.001747442680776014,"bolusiob":0}
