{"iob":-0.0720976694459587,"activity":0.0006735718871252195,"bolusiob":0}
