{"iob":3.7268499999965066e-7,"activity":-0.000024074074074074105,"bolusiob":0}
