{"iob":0.3733471714871612,"activity":-0.0012029366313932974,"bolusiob":0}
