{"iob":-0.10967652107699999,"activity":-0.000017195767195767195,"bolusiob":0}
