{"iob":-0.1809613201898611,"activity":-0.0037303615520282176,"bolusiob":0}
