{"iob":-0.40577775945,"activity":-0.004042081128747795,"bolusiob":0}
