{"iob":0.6967104670973414,"activity":0.01049526458553792,"bolusiob":0}
