{"iob":-0.20412507741402933,"activity":-0.0037999117283950604,"bolusiob":0}
