{"iob":0.5455292209479636,"activity":0.004529770917107582,"bolusiob":0}
