{"iob":-0.2567042871630753,"activity":-0.004120529365079364,"bolusiob":0}
