{"iob":0.08338935723125002,"activity":0.00440810405643739,"bolusiob":0}
