{"iob":0.1035146995130875,"activity":0.008887107566137567,"bolusiob":0}
