{"iob":-0.22655883795549295,"activity":-0.0012549648148148164,"bolusiob":0}
