{"iob":0.2915302221634445,"activity":-0.0011709964726631383,"bolusiob":0}
