{"iob":-0.13551386314764285,"activity":-0.0015530508818342155,"bolusiob":0}
