{"iob":-0.2635237477586111,"activity":-0.002866719576719577,"bolusiob":0}
