{"iob":-0.39541037815980185,"activity":-0.0020555468253968248,"bolusiob":0}
