{"iob":-0.1343804930494432,"activity":-0.0014979308641975303,"bolusiob":0}
