{"iob":-0.35479544823666664,"activity":-0.00002563492063492072,"bolusiob":0}
