{"iob":0.09546127049736108,"activity":-0.0015567724867724872,"bolusiob":0}
