{"iob":-0.28754416204891103,"activity":-0.0021526544444444434,"bolusiob":0}
