{"iob":-0.19703546986722223,"activity":-0.0010547442680776003,"bolusiob":0}
