{"iob":-0.2747581346242601,"activity":-0.0021338450970017626,"bolusiob":0}
