{"iob":-0.5210001250388123,"activity":-0.002897733597883597,"bolusiob":0}
