{"iob":-0.097238928214049,"activity":-0.0014630686596119925,"bolusiob":0}
