{"iob":-0.5076139407432153,"activity":-0.005371000881834213,"bolusiob":0}
