{"iob":0.6655698387077779,"activity":0.004442663139329806,"bolusiob":0}
