{"iob":-0.10225582885750001,"activity":-0.0029142857142857143,"bolusiob":0}
