{"iob":-0.43635712728303383,"activity":-0.00433142848324515,"bolusiob":0}
