{"iob":-0.349263508203261,"activity":-0.004619197654320987,"bolusiob":0}
