{"iob":0.06240147425649846,"activity":-0.0028155819223985887,"bolusiob":0}
