{"iob":0.05475770365407802,"activity":0.002303615255731922,"bolusiob":0}
