{"iob":0.8723701030519557,"activity":0.007540635626102293,"bolusiob":0}
