{"iob":-0.4025062478665625,"activity":-0.00010369929453262868,"bolusiob":0}
