{"iob":-0.022735644190416664,"activity":0.000032627865961199366,"bolusiob":0}
