{"iob":0.7415413574970833,"activity":0.007459779541446207,"bolusiob":0}
