{"iob":-0.308391584379696,"activity":-0.0029798411816578485,"bolusiob":0}
