{"iob":0.607322939932778,"activity":0.003262151675485009,"bolusiob":0}
