{"iob":-0.09181555645975178,"activity":-0.0023413312522045874,"bolusiob":0}
