{"iob":0.19908137096,"activity":0.0001496296296296296,"bolusiob":0}
