{"iob":-0.4103453494433334,"activity":-0.003731322751322751,"bolusiob":0}
