{"iob":0.2151370877675622,"activity":0.0019249472134038803,"bolusiob":0}
