{"iob":0.01169819406213883,"activity":0.0006296472663139327,"bolusiob":0}
