{"iob":-0.2636171488344444,"activity":0.0007607054673721339,"bolusiob":0}
