{"iob":-0.30230717904775967,"activity":-0.0016421182539682541,"bolusiob":0}
