{"iob":-0.012774159008333327,"activity":-0.0008683421516754847,"bolusiob":0}
