{"iob":-0.034610261574095295,"activity":0.00480221328042328,"bolusiob":0}
