{"iob":0.8180389421827876,"activity":0.009153733104056434,"bolusiob":0}
