{"iob":-0.5196637299434723,"activity":-0.0037741534391534386,"bolusiob":0}
