{"iob":-0.2073901014488889,"activity":-0.0002750617283950617,"bolusiob":0}
