{"iob":-0.47781363933327564,"activity":-0.004354522574955908,"bolusiob":0}
