{"iob":0.05108855832675,"activity":-0.0019374514991181654,"bolusiob":0}
