{"iob":-0.495980269585,"activity":-0.005116393298059964,"bolusiob":0}
