{"iob":-0.16320561996111452,"activity":-0.0018990210405643731,"bolusiob":0}
