{"iob":-0.045967945463754226,"activity":0.0005749122751322752,"bolusiob":0}
