{"iob":0.02835361333333333,"activity":0.0018077601410934733,"bolusiob":0}
