{"iob":0.37997331681601887,"activity":-0.0005405729805996465,"bolusiob":0}
