{"iob":0.7807378143437749,"activity":0.006438194197530866,"bolusiob":0}
