{"iob":-0.46637896428391545,"activity":-0.003091975432098765,"bolusiob":0}
