{"iob":0.1378334168990715,"activity":0.0016882979717813046,"bolusiob":0}
