{"iob":0.047883162713888885,"activity":0.00016351851851851852,"bolusiob":0}
