{"iob":-0.5016514286277777,"activity":-0.003583015873015872,"bolusiob":0}
