{"iob":0.4621734188395835,"activity":0.008199303350970017,"bolusiob":0.09618211960000003}
