{"iob":0.052905721666917836,"activity":-0.0004740337742504408,"bolusiob":0}
