{"iob":-0.4474665462319241,"activity":-0.003978298148148147,"bolusiob":0}
