{"iob":-0.003945181699999989,"activity":-0.00046825396825396753,"bolusiob":0}
