{"iob":-0.011071083607349617,"activity":0.0016313932098765429,"bolusiob":0}
