{"iob":0.17024726064582296,"activity":0.0041854939153439154,"bolusiob":0}
