{"iob":-0.3685035231534306,"activity":-0.00134263668430335,"bolusiob":0}
