{"iob":-0.12172455640763889,"activity":-0.0014150529100529097,"bolusiob":0}
