{"iob":0.03163511982472225,"activity":0.00419848324514991,"bolusiob":0}
