{"iob":-0.006545578508333335,"activity":-0.0006133156966490296,"bolusiob":0}
