{"iob":-0.20617280370055557,"activity":-0.0005462786596119927,"bolusiob":0}
