{"iob":0.2702180758970463,"activity":0.002259523897707231,"bolusiob":0}
