{"iob":-0.0004343223799999907,"activity":-0.00013386243386243372,"bolusiob":0}
