{"iob":0.05885454726666668,"activity":0.0025890652557319224,"bolusiob":0}
