{"iob":0.4002693960725026,"activity":0.00840512349206349,"bolusiob":0}
