{"iob":0.006646444442777802,"activity":-0.0034653968253968246,"bolusiob":0}
