{"iob":-0.20094555369048714,"activity":-0.0016020723985890651,"bolusiob":0}
