{"iob":-0.4596361682853334,"activity":-0.005365943562610228,"bolusiob":0}
