{"iob":-0.20814178586724005,"activity":-0.0021059787125220454,"bolusiob":0}
