{"iob":-0.29636585038546936,"activity":-0.0011938888007054667,"bolusiob":0}
