{"iob":0.14925354219260956,"activity":-0.0012441357142857136,"bolusiob":0}
