{"iob":-0.27613202137833337,"activity":-0.004464876543209876,"bolusiob":0}
