{"iob":-0.009208541887145413,"activity":0.0024823543738977084,"bolusiob":0}
