{"iob":0.2654482357456112,"activity":0.001222037037037037,"bolusiob":0}
