{"iob":0.3902709730888889,"activity":0.0024103703703703704,"bolusiob":0}
