{"iob":-0.09986367518569442,"activity":0.001717927689594357,"bolusiob":0}
