{"iob":-0.4112132672393426,"activity":-0.00509890656084656,"bolusiob":0}
