{"iob":-0.1395514213822222,"activity":-0.0005446913580246913,"bolusiob":0}
