{"iob":0.18374125532358232,"activity":0.002399223862433862,"bolusiob":0}
