{"iob":-0.35441965061166675,"activity":-0.0006824074074074076,"bolusiob":0}
