{"iob":-0.24082712102835957,"activity":-0.0030278660493827164,"bolusiob":0}
