{"iob":-0.04447810946500002,"activity":-0.0011246031746031746,"bolusiob":0}
