{"iob":0.9175393224273466,"activity":0.006841225661375659,"bolusiob":0}
