{"iob":0.08132972734888888,"activity":-0.0005161199294532624,"bolusiob":0}
