{"iob":-0.21236247408222225,"activity":-0.0017976190476190472,"bolusiob":0}
