{"iob":-0.20851513604305558,"activity":-0.0029171957671957666,"bolusiob":0}
