{"iob":-0.45587448828243915,"activity":-0.006572548306878303,"bolusiob":0}
