{"iob":-0.12129591594222225,"activity":0.00036571428571428454,"bolusiob":0}
