{"iob":0.05498590340722153,"activity":-0.003004285802469136,"bolusiob":0}
