{"iob":-0.2668754054877066,"activity":0.0018981127513227514,"bolusiob":0}
