{"iob":-0.24235179167824533,"activity":-0.0013649385361552031,"bolusiob":0}
