{"iob":-0.18888389341709488,"activity":-0.0008452086948853616,"bolusiob":0}
