{"iob":-0.11182532645222229,"activity":-0.00245021164021164,"bolusiob":0}
