{"iob":0.037619497920143255,"activity":0.002056231657848324,"bolusiob":0}
