{"iob":-0.39112480975715863,"activity":-0.0034625046737213404,"bolusiob":0}
