{"iob":-0.026871228622777757,"activity":-0.00008280423280423278,"bolusiob":0}
