{"iob":-0.16958688972081964,"activity":-0.0006602117283950626,"bolusiob":0}
