{"iob":-0.14070036534555558,"activity":-0.0016969312169312165,"bolusiob":0}
