{"iob":-0.10938615258111112,"activity":-0.000010740740740740822,"bolusiob":0}
