{"iob":-0.34116165836444445,"activity":-0.0013401058201058195,"bolusiob":0}
