{"iob":-0.1757086636683713,"activity":-0.0039667546031746026,"bolusiob":0}
