{"iob":0.29835317100519565,"activity":-0.0012937650617283946,"bolusiob":0}
