{"iob":-0.08178301539859369,"activity":0.005759506172839506,"bolusiob":0}
