{"iob":0.1864356711023249,"activity":0.0036551939153439154,"bolusiob":0}
