{"iob":-0.017198739320526287,"activity":0.0012259258377425026,"bolusiob":0}
