{"iob":0.3303510173236111,"activity":-0.00031261904761904703,"bolusiob":0}
