{"iob":0.0027091913627778075,"activity":0.0022429453262786604,"bolusiob":0}
