{"iob":-0.423333242900408,"activity":-0.00023321860670193982,"bolusiob":0}
