{"iob":-0.14251752996704298,"activity":0.003499894215167546,"bolusiob":0}
