{"iob":-0.4854960144488889,"activity":-0.0057005291005291,"bolusiob":0}
