{"iob":-0.19629155186125374,"activity":-0.0026876983245149914,"bolusiob":0}
