{"iob":-0.23194081052444446,"activity":-0.0008486419753086418,"bolusiob":0}
