{"iob":-0.27573463562350853,"activity":-0.0037462699294532626,"bolusiob":0}
