{"iob":-0.39934699292555564,"activity":-0.004202292768959435,"bolusiob":0}
