{"iob":0.04947542217172121,"activity":-0.0011214109523809525,"bolusiob":0}
