{"iob":-0.2951884412454166,"activity":-0.005463527336860671,"bolusiob":0}
