{"iob":-0.1419670969784685,"activity":-0.0007538537037037037,"bolusiob":0}
