{"iob":-0.43148500182213045,"activity":-0.004264073985890652,"bolusiob":0}
