{"iob":-0.13165771313111116,"activity":-0.003033915343915344,"bolusiob":0}
