{"iob":0.19863379797166666,"activity":-0.001577169312169312,"bolusiob":0}
