{"iob":-0.0021310154149305136,"activity":-0.0015898236331569665,"bolusiob":0}
