{"iob":0.30060645751422865,"activity":-0.00025229282186948847,"bolusiob":0}
