{"iob":0.00023692396304020313,"activity":0.00011421005291005257,"bolusiob":0}
