{"iob":-0.11779601037744447,"activity":0.0001753262786596109,"bolusiob":0}
