{"iob":-0.24663357254569454,"activity":-0.0015537477954144627,"bolusiob":0}
