{"iob":0.0089897979233333,"activity":-0.004180828924162259,"bolusiob":0}
