{"iob":-0.23599680473111112,"activity":-0.0008951851851851851,"bolusiob":0}
