{"iob":-0.343455166433151,"activity":0.0014988446737213394,"bolusiob":0}
