{"iob":0.2355484755877778,"activity":-0.0005327160493827159,"bolusiob":0}
