{"iob":-0.25994935452666673,"activity":-0.00020851851851851842,"bolusiob":0}
