{"iob":-0.3686354445767333,"activity":-0.0021925985008818343,"bolusiob":0}
