{"iob":-0.27478830751432326,"activity":-0.0031253175837742497,"bolusiob":0}
