{"iob":-0.1784984344881957,"activity":0.0014329980599647259,"bolusiob":0}
