{"iob":-0.11527303158166669,"activity":-0.0030564373897707226,"bolusiob":0}
