{"iob":-0.23069615907625005,"activity":-0.0003513492063492067,"bolusiob":0}
