{"iob":-0.1233812321255556,"activity":-0.0039233597883597884,"bolusiob":0}
