{"iob":-0.2778769432370834,"activity":-0.002419276895943562,"bolusiob":0}
