{"iob":-0.3389585663561756,"activity":-0.004631940158730159,"bolusiob":0}
