{"iob":0.00954527944864135,"activity":0.0009092589947089941,"bolusiob":0}
