{"iob":-0.1531423895782697,"activity":-0.001777036701940035,"bolusiob":0}
