{"iob":0.21906615595952778,"activity":-0.001705313932980599,"bolusiob":0}
