{"iob":-0.1790098563191667,"activity":-0.0027123104056437385,"bolusiob":0}
