{"iob":0.34473615660335233,"activity":0.004562284074074075,"bolusiob":0}
