{"iob":0.38360128078624994,"activity":0.005334012345679013,"bolusiob":0}
