{"iob":0.25616308470000004,"activity":0.00409973544973545,"bolusiob":0}
