{"iob":0.8459261881683634,"activity":0.010224573315696647,"bolusiob":0}
