{"iob":0.09934077854222223,"activity":0.00010271604938271605,"bolusiob":0}
