{"iob":-0.2740506067333733,"activity":0.0033953437918871248,"bolusiob":0}
