{"iob":-0.24820822275044815,"activity":-0.0026280510582010583,"bolusiob":0}
