{"iob":-0.1951400751016667,"activity":-0.0022132451499118147,"bolusiob":0}
