{"iob":-0.15564539405057268,"activity":-0.00254662266313933,"bolusiob":0}
