{"iob":-0.054015671175277793,"activity":0.0012761640211640208,"bolusiob":0}
