{"iob":-0.30731472686135414,"activity":-0.0011713844797178136,"bolusiob":0}
