{"iob":-0.06460048275748514,"activity":0.00047186940035273336,"bolusiob":0}
