{"iob":-0.2725549859644445,"activity":-0.00260716049382716,"bolusiob":0}
