{"iob":-0.5084829483863734,"activity":-0.0030242770194003534,"bolusiob":0}
