{"iob":-0.5665658596133334,"activity":-0.004724514991181657,"bolusiob":0}
