{"iob":-0.06942610721333337,"activity":0.00070821869488536,"bolusiob":0}
