{"iob":-0.09197991852802084,"activity":-0.0016264109347442683,"bolusiob":0}
