{"iob":0.14699706983727795,"activity":-0.0009090880070546736,"bolusiob":0}
