{"iob":-0.059158244068149374,"activity":0.0013614906701940035,"bolusiob":0}
