{"iob":0.18655736850677118,"activity":0.004991463721340388,"bolusiob":0}
