{"iob":0.11736126075126241,"activity":0.0072330073368606675,"bolusiob":0}
