{"iob":-0.06736393923374992,"activity":0.006060061728395061,"bolusiob":0}
