{"iob":0.17681942749375,"activity":-0.002745132275132274,"bolusiob":0}
