{"iob":-0.02240954417833333,"activity":-0.001256701940035273,"bolusiob":0}
