{"iob":-0.3847371303734722,"activity":-0.002407380952380952,"bolusiob":0}
