{"iob":-0.30744420001437295,"activity":-0.0021394092592592604,"bolusiob":0}
