{"iob":0.5715522247200667,"activity":0.004895837742504409,"bolusiob":0}
