{"iob":-0.13177151232555556,"activity":-0.002202354497354497,"bolusiob":0}
