{"iob":-0.023240996710308635,"activity":-0.000206349470899471,"bolusiob":0}
