{"iob":-0.3689237814170834,"activity":-0.00564015873015873,"bolusiob":0}
