{"iob":-0.12004212986402776,"activity":-0.0005543827160493821,"bolusiob":0}
