{"iob":-0.08447071661944444,"activity":-0.0014288359788359785,"bolusiob":0}
