{"iob":-0.3556902948702462,"activity":-0.0017673810405643736,"bolusiob":0}
