{"iob":-0.36734634794136334,"activity":-0.0016888539153439154,"bolusiob":0}
