{"iob":-0.3312279740687899,"activity":-0.0029362346913580245,"bolusiob":0}
