{"iob":0.05232827647029373,"activity":0.0018399381834215158,"bolusiob":0}
