{"iob":0.44215772849158147,"activity":0.008294382751322752,"bolusiob":0}
