{"iob":-0.3769896259590931,"activity":-0.0033776369488536153,"bolusiob":0}
