{"iob":-0.06988935910479169,"activity":-0.0025542768959435623,"bolusiob":0}
