{"iob":-0.16534830561194444,"activity":-0.004359911816578483,"bolusiob":0}
