{"iob":0.5607523276189862,"activity":0.00509426455026455,"bolusiob":0}
