{"iob":-0.14318833390413427,"activity":-0.0017207931922398586,"bolusiob":0}
