{"iob":-0.0984901209888889,"activity":-0.00017444444444444444,"bolusiob":0}
