{"iob":-0.19201534024784267,"activity":-0.0036698676366843028,"bolusiob":0}
