{"iob":-0.16217014085722226,"activity":-0.002896984126984127,"bolusiob":0}
