{"iob":-0.06807077210445375,"activity":-0.0021331480599647264,"bolusiob":0}
