{"iob":0.9531732379885396,"activity":0.008243705961199294,"bolusiob":0}
