{"iob":-0.1898956357496753,"activity":0.00031921522045855357,"bolusiob":0}
