{"iob":0.11976013324371779,"activity":0.006704020723104056,"bolusiob":0}
