{"iob":-0.006832739733321248,"activity":0.0004451826278659612,"bolusiob":0}
