{"iob":-0.07254895299388887,"activity":-0.0007733862433862433,"bolusiob":0}
