{"iob":-0.31574082562625005,"activity":-0.0013674338624338623,"bolusiob":0}
