{"iob":0.12866429711847227,"activity":0.0048187566137566145,"bolusiob":0}
