{"iob":-0.006109953777777753,"activity":0.00029629629629629624,"bolusiob":0}
