{"iob":0.8191330429448611,"activity":0.009155105820105819,"bolusiob":0}
