{"iob":0.8452815983855986,"activity":0.004245335185185185,"bolusiob":0}
