{"iob":0.06301069224503153,"activity":0.0034466224867724863,"bolusiob":0}
