{"iob":0.1798410918599162,"activity":0.0011570374074074074,"bolusiob":0}
