{"iob":-0.26901549276986114,"activity":-0.0012570105820105817,"bolusiob":0}
