{"iob":-0.41834806340986114,"activity":-0.005890458553791887,"bolusiob":0}
