{"iob":0.8945745065202418,"activity":0.005551525661375661,"bolusiob":0}
