{"iob":-0.44600802370089554,"activity":-0.0047033599118165795,"bolusiob":0}
