{"iob":0.005339615000000002,"activity":0.0007407407407407403,"bolusiob":0}
