{"iob":-0.01602253202527782,"activity":0.0033043033509700163,"bolusiob":0}
