{"iob":0.09531942780263891,"activity":0.0011583156966490302,"bolusiob":0}
