{"iob":0.3577108110427716,"activity":0.00844586423280423,"bolusiob":0}
