{"iob":-0.29745250502130777,"activity":-0.0035615343033509692,"bolusiob":0}
