{"iob":-0.09806393176823293,"activity":-0.0006863353086419751,"bolusiob":0}
