{"iob":-0.2832746659072223,"activity":-0.00243352733686067,"bolusiob":0}
