{"iob":-0.1869033544011111,"activity":-0.0029351675485008817,"bolusiob":0}
