{"iob":-0.19305730295413567,"activity":-0.0006236420282186954,"bolusiob":0}
