{"iob":1.0092451545185699,"activity":0.010683730282186941,"bolusiob":0}
