{"iob":0.6715026249298935,"activity":0.01012231052910053,"bolusiob":0}
