{"iob":0.31630954305712905,"activity":0.0074270372839506165,"bolusiob":0}
