{"iob":-0.2891000835464826,"activity":-0.0018560581305114632,"bolusiob":0}
