{"iob":-0.28295750636558337,"activity":0.0004120370370370374,"bolusiob":0}
