{"iob":-0.24140377060111115,"activity":-0.00405405291005291,"bolusiob":0}
