{"iob":-0.3976919915511111,"activity":-0.004229523809523809,"bolusiob":0}
