{"iob":-0.04194260998388891,"activity":-0.003181675485008818,"bolusiob":0}
