{"iob":-0.10912483949666665,"activity":0.00013716049382716042,"bolusiob":0}
