{"iob":-0.3849142528085787,"activity":-0.0055994353262786584,"bolusiob":0}
