{"iob":0.32129716905205097,"activity":0.009715449294532627,"bolusiob":0}
