{"iob":-0.07486522549333335,"activity":-0.0018331569664902995,"bolusiob":0}
