{"iob":-0.12683137447611115,"activity":0.0006473456790123456,"bolusiob":0}
