{"iob":-0.3299983294376475,"activity":-0.00246362442680776,"bolusiob":0}
