{"iob":-0.16603177710250006,"activity":-0.0028013227513227516,"bolusiob":0}
