{"iob":-0.133172880150351,"activity":-0.0041714286948853615,"bolusiob":0}
