{"iob":0.16482782017124997,"activity":-0.002672107583774251,"bolusiob":0}
