{"iob":-0.057565640366666684,"activity":-0.0017980599647266311,"bolusiob":0}
