{"iob":0.043994182947555596,"activity":0.0006320987654320987,"bolusiob":0}
