{"iob":-0.12190623464321793,"activity":-0.00012895070546737193,"bolusiob":0}
