{"iob":1.0378964454527497,"activity":0.010723096419753083,"bolusiob":0}
