{"iob":0.058106806177190745,"activity":-0.0003263579365079361,"bolusiob":0}
