{"iob":0.1313414948060677,"activity":0.0048150022045855365,"bolusiob":0}
