{"iob":-0.30466518469194437,"activity":0.00016306878306878347,"bolusiob":0}
