{"iob":0.33509144836038224,"activity":0.009128571710758378,"bolusiob":0}
