{"iob":0.21737531989067638,"activity":-0.0030617196119929447,"bolusiob":0}
