{"iob":0.05047191122380555,"activity":-0.002862883597883597,"bolusiob":0}
