{"iob":0.14763210688,"activity":0.00024296296296296292,"bolusiob":0}
