{"iob":0.08379759896499997,"activity":-0.0003119400352733685,"bolusiob":0}
