{"iob":-0.3492395608050972,"activity":-0.0021362698412698412,"bolusiob":0}
