{"iob":0.9076520107855903,"activity":0.010722689594356261,"bolusiob":0}
