{"iob":-0.08552812250000003,"activity":-0.002182539682539682,"bolusiob":0}
