{"iob":0.1408309030934563,"activity":0.0031854498236331573,"bolusiob":0}
