{"iob":-0.4249048963105556,"activity":-0.004133950617283951,"bolusiob":0}
