{"iob":-0.14446700491819442,"activity":-0.002139409171075837,"bolusiob":0}
