{"iob":-0.2759686512481945,"activity":-0.004266913580246913,"bolusiob":0}
