{"iob":0.47152974400689324,"activity":0.009914162380952383,"bolusiob":0}
