{"iob":-0.563262400405405,"activity":-0.004169524021164021,"bolusiob":0}
