{"iob":0.12358721579383208,"activity":-0.002303641710758377,"bolusiob":0}
