{"iob":-0.15909932587638886,"activity":-0.003462592592592592,"bolusiob":0}
