{"iob":0.09918623756194853,"activity":-0.002956481516754849,"bolusiob":0}
