{"iob":0.026895276652204654,"activity":-0.002772856684303351,"bolusiob":0}
