{"iob":0.060596330980791514,"activity":-0.003446067107583774,"bolusiob":0}
