{"iob":-0.02504227935630863,"activity":-0.00010052936507936537,"bolusiob":0}
