{"iob":0.3589714087812767,"activity":0.004335194109347441,"bolusiob":0}
