{"iob":0.022405700537257135,"activity":0.003496913492063491,"bolusiob":0}
