{"iob":-0.24078733125083332,"activity":-0.001409823633156966,"bolusiob":0}
