{"iob":-0.029252219148301603,"activity":-0.0013112518342151675,"bolusiob":0}
