{"iob":-0.03556777195667437,"activity":-0.002199823262786597,"bolusiob":0}
