{"iob":-0.03687822305486111,"activity":-0.0021317724867724857,"bolusiob":0}
