{"iob":-0.05581872648877464,"activity":-0.0032033295414462077,"bolusiob":0}
