{"iob":-0.30786385128,"activity":-0.00042,"bolusiob":0}
