{"iob":0.007277744875101667,"activity":-0.002733977160493827,"bolusiob":0}
