{"iob":-0.1077241881391667,"activity":-0.002590123456790123,"bolusiob":0}
