{"iob":0.2911937739261601,"activity":-0.0012555380423280424,"bolusiob":0}
