{"iob":-0.5145209950877778,"activity":-0.0033359082892416222,"bolusiob":0}
