{"iob":-0.14611594868138894,"activity":-0.004810343915343915,"bolusiob":0}
