{"iob":0.043638383236250036,"activity":0.0052544356261022915,"bolusiob":0}
