{"iob":0.011049927133333325,"activity":-0.0005962962962962963,"bolusiob":0}
