{"iob":0.12430637356169064,"activity":0.0006233601587301587,"bolusiob":0}
