{"iob":-0.13968577753971564,"activity":-0.0015112873544973545,"bolusiob":0}
