{"iob":-0.20759465154558668,"activity":-0.00516120823633157,"bolusiob":0}
