{"iob":-0.08843309778478622,"activity":0.0034924778659612002,"bolusiob":0}
