{"iob":-0.16585854010750004,"activity":-0.0034912169312169314,"bolusiob":0}
