{"iob":-0.23493707643055556,"activity":-0.0013388007054673716,"bolusiob":0}
