{"iob":-0.06957650335986115,"activity":-0.002705996472663139,"bolusiob":0}
