{"iob":-0.12238136368136607,"activity":-0.0026390562257495587,"bolusiob":0}
