{"iob":0.21187055781871397,"activity":0.005752178007054674,"bolusiob":0}
