{"iob":-0.3482523026794585,"activity":-0.0033101852733686066,"bolusiob":0}
