{"iob":-0.010101040972708336,"activity":-0.0016911992945326275,"bolusiob":0}
