{"iob":0.3761394974685467,"activity":0.00036270724867724853,"bolusiob":0}
