{"iob":-0.043451573202305555,"activity":0.0005094179894179892,"bolusiob":0}
