{"iob":-0.04025625136537479,"activity":-0.0003910140211640214,"bolusiob":0}
