{"iob":-0.2682413353118071,"activity":-0.003188500793650793,"bolusiob":0}
