{"iob":-0.2550097488044885,"activity":-0.0028848681128747795,"bolusiob":0}
