{"iob":-0.02981329284733862,"activity":0.00022407380952380973,"bolusiob":0}
