{"iob":-0.11728571615597223,"activity":-0.0004932892416225753,"bolusiob":0}
