{"iob":-0.26649323537305714,"activity":-0.003072372045855379,"bolusiob":0}
