{"iob":-0.05830017439500003,"activity":-0.001982275132275132,"bolusiob":0}
