{"iob":-0.37395848383846375,"activity":-0.00431596111111111,"bolusiob":0}
