{"iob":0.008622502851388887,"activity":0.0012202910052910051,"bolusiob":0}
