{"iob":-0.19007631708841685,"activity":0.0011578391534391521,"bolusiob":0}
