{"iob":-0.21689093656674532,"activity":-0.0018793036155202829,"bolusiob":0}
