{"iob":0.5736284139883332,"activity":0.0027202645502645492,"bolusiob":0}
