{"iob":-0.3560075114560264,"activity":-0.0028737214285714284,"bolusiob":0}
