{"iob":-0.13232326485750004,"activity":-0.0032846560846560846,"bolusiob":0}
