{"iob":-0.00376060663333333,"activity":-0.00045590828924162196,"bolusiob":0}
