{"iob":0.13576445689000002,"activity":0.0036915343915343915,"bolusiob":0}
