{"iob":0.08091056332923612,"activity":-0.0021006790123456777,"bolusiob":0}
