{"iob":-0.16157821111055556,"activity":-0.0004884303350970026,"bolusiob":0}
