{"iob":-0.05970788771347564,"activity":-0.00033820975308641984,"bolusiob":0}
