{"iob":0.029927566392115412,"activity":-0.00017572319223985866,"bolusiob":0}
