{"iob":-0.09226701001111112,"activity":-0.0004371604938271605,"bolusiob":0}
