{"iob":-0.49566070537760426,"activity":-0.0021275396825396835,"bolusiob":0}
