{"iob":-0.191310179706906,"activity":-0.0019205909171075841,"bolusiob":0}
