{"iob":0.00903901499999999,"activity":0.001005291005291005,"bolusiob":0}
