{"iob":-0.3231101639175713,"activity":-0.0013880072310405653,"bolusiob":0}
