{"iob":-0.20414096064930554,"activity":-0.0010704409171075836,"bolusiob":0}
