{"iob":-0.32650406941300003,"activity":-0.0038641269841269833,"bolusiob":0}
