{"iob":-0.3838077861555556,"activity":-0.003340458553791887,"bolusiob":0}
