{"iob":0.9243837677115863,"activity":0.010208530370370374,"bolusiob":0}
