{"iob":-0.15438687087388892,"activity":-0.00242494708994709,"bolusiob":0}
