{"iob":0.03159971791244446,"activity":-0.0057806172839506165,"bolusiob":0}
