{"iob":-0.36008790719903927,"activity":-0.003148446031746032,"bolusiob":0}
