{"iob":-0.45532465485464585,"activity":-0.0033011728395061723,"bolusiob":0}
