{"iob":-0.010271987576084371,"activity":0.00304084643738977,"bolusiob":0}
