{"iob":-0.002200950574999988,"activity":-0.0003293650793650789,"bolusiob":0}
