{"iob":-0.023389196354791676,"activity":-0.0013439594356261023,"bolusiob":0}
