{"iob":0.7837865350461797,"activity":0.011897019506172838,"bolusiob":0}
