{"iob":-0.3191938795249559,"activity":-0.003627089858906525,"bolusiob":0}
