{"iob":-0.3311415569015592,"activity":-0.0031737917989417977,"bolusiob":0}
