{"iob":-0.027234186761666668,"activity":-0.0011210758377425043,"bolusiob":0}
