{"iob":0.48624455720412496,"activity":0.004694920634920634,"bolusiob":0}
