{"iob":-0.18888136595015284,"activity":0.0009460141093474424,"bolusiob":0}
