{"iob":0.2483229533594445,"activity":0.00043465608465608483,"bolusiob":0}
