{"iob":0.3456257584807134,"activity":-0.003355934532627866,"bolusiob":0}
