{"iob":-0.31555643877326967,"activity":-0.000837513492063492,"bolusiob":0}
