{"iob":-0.26899147626386544,"activity":-0.002791023051146384,"bolusiob":0}
