{"iob":-0.042715095776372614,"activity":-0.004012927442680775,"bolusiob":0}
