{"iob":-0.023780281346666682,"activity":-0.0004102292768959439,"bolusiob":0}
