{"iob":0.11789879594866319,"activity":-0.0019672225220458547,"bolusiob":0}
