{"iob":0.2210773171350001,"activity":0.0001895414462081132,"bolusiob":0}
