{"iob":-0.36618444466333333,"activity":-0.001584691358024691,"bolusiob":0}
