{"iob":-0.22348616493111112,"activity":-0.0018761022927689592,"bolusiob":0}
