{"iob":-0.21520286186668297,"activity":-0.0008750441798941805,"bolusiob":0}
