{"iob":-0.24359898417812503,"activity":-0.003948015873015873,"bolusiob":0}
