{"iob":-0.17265314127583897,"activity":-0.0020838182186948846,"bolusiob":0}
