{"iob":0.2462497406502222,"activity":-0.0016889947089947087,"bolusiob":0}
