{"iob":-0.06840545997584896,"activity":0.0004471606172839503,"bolusiob":0}
