{"iob":-0.07383836163041665,"activity":0.0002646472663139332,"bolusiob":0}
