{"iob":-0.09285821817555553,"activity":-0.003392733686067019,"bolusiob":0}
