{"iob":-0.18471891890500003,"activity":0.000009056437389770876,"bolusiob":0}
