{"iob":-0.23288362019636333,"activity":-0.0030759436860670194,"bolusiob":0}
