{"iob":-0.2507986672638889,"activity":-0.0024789241622574947,"bolusiob":0}
