{"iob":0.360538667565,"activity":0.0009029100529100533,"bolusiob":0}
