{"iob":-0.05011102637111111,"activity":0.000011481481481481486,"bolusiob":0}
