{"iob":-0.18563443573176727,"activity":-0.003997486860670195,"bolusiob":0}
