{"iob":-0.20940013878222224,"activity":0.000021234567901234597,"bolusiob":0}
