{"iob":-0.25332475644463043,"activity":-0.0028530334215167543,"bolusiob":0}
