{"iob":0.7638904196223338,"activity":0.004829488747795415,"bolusiob":0}
