{"iob":0.9185789729238891,"activity":0.0091836860670194,"bolusiob":0}
