{"iob":-0.025670123138152968,"activity":0.0002828923280423263,"bolusiob":0}
