{"iob":-0.22095268841300003,"activity":-0.004383862433862434,"bolusiob":0}
