{"iob":-0.3438721778376487,"activity":-0.0032401060846560846,"bolusiob":0}
