{"iob":-0.11110534694277777,"activity":-0.004191155202821869,"bolusiob":0}
