{"iob":-0.21729201733333336,"activity":-0.0015534391534391527,"bolusiob":0}
