{"iob":-0.09544102910458337,"activity":0.00046501763668430345,"bolusiob":0}
