{"iob":-0.12406494488841693,"activity":0.005187514497354498,"bolusiob":0}
