{"iob":-0.019086154344687502,"activity":-0.0003501322751322753,"bolusiob":0}
