{"iob":-0.008758399968385417,"activity":-0.0005646604938271601,"bolusiob":0}
