{"iob":0.2729021904549737,"activity":-0.0007303880952380946,"bolusiob":0}
