{"iob":-0.3776630632419169,"activity":-0.002993192328042328,"bolusiob":0}
