{"iob":-0.03955997169311108,"activity":-0.0030232804232804226,"bolusiob":0}
