{"iob":-0.20932118637000002,"activity":-0.0009048677248677249,"bolusiob":0}
