{"iob":-0.156008739,"activity":-0.0032895238095238095,"bolusiob":0}
