{"iob":0.21002679570500002,"activity":-0.001762301587301587,"bolusiob":0}
