{"iob":-0.32433108416533485,"activity":-0.0012025836860670195,"bolusiob":0}
