{"iob":-0.04990674055008758,"activity":0.0007832720634920643,"bolusiob":0}
