{"iob":-0.2318534256920571,"activity":-0.0028800087301587302,"bolusiob":0}
