{"iob":-0.2826439197724584,"activity":-0.0027713626984126978,"bolusiob":0}
