{"iob":0.00004336474500000187,"activity":0.00007063492063492019,"bolusiob":0}
