{"iob":-0.06085672206666665,"activity":0.002687301587301587,"bolusiob":0}
