{"iob":-0.08816420160152774,"activity":0.0005798236331569665,"bolusiob":0}
