{"iob":0.8453617509994444,"activity":0.007854417989417987,"bolusiob":0}
