{"iob":-0.3215160174202044,"activity":-0.004175767319223986,"bolusiob":0}
