{"iob":-0.11692222071077782,"activity":0.0004081305114638435,"bolusiob":0}
