{"iob":-0.024664732849027128,"activity":0.00030798051146384536,"bolusiob":0}
