{"iob":0.18901522045952782,"activity":-0.00012929453262786606,"bolusiob":0}
