{"iob":0.10994780472341034,"activity":0.00561311278659612,"bolusiob":0}
