{"iob":-0.058580269852138885,"activity":-0.0018829541446208117,"bolusiob":0}
