{"iob":-0.27909246099491447,"activity":-0.00200900352733686,"bolusiob":0}
