{"iob":-0.31399641359133335,"activity":-0.0019092768959435619,"bolusiob":0}
