{"iob":-0.1871777478649007,"activity":-0.00046837751322751373,"bolusiob":0}
