{"iob":-0.35110669597928923,"activity":-0.0036166313051146375,"bolusiob":0}
