{"iob":-0.09456113719881573,"activity":-0.001200493915343916,"bolusiob":0}
