{"iob":-0.11738466972911113,"activity":-0.00008155202821869623,"bolusiob":0}
