{"iob":-0.06139945676280898,"activity":-0.00033820975308641963,"bolusiob":0}
