{"iob":-0.009309284938333334,"activity":-0.0007672839506172837,"bolusiob":0}
