{"iob":-0.10850754113333334,"activity":-0.0026860670194003523,"bolusiob":0}
