{"iob":-0.27360902803410264,"activity":-0.004038659523809523,"bolusiob":0}
