{"iob":-0.10136043182308199,"activity":-0.0016723106701940034,"bolusiob":0}
