{"iob":-0.1664688773255556,"activity":-0.002535687830687831,"bolusiob":0}
