{"iob":-0.005932896587839201,"activity":-0.0006828485890652562,"bolusiob":0}
