{"iob":0.008340086371084042,"activity":0.00281865070546737,"bolusiob":0}
