{"iob":-0.4389852784205556,"activity":-0.0025043827160493824,"bolusiob":0}
