{"iob":0.3147983075466667,"activity":0.0016481481481481482,"bolusiob":0}
