{"iob":0.05789350126097225,"activity":-0.0024429100529100526,"bolusiob":0}
