{"iob":-0.02646208582384038,"activity":0.0005217612169312175,"bolusiob":0}
