{"iob":-0.22200699678810956,"activity":-0.0009839242504409164,"bolusiob":0}
