{"iob":0.2455777943256667,"activity":-0.0008138183421516744,"bolusiob":0}
