{"iob":-0.2263555480526913,"activity":-0.0015786628747795428,"bolusiob":0}
