{"iob":-0.18302445059085487,"activity":-0.0023462931746031737,"bolusiob":0}
