{"iob":-0.06487263777452774,"activity":0.0005917901234567898,"bolusiob":0}
