{"iob":0.6417716315386945,"activity":0.005741243386243386,"bolusiob":0}
