{"iob":0.7624678013864445,"activity":0.005670352733686066,"bolusiob":0}
