{"iob":0.7189311223354642,"activity":0.00382508827160494,"bolusiob":0}
