{"iob":-0.12881532974579799,"activity":-0.00032132913580246885,"bolusiob":0}
