{"iob":-0.3834117619409722,"activity":-0.004797989417989417,"bolusiob":0}
