{"iob":-0.2266965360777778,"activity":-0.0009534567901234568,"bolusiob":0}
