{"iob":-0.06490433811944447,"activity":0.00015746031746031693,"bolusiob":0}
