{"iob":0.18369194562289215,"activity":-0.0019821425396825396,"bolusiob":0}
