{"iob":0.000043364745000001875,"activity":0.00007063492063492019,"bolusiob":0}
