{"iob":-0.3256760052245085,"activity":-0.002914823721340388,"bolusiob":0}
