{"iob":-0.2024168641155556,"activity":-0.000571358024691358,"bolusiob":0}
