{"iob":0.08385001274,"activity":-0.0004681481481481481,"bolusiob":0}
