{"iob":-0.1059773726671477,"activity":-0.00006734569664902983,"bolusiob":0}
