{"iob":-0.2774953830801389,"activity":-0.0006419312169312171,"bolusiob":0}
