{"iob":-0.20655739097777778,"activity":-0.00132063492063492,"bolusiob":0}
