{"iob":-0.22240927043390596,"activity":0.0009008552910052909,"bolusiob":0}
