{"iob":-0.2874445624345834,"activity":-0.00514995590828924,"bolusiob":0}
