{"iob":-0.0993751269688889,"activity":-0.0000967901234567901,"bolusiob":0}
