{"iob":1.0045687345856809,"activity":0.010940414585537917,"bolusiob":0}
