{"iob":0.0991328216838836,"activity":-0.001863615784832451,"bolusiob":0}
