{"iob":-0.16277403545375002,"activity":-0.0035948589065255723,"bolusiob":0}
