{"iob":-0.03604727321222218,"activity":0.0025508112874779547,"bolusiob":0}
