{"iob":-0.09093804027611112,"activity":-0.0006073456790123457,"bolusiob":0}
