{"iob":-0.2768913479305556,"activity":-0.0033943562610229266,"bolusiob":0}
