{"iob":0.042524676063315635,"activity":-0.0021054322222222224,"bolusiob":0}
