{"iob":-0.29370742235291825,"activity":-0.0023363579365079366,"bolusiob":0}
