{"iob":-0.2994963864859722,"activity":-0.004226049382716048,"bolusiob":0}
