{"iob":0.03691190762873967,"activity":0.0020055850088183417,"bolusiob":0}
