{"iob":0.011663890281944471,"activity":0.003973386243386244,"bolusiob":0}
