{"iob":-0.18589080534635796,"activity":-0.0014790044797178125,"bolusiob":0}
