{"iob":-0.11179909558701953,"activity":0.000308589188712522,"bolusiob":0}
