{"iob":0.16029700892954724,"activity":-0.004067398500881833,"bolusiob":0}
