{"iob":-0.3329445472838913,"activity":-0.0009900266313932976,"bolusiob":0}
