{"iob":-0.027305255558965617,"activity":0.0002517669312169307,"bolusiob":0}
