{"iob":-0.5132314312224654,"activity":-0.005698562610229278,"bolusiob":0}
