{"iob":-0.15461408341178118,"activity":-0.0017191268606701932,"bolusiob":0}
