{"iob":-0.2603279274373421,"activity":-0.002859329929453264,"bolusiob":0}
