{"iob":-0.1221617452282934,"activity":0.00033950629629629636,"bolusiob":0}
