{"iob":0.08822826857777782,"activity":0.0030489506172839504,"bolusiob":0}
