{"iob":-0.12516123751916666,"activity":-0.0026872310405643748,"bolusiob":0}
