{"iob":-0.018924574977474212,"activity":0.0008359175661375671,"bolusiob":0}
