{"iob":-0.000007261833333332968,"activity":-0.00002733686067019391,"bolusiob":0}
