{"iob":0.6739264614457787,"activity":0.011850229382716048,"bolusiob":0}
