{"iob":-0.17475836881888893,"activity":-0.000979920634920635,"bolusiob":0}
