{"iob":-0.19625028599541663,"activity":-0.00011897707231040511,"bolusiob":0}
