{"iob":0.09828922354722217,"activity":-0.0049347619047619045,"bolusiob":0}
