{"iob":-0.18284330075722224,"activity":-0.0028176543209876537,"bolusiob":0}
