{"iob":-0.24801013094833332,"activity":-0.0012384479717813047,"bolusiob":0}
