{"iob":0.09883542947555556,"activity":0.00013728395061728393,"bolusiob":0}
