{"iob":-0.18276292516761983,"activity":-0.0004740302469135814,"bolusiob":0}
