{"iob":0.8101903291692889,"activity":0.007365670194003528,"bolusiob":0}
