{"iob":0.3215893615841632,"activity":0.003742425079365079,"bolusiob":0}
