{"iob":-0.4428369938994445,"activity":-0.005130793650793648,"bolusiob":0}
