{"iob":-0.2088293354088889,"activity":-0.0028965608465608464,"bolusiob":0}
