{"iob":-0.4634936042744445,"activity":-0.005373544973544971,"bolusiob":0}
