{"iob":0.19201459775,"activity":-0.0021641887125220453,"bolusiob":0}
