{"iob":0.5409162088785106,"activity":0.0014069577954144623,"bolusiob":0}
