{"iob":0.0561211901194445,"activity":0.0031810934744268076,"bolusiob":0}
