{"iob":-0.312512983622594,"activity":-0.0020367109700176367,"bolusiob":0}
