{"iob":-0.30267789260888894,"activity":-0.004417989417989418,"bolusiob":0}
