{"iob":-0.1042006174002382,"activity":-0.0037789415520282175,"bolusiob":0}
