{"iob":0.29075030547260483,"activity":-0.002778741975308642,"bolusiob":0}
