{"iob":-0.25036872041925207,"activity":0.0008573744797178132,"bolusiob":0}
