{"iob":-0.194985909807328,"activity":0.00043890987654320924,"bolusiob":0}
