{"iob":-0.023759881644101068,"activity":0.0007833067548500891,"bolusiob":0}
