{"iob":-0.5290758187779733,"activity":-0.003943315820105819,"bolusiob":0}
