{"iob":0.08403748055676287,"activity":0.0051762432980599635,"bolusiob":0}
