{"iob":-0.07191190164867901,"activity":0.00019256622574955867,"bolusiob":0}
