{"iob":-0.2649302979502778,"activity":-0.001898553791887125,"bolusiob":0}
