{"iob":0.23467309465830183,"activity":-0.0020052291887125216,"bolusiob":0}
