{"iob":-0.2435201566305556,"activity":-0.0027174603174603172,"bolusiob":0}
