{"iob":-0.47995066787486107,"activity":-0.005875820105820103,"bolusiob":0}
