{"iob":-0.006299353759999982,"activity":-0.0006052910052910043,"bolusiob":0}
