{"iob":-0.2708458818488889,"activity":-0.0011528395061728394,"bolusiob":0}
