{"iob":-0.3162433766234849,"activity":-0.0016150792768959438,"bolusiob":0}
