{"iob":0.4081749755390739,"activity":-0.0015889240740740733,"bolusiob":0}
