{"iob":0.22527141893457714,"activity":0.00748560578483245,"bolusiob":0}
