{"iob":0.23555486661166666,"activity":-0.00236835978835979,"bolusiob":0}
