{"iob":-0.2874029811240642,"activity":-0.00199534417989418,"bolusiob":0}
