{"iob":-0.13514092110302126,"activity":-0.0018845148677248673,"bolusiob":0}
