{"iob":-0.25932495018833335,"activity":-0.001601111111111111,"bolusiob":0}
