{"iob":-0.4350272493084266,"activity":-0.001546375784832453,"bolusiob":0}
