{"iob":0.12538141444765297,"activity":0.0030792769841269836,"bolusiob":0}
