{"iob":-0.18284625592666667,"activity":-0.001897301587301587,"bolusiob":0}
