{"iob":-0.28802410472833334,"activity":-0.003851869488536154,"bolusiob":0}
