{"iob":-0.0962530810416667,"activity":-0.0023126102292768957,"bolusiob":0}
