{"iob":-0.17647492461944445,"activity":-0.002895643738977072,"bolusiob":0}
