{"iob":-0.23135589169926235,"activity":-0.0026710228042328044,"bolusiob":0}
