{"iob":-0.2762847230833333,"activity":-0.005939144620811287,"bolusiob":0}
