{"iob":-0.36542081231555557,"activity":-0.0037964726631393294,"bolusiob":0}
