{"iob":-0.25532476906825874,"activity":-0.002239074338624339,"bolusiob":0}
