{"iob":-0.013077112867073713,"activity":0.0012660582892416235,"bolusiob":0}
