{"iob":0.049839921351111115,"activity":0.00003358024691358024,"bolusiob":0}
