{"iob":0.11881283891575148,"activity":0.0007783244268077603,"bolusiob":0}
