{"iob":-0.22331271607555558,"activity":-0.002764285714285714,"bolusiob":0}
