{"iob":0.5024976145891109,"activity":0.0025322044091710756,"bolusiob":0}
