{"iob":-0.384630639912783,"activity":-0.0029073193121693123,"bolusiob":0}
