{"iob":-0.33264330533027087,"activity":-0.00005988536155202784,"bolusiob":0}
