{"iob":-0.4093006441637501,"activity":-0.0047708024691358025,"bolusiob":0}
