{"iob":-0.383178035280486,"activity":-0.0035988006172839497,"bolusiob":0}
