{"iob":-0.009108364633333333,"activity":-0.0007257495590828923,"bolusiob":0}
