{"iob":0.23227436344188884,"activity":-0.004764426807760139,"bolusiob":0}
