{"iob":-0.13582088325671007,"activity":-0.00321526442680776,"bolusiob":0}
