{"iob":0.41006867851690465,"activity":0.0037704231569664895,"bolusiob":0}
