{"iob":-0.27094482251986113,"activity":-0.0027255996472663126,"bolusiob":0}
