{"iob":0.5670653410840196,"activity":0.0018245768077601407,"bolusiob":0}
