{"iob":0.0037272395133333414,"activity":-0.00022209876543209875,"bolusiob":0}
