{"iob":-0.06769331668166671,"activity":-0.00055546737213404,"bolusiob":0}
