{"iob":-0.03341098457439755,"activity":0.0007562519400352726,"bolusiob":0}
