{"iob":0.26772469975555563,"activity":0.00022345679012345676,"bolusiob":0}
