{"iob":-0.0012165492266666578,"activity":-0.0002356261022927687,"bolusiob":0}
