{"iob":-0.11378654126936108,"activity":0.000516984126984127,"bolusiob":0}
