{"iob":-0.39595306976766104,"activity":-0.004619938395061727,"bolusiob":0}
