{"iob":-0.12218060529833331,"activity":-0.004678677248677248,"bolusiob":0}
