{"iob":0.919727994304171,"activity":0.005184823721340387,"bolusiob":0}
