{"iob":-0.06613631990747786,"activity":0.0013810798059964724,"bolusiob":0}
