{"iob":-0.2585058364275085,"activity":0.0007175043209876542,"bolusiob":0}
