{"iob":0.6490292867266669,"activity":0.00400594356261023,"bolusiob":0}
