{"iob":-0.07256083732986111,"activity":0.0005532716049382714,"bolusiob":0}
