{"iob":0.16872917150976785,"activity":-0.003846754973544972,"bolusiob":0}
