{"iob":-0.2689847467416667,"activity":-0.002462239858906525,"bolusiob":0}
