{"iob":-0.2850983174041111,"activity":-0.0012781305114638445,"bolusiob":0}
