{"iob":-0.05393451412824336,"activity":0.002000326402116402,"bolusiob":0}
