{"iob":-0.18242816766458333,"activity":-0.00011625220458553783,"bolusiob":0}
