{"iob":0.36488247388648776,"activity":0.0010527514462081136,"bolusiob":0}
