{"iob":-0.4261148007027778,"activity":-0.004314761904761905,"bolusiob":0}
