{"iob":-0.5313880287887154,"activity":-0.0028736243386243395,"bolusiob":0}
