{"iob":0.19913997647111115,"activity":0.0001417283950617284,"bolusiob":0}
