{"iob":-0.4529257355188655,"activity":-0.002938042451499117,"bolusiob":0}
