{"iob":-0.32264201366878154,"activity":-0.003155070458553791,"bolusiob":0}
