{"iob":0.14995303070666668,"activity":-0.0026388007054673718,"bolusiob":0}
