{"iob":-0.17813592433944445,"activity":-0.003106296296296296,"bolusiob":0}
