{"iob":-0.06174675480106627,"activity":-0.00043121701940035417,"bolusiob":0}
