{"iob":-0.11384807629055557,"activity":-0.0002094356261022934,"bolusiob":0}
