{"iob":-0.3042164748842023,"activity":-0.0023959680776014115,"bolusiob":0}
