{"iob":0.07663792086533334,"activity":0.0023738977072310405,"bolusiob":0}
