{"iob":0.015020766651116152,"activity":-0.0015903170899470897,"bolusiob":0}
