{"iob":-0.230781585205,"activity":-0.0024477601410934735,"bolusiob":0}
