{"iob":-0.1231404703583333,"activity":0.002454920634920634,"bolusiob":0}
