{"iob":-0.22381718753374236,"activity":0.0000930865432098763,"bolusiob":0}
