{"iob":-0.03866622791333332,"activity":-0.0011601410934744267,"bolusiob":0}
