{"iob":-0.23422640485722224,"activity":-0.0024858730158730156,"bolusiob":0}
