{"iob":-0.030556428430416654,"activity":-0.00047464726631393187,"bolusiob":0}
