{"iob":-0.09856726604888891,"activity":-0.0001762962962962963,"bolusiob":0}
