{"iob":-0.38339288519430553,"activity":-0.00420547619047619,"bolusiob":0}
