{"iob":-0.6212339663913137,"activity":-0.0063586154320987645,"bolusiob":0}
