{"iob":-0.2773393704528889,"activity":-0.004338271604938272,"bolusiob":0}
