{"iob":-0.11381330106375007,"activity":-0.00233452380952381,"bolusiob":0}
