{"iob":-0.2696168999038542,"activity":-0.0008705246913580246,"bolusiob":0}
