{"iob":-0.06386311478986112,"activity":-0.001338386243386243,"bolusiob":0}
