{"iob":-0.18288264874020851,"activity":-0.0008489418871252206,"bolusiob":0}
