{"iob":0.3106562328544445,"activity":-0.0015606613756613751,"bolusiob":0}
