{"iob":-0.10264214693777793,"activity":-0.0054834391534391526,"bolusiob":0}
