{"iob":0.2615455726529167,"activity":0.0006118606701940034,"bolusiob":0}
