{"iob":0.12903574428000003,"activity":0.0018692592592592604,"bolusiob":0}
