{"iob":-0.08520299139333336,"activity":-0.0020257495590828923,"bolusiob":0}
