{"iob":0.37981646802840285,"activity":-0.0004084038800705459,"bolusiob":0}
