{"iob":-0.014347675278750015,"activity":-0.000508730158730159,"bolusiob":0}
