{"iob":0.5553825423655903,"activity":0.0021289550264550266,"bolusiob":0}
