{"iob":0.16367071725213883,"activity":-0.002634365079365079,"bolusiob":0}
