{"iob":-0.21679992202652784,"activity":0.004543500881834215,"bolusiob":0}
