{"iob":-0.12908179121617516,"activity":-0.003125881922398589,"bolusiob":0}
