{"iob":0.06524498514158336,"activity":0.0006504938271604935,"bolusiob":0}
