{"iob":-0.39593363290758027,"activity":-0.0022822135626102296,"bolusiob":0}
