{"iob":-0.11603666520651199,"activity":-0.002536051940035273,"bolusiob":0}
