{"iob":-0.15094507551312497,"activity":-0.0039472045855379195,"bolusiob":0}
