{"iob":-0.4865045576818333,"activity":-0.0036930776014109344,"bolusiob":0}
