{"iob":-0.30819168313833334,"activity":-0.005644656084656085,"bolusiob":0}
