{"iob":-0.32660851784558353,"activity":-0.0036097708112874773,"bolusiob":0}
