{"iob":0.35143546184347224,"activity":-0.0018498059964726639,"bolusiob":0.4887579896}
