{"iob":0.4212954854798959,"activity":0.0004748677248677251,"bolusiob":0}
