{"iob":-0.06858756710333333,"activity":-0.001455943562610229,"bolusiob":0}
