{"iob":-0.30261794180635404,"activity":-0.0058820899470899465,"bolusiob":0}
