{"iob":-0.30630570135943486,"activity":-0.0019851410052910056,"bolusiob":0}
