{"iob":0.651118921045343,"activity":0.0005339770370370367,"bolusiob":0}
