{"iob":0.06498242989422882,"activity":0.004990475749559079,"bolusiob":0}
