{"iob":0.10742796575488886,"activity":0.007727548500881834,"bolusiob":0}
