{"iob":-0.47199840950152255,"activity":-0.003331137601410934,"bolusiob":0}
