{"iob":-0.04908262698152774,"activity":0.0023369047619047614,"bolusiob":0}
