{"iob":0.09980007454222223,"activity":0.00004543209876543209,"bolusiob":0}
