{"iob":0.056074405090742914,"activity":-0.0019176363139329809,"bolusiob":0}
