{"iob":0.33955913717536795,"activity":0.00377084656084656,"bolusiob":0}
