{"iob":0.12012366326998199,"activity":0.0012660231216931215,"bolusiob":0}
