{"iob":0.4405640568863133,"activity":0.0015726014991181655,"bolusiob":0}
