{"iob":-0.28114352946966675,"activity":-0.002550934744268077,"bolusiob":0}
