{"iob":-0.5390025131333335,"activity":-0.003965925925925926,"bolusiob":0}
