{"iob":0.1617961179375523,"activity":-0.0034005319576719574,"bolusiob":0}
