{"iob":-0.3759987557127778,"activity":-0.00393768959435626,"bolusiob":0}
