{"iob":-0.4797732979895834,"activity":-0.0033371164021164016,"bolusiob":0}
