{"iob":0.7845264891844445,"activity":0.0023210229276895964,"bolusiob":0}
