{"iob":0.07443552703194446,"activity":0.004418783068783069,"bolusiob":0}
