{"iob":-0.039058778278055546,"activity":0.0007610758377425042,"bolusiob":0}
