{"iob":0.48132339238832217,"activity":0.0018324427689594357,"bolusiob":0}
