{"iob":0.07286524077999999,"activity":-0.0036337037037037032,"bolusiob":0}
