{"iob":0.011584177581805591,"activity":0.0008208553791887129,"bolusiob":0}
