{"iob":-0.0029315098795659744,"activity":0.006506278659611992,"bolusiob":0}
