{"iob":-0.06434395298779164,"activity":0.004291640211640211,"bolusiob":0}
