{"iob":0.2656813264222223,"activity":0.00040864197530864185,"bolusiob":0}
