{"iob":0.6598163020453062,"activity":0.0037946915696649027,"bolusiob":0}
