{"iob":-0.24461932938826675,"activity":-0.0026973014638447964,"bolusiob":0}
