{"iob":-0.01970348441556791,"activity":0.00030709885361552007,"bolusiob":0}
