{"iob":-0.3479254808169642,"activity":-0.0012952736331569665,"bolusiob":0}
