{"iob":-0.3064846820805555,"activity":-0.002028659611992944,"bolusiob":0}
