{"iob":-0.34585615103640865,"activity":-0.0026898591710758386,"bolusiob":0}
