{"iob":-0.042157067203194454,"activity":-0.003517045855379188,"bolusiob":0}
