{"iob":0.2810721433224624,"activity":0.00704079389770723,"bolusiob":0}
