{"iob":0.2665266759848612,"activity":-0.0011780070546737209,"bolusiob":0}
