{"iob":-0.15335254827500003,"activity":-0.00015648148148148146,"bolusiob":0}
