{"iob":0.2813031606815063,"activity":0.004207204673721341,"bolusiob":0}
