{"iob":-0.19285161717472132,"activity":0.0009380315696649023,"bolusiob":0}
