{"iob":-0.344771244708014,"activity":-0.0025231658730158722,"bolusiob":0}
