{"iob":0.0012217795599999861,"activity":0.000315343915343915,"bolusiob":0}
