{"iob":0.0003896305083333218,"activity":0.00017151675485008741,"bolusiob":0}
