{"iob":0.01413936865741137,"activity":0.0011497351851851845,"bolusiob":0}
