{"iob":-0.34415916694805554,"activity":-0.004571507936507936,"bolusiob":0}
