{"iob":0.1230142104753162,"activity":0.0012992596296296296,"bolusiob":0}
