{"iob":-0.2503634321688889,"activity":0.0014482363315696648,"bolusiob":0}
