{"iob":0.27081517997047116,"activity":-0.0013986950088183418,"bolusiob":0}
