{"iob":0.18724116323815798,"activity":-0.0019089148853615521,"bolusiob":0}
