{"iob":0.4248017431011391,"activity":0.009693430335097002,"bolusiob":0}
