{"iob":-0.24360369904555557,"activity":-0.001224100529100529,"bolusiob":0}
