{"iob":0.20719470928830966,"activity":0.0034473153615520277,"bolusiob":0}
