{"iob":-0.0001401890033333353,"activity":-0.0000760141093474426,"bolusiob":0}
