{"iob":-0.1347427617113889,"activity":-0.0005070811287477953,"bolusiob":0}
