{"iob":-0.014070425423072554,"activity":0.001436885714285714,"bolusiob":0}
