{"iob":-0.26032221864666666,"activity":-0.003360758377425043,"bolusiob":0}
