{"iob":0.23028298134483174,"activity":-0.00005917952380952376,"bolusiob":0}
