{"iob":0.6723063421281391,"activity":0.004528615520282186,"bolusiob":0}
