{"iob":0.3053860183864452,"activity":0.00012972419753086418,"bolusiob":0}
