{"iob":-0.14545772780541671,"activity":-0.0034325308641975296,"bolusiob":0}
