{"iob":0.5130842237895833,"activity":0.0015296119929453262,"bolusiob":0}
