{"iob":-0.20984874192222222,"activity":-0.003385008818342151,"bolusiob":0}
