{"iob":-0.28770210956028375,"activity":-0.003781143386243385,"bolusiob":0}
