{"iob":0.29736868076500006,"activity":-0.00024343915343915344,"bolusiob":0}
