{"iob":0.1835271692161111,"activity":0.0004294356261022931,"bolusiob":0}
