{"iob":0.46272875936611124,"activity":0.0008419223985890659,"bolusiob":0}
