{"iob":-0.14833659224666668,"activity":-0.0002033333333333333,"bolusiob":0}
