{"iob":0.6079240419190834,"activity":0.007353659611992944,"bolusiob":0}
