{"iob":-0.15100017141789385,"activity":-0.0027622396472663136,"bolusiob":0}
