{"iob":-0.2273448984718889,"activity":-0.002388624338624338,"bolusiob":0}
