{"iob":0.3026170265271312,"activity":0.0030777161728395078,"bolusiob":0}
