{"iob":0.04451348615520134,"activity":-0.003432786984126984,"bolusiob":0}
