{"iob":-0.2489276287618889,"activity":-0.002042328042328042,"bolusiob":0}
