{"iob":0.6073023970590692,"activity":0.0040049029982363316,"bolusiob":0}
