{"iob":0.25785791065533337,"activity":-0.0005001022927689596,"bolusiob":0}
