{"iob":0.019686348777805562,"activity":0.007045021164021162,"bolusiob":0}
