{"iob":-0.03392131837184959,"activity":-0.0010851676366843029,"bolusiob":0}
