{"iob":-0.4828082703638889,"activity":-0.004196190476190476,"bolusiob":0}
