{"iob":-0.3131737210280209,"activity":-0.0008697971781305116,"bolusiob":0}
