{"iob":-0.05437387936527776,"activity":-0.002892081128747795,"bolusiob":0}
