{"iob":0.08833118892347222,"activity":-0.0006731481481481479,"bolusiob":0}
