{"iob":0.13754875782277778,"activity":-0.0029442857142857135,"bolusiob":0}
