{"iob":-0.34308629197777785,"activity":-0.0035377954144620804,"bolusiob":0}
