{"iob":-0.02191827339291661,"activity":0.0018418430335097003,"bolusiob":0}
