{"iob":-0.4324850362005556,"activity":-0.002172283950617284,"bolusiob":0}
