{"iob":-0.2752669376120833,"activity":-0.001047469135802469,"bolusiob":0}
