{"iob":-0.21430933693722226,"activity":-0.0029824514991181653,"bolusiob":0}
