{"iob":-0.06796303782839108,"activity":-0.0021347091181657847,"bolusiob":0}
