{"iob":-0.2959734868038889,"activity":-0.0007008024691358024,"bolusiob":0}
