{"iob":-0.32892679245555556,"activity":-0.0036089947089947083,"bolusiob":0}
