{"iob":-0.1459773950058504,"activity":0.0004192073721340397,"bolusiob":0}
