{"iob":0.0691711478714981,"activity":0.00019772504409171023,"bolusiob":0}
