{"iob":0.03216235574444444,"activity":-0.0017426014109347444,"bolusiob":0}
