{"iob":0.2676785186101389,"activity":-0.000692910052910053,"bolusiob":0.4163077496}
