{"iob":-0.12464258191729202,"activity":0.0005100798236331559,"bolusiob":0}
