{"iob":-0.28657922330888896,"activity":-0.0035796296296296292,"bolusiob":0}
