{"iob":-0.3467129368557067,"activity":-0.000043959559082892467,"bolusiob":0}
