{"iob":-0.10362748043851792,"activity":-0.0024743310405643737,"bolusiob":0}
