{"iob":-0.18318014352222223,"activity":-0.0021117283950617283,"bolusiob":0}
