{"iob":-0.04943528782659706,"activity":-0.0008147529982363309,"bolusiob":0}
