{"iob":-0.3459913101593527,"activity":-0.004068597795414462,"bolusiob":0}
