{"iob":-0.21175576141644445,"activity":-0.0021186596119929448,"bolusiob":0}
