{"iob":-0.4332462468234723,"activity":-0.00407820987654321,"bolusiob":0}
