{"iob":-0.2485656684298611,"activity":-0.0014134391534391527,"bolusiob":0}
