{"iob":0.5567160503355556,"activity":0.00002641975308642025,"bolusiob":0}
