{"iob":0.8431129001157782,"activity":0.004465837742504409,"bolusiob":0}
