{"iob":0.16646645918666667,"activity":-0.0004955555555555555,"bolusiob":0}
