{"iob":-0.31076339361777783,"activity":-0.00337079365079365,"bolusiob":0}
