{"iob":-0.08861323316444446,"activity":-0.0005464197530864198,"bolusiob":0}
