{"iob":-0.15880109652111116,"activity":-0.00011851851851851861,"bolusiob":0}
