{"iob":0.41030211380111115,"activity":-0.0009998853615520275,"bolusiob":0}
