{"iob":-0.21009895676133336,"activity":-0.002878059964726631,"bolusiob":0}
