{"iob":-0.246699195923,"activity":-0.0007686243386243385,"bolusiob":0}
