{"iob":0.25476780708799157,"activity":0.0033496030864197516,"bolusiob":0}
