{"iob":-0.08038320432581081,"activity":-0.00007043446208112922,"bolusiob":0}
