{"iob":-0.060408245981944435,"activity":0.0012784567901234565,"bolusiob":0}
