{"iob":-0.30737500392833184,"activity":-0.0016268872134038801,"bolusiob":0}
