{"iob":0.41981131630569446,"activity":0.002961560846560846,"bolusiob":0}
