{"iob":-0.029578947643491966,"activity":-0.00008375687830687779,"bolusiob":0}
