{"iob":0.36652103725,"activity":-0.0003428571428571427,"bolusiob":0}
