{"iob":-0.04159504186253201,"activity":-0.00021027291005291002,"bolusiob":0}
