{"iob":-0.03726089958083334,"activity":-0.0017987654320987649,"bolusiob":0}
