{"iob":-0.3620275115694445,"activity":-0.0017384567901234564,"bolusiob":0}
