{"iob":0.011660730488653279,"activity":0.0038624692592592598,"bolusiob":0}
