{"iob":0.20241925196088892,"activity":0.00034913580246913583,"bolusiob":0}
