{"iob":-0.026014188033194448,"activity":-0.004729206349206348,"bolusiob":0}
