{"iob":0.8407760770900002,"activity":0.008964444444444442,"bolusiob":0}
