{"iob":-0.19405411280777782,"activity":-0.00359720458553792,"bolusiob":0}
