{"iob":-0.15094362768888892,"activity":-0.0029988712522045855,"bolusiob":0}
