{"iob":-0.2748681034485732,"activity":-0.0022042770194003526,"bolusiob":0}
