{"iob":-0.1819996490161111,"activity":0.0004596913580246912,"bolusiob":0}
