{"iob":-0.4825516384854166,"activity":-0.005284400352733685,"bolusiob":0}
