{"iob":0.550236908975536,"activity":0.009290299858906526,"bolusiob":0}
