{"iob":0.11659762052389996,"activity":-0.0011386771252204586,"bolusiob":0}
