{"iob":-0.24252600143,"activity":-0.0028901587301587302,"bolusiob":0}
