{"iob":0.05118597316480326,"activity":0.003300961322751322,"bolusiob":0}
