{"iob":0.38308452786096414,"activity":0.005236252081128747,"bolusiob":0}
