{"iob":-0.24454099034574556,"activity":-0.005843209876543209,"bolusiob":0}
