{"iob":-0.15454881611666663,"activity":-0.004081269841269843,"bolusiob":0}
