{"iob":-0.048707120202305526,"activity":0.0002713227513227508,"bolusiob":0}
