{"iob":0.5655680851786944,"activity":0.0036708112874779533,"bolusiob":0}
