{"iob":-0.35555498513333345,"activity":-0.004436957671957671,"bolusiob":0}
