{"iob":-0.5698055805907083,"activity":-0.005500185097001764,"bolusiob":0}
