{"iob":0.03239138656294131,"activity":-0.0004089946208112865,"bolusiob":0}
