{"iob":0.13496173872657288,"activity":0.00469521151675485,"bolusiob":0}
