{"iob":0.4764430198678333,"activity":0.0034366137566137567,"bolusiob":0}
