{"iob":0.78352535804675,"activity":0.002737768959435626,"bolusiob":0}
