{"iob":-0.18467546008555558,"activity":0.00018307760141093486,"bolusiob":0}
