{"iob":0.38849841533777785,"activity":0.000871851851851852,"bolusiob":0}
