{"iob":-0.2459916233533333,"activity":-0.002954179894179894,"bolusiob":0}
