{"iob":-0.17283039782700002,"activity":0.0001281481481481486,"bolusiob":0}
