{"iob":0.05045032137888884,"activity":0.0009164021164021153,"bolusiob":0}
