{"iob":-0.14539104154944446,"activity":-0.00035969135802469136,"bolusiob":0}
