{"iob":-0.15466560003944446,"activity":-0.003690255731922398,"bolusiob":0}
