{"iob":-0.4310173714222222,"activity":-0.00195205467372134,"bolusiob":0}
