{"iob":0.094749273019268,"activity":0.0038027645679012323,"bolusiob":0}
