{"iob":-0.327064655148842,"activity":-0.002067054938271605,"bolusiob":0}
