{"iob":0.0010746827088888786,"activity":-0.00032828924162257476,"bolusiob":0}
