{"iob":-0.47705175293375,"activity":-0.0058325837742504395,"bolusiob":0}
