{"iob":-0.459285255383889,"activity":-0.0023960317460317453,"bolusiob":0}
