{"iob":-0.02868196989333334,"activity":-0.0014760141093474422,"bolusiob":0}
