{"iob":0.1387415758325467,"activity":-0.004376992733686067,"bolusiob":0}
