{"iob":-0.010040719936041657,"activity":0.0006355908289241625,"bolusiob":0}
