{"iob":0.038062970667222196,"activity":-0.004473139329805995,"bolusiob":0}
