{"iob":0.3295339060084722,"activity":0.005385229276895944,"bolusiob":0}
