{"iob":0.3164258448853055,"activity":0.002773236331569664,"bolusiob":0}
