{"iob":0.9971653539267946,"activity":0.009665256296296295,"bolusiob":0}
