{"iob":-0.05220093406837127,"activity":-0.001285714373897707,"bolusiob":0}
