{"iob":-0.09359552368222224,"activity":-0.000994082892416225,"bolusiob":0}
