{"iob":-0.4166735538145803,"activity":-0.002344735361552028,"bolusiob":0}
