{"iob":-0.18175489433383374,"activity":-0.0032991004409171076,"bolusiob":0}
