{"iob":-0.019577572765154566,"activity":-0.003242848201058201,"bolusiob":0}
