{"iob":-0.3628580403017938,"activity":-0.0057462521164021165,"bolusiob":0}
