{"iob":-0.2004623817258889,"activity":-0.0022501587301587303,"bolusiob":0}
