{"iob":0.09960474417750625,"activity":0.003138756701940035,"bolusiob":0}
