{"iob":0.1613360620196515,"activity":0.005999911428571429,"bolusiob":0}
