{"iob":-0.14131599995655017,"activity":-0.0023691183421516763,"bolusiob":0}
