{"iob":-0.12780336308645834,"activity":-0.0035102733686067015,"bolusiob":0}
