{"iob":-0.45330958483388895,"activity":-0.005503827160493827,"bolusiob":0}
