{"iob":-0.15783817371781125,"activity":-0.0035853083950617274,"bolusiob":0}
