{"iob":0.8710356766846007,"activity":0.010326199294532627,"bolusiob":0}
