{"iob":0.2001915169958997,"activity":0.006962989241622573,"bolusiob":0}
