{"iob":0.26826622455555554,"activity":-0.0003543209876543209,"bolusiob":0}
