{"iob":-0.3505114815880712,"activity":-0.0038913228747795413,"bolusiob":0}
