{"iob":-0.5122330817977778,"activity":-0.0032984832451499117,"bolusiob":0}
