{"iob":-0.37042806544512685,"activity":-0.0032249384479717813,"bolusiob":0}
