{"iob":-0.1991042148870385,"activity":-0.002445546825396825,"bolusiob":0}
