{"iob":-0.0436335482752615,"activity":-0.00019159603174603157,"bolusiob":0}
