{"iob":-0.18365239125034727,"activity":-0.003966710758377425,"bolusiob":0}
