{"iob":-0.009372116046360346,"activity":-0.0007159879188712523,"bolusiob":0}
