{"iob":-0.07524430950833334,"activity":-0.002049823633156966,"bolusiob":0}
