{"iob":-0.14715495330333334,"activity":-0.0031158024691358014,"bolusiob":0}
