{"iob":-0.0034707829944444074,"activity":-0.0008008818342151674,"bolusiob":0}
