{"iob":-0.295920312385,"activity":-0.0018062522045855381,"bolusiob":0}
