{"iob":0.46067458086722235,"activity":0.0005283686067019402,"bolusiob":0}
