{"iob":0.15356763659388886,"activity":0.002921172839506172,"bolusiob":0}
