{"iob":-0.04030624461585828,"activity":-0.0038849468783068775,"bolusiob":0}
