{"iob":-0.08995022852375004,"activity":-0.002386375661375662,"bolusiob":0}
