{"iob":0.20923749390451388,"activity":0.007420679012345678,"bolusiob":0}
