{"iob":-0.28997364545263893,"activity":-0.0022308289241622574,"bolusiob":0}
