{"iob":-0.19595532938319443,"activity":0.0003805291005291008,"bolusiob":0}
