{"iob":0.5985435566037798,"activity":0.011133739065255732,"bolusiob":0}
