{"iob":-0.19071290058556944,"activity":0.0003738447971781301,"bolusiob":0}
