{"iob":-0.006919912020520273,"activity":0.0018174790476190477,"bolusiob":0}
