{"iob":-0.251864152350191,"activity":-0.005886997354497355,"bolusiob":0}
