{"iob":-0.379683989375,"activity":-0.002449206349206349,"bolusiob":0}
