{"iob":-0.1362590646286177,"activity":0.003067010493827161,"bolusiob":0}
