{"iob":0.1552562073504109,"activity":-0.00011141074074074075,"bolusiob":0}
