{"iob":0.11980862126583333,"activity":-0.003879021164021162,"bolusiob":0}
