{"iob":-0.16086928863569455,"activity":-0.0010308201058201057,"bolusiob":0}
