{"iob":-0.18717154034972225,"activity":-0.00462410934744268,"bolusiob":0}
