{"iob":0.09005901798959293,"activity":-0.0009290210758377422,"bolusiob":0}
