{"iob":0.022724910068140227,"activity":-0.001561164285714286,"bolusiob":0}
