{"iob":0.3215486242777778,"activity":0.0014932098765432097,"bolusiob":0}
