{"iob":-0.1489437531491667,"activity":-0.002952239858906525,"bolusiob":0}
