{"iob":-0.3788046960839327,"activity":-0.005698394973544973,"bolusiob":0}
