{"iob":0.2552351886008545,"activity":0.0020810139858906517,"bolusiob":0}
