{"iob":-0.4046671457811112,"activity":-0.001997654320987654,"bolusiob":0}
