{"iob":-0.002580236071505884,"activity":-0.0006701501763668434,"bolusiob":0}
