{"iob":-0.05576706901395481,"activity":-0.002198059841269841,"bolusiob":0}
