{"iob":0.22949578288118397,"activity":0.00016413617283950627,"bolusiob":0}
