{"iob":-0.40915068176553754,"activity":-0.0035711642857142855,"bolusiob":0}
