{"iob":0.6939292371009722,"activity":0.0023423809523809526,"bolusiob":0}
