{"iob":-0.24607192793755334,"activity":-0.0022404320987654313,"bolusiob":0}
