{"iob":0.2186160515788125,"activity":0.003916411040564374,"bolusiob":0}
