{"iob":-0.2601739857351389,"activity":-0.0016245414462081123,"bolusiob":0}
