{"iob":-0.09933377180888889,"activity":-0.00010345679012345677,"bolusiob":0}
