{"iob":-0.2563746239259899,"activity":-0.00037916238095237994,"bolusiob":0}
