{"iob":-0.47017153577302095,"activity":-0.004734770723104055,"bolusiob":0}
