{"iob":0.41252353966452787,"activity":-0.0006982451499118164,"bolusiob":0}
