{"iob":-0.11976654073205201,"activity":-0.0004082895061728397,"bolusiob":0}
