{"iob":-0.5636194097548265,"activity":-0.0035641710758377433,"bolusiob":0}
