{"iob":-0.015943877666666686,"activity":0.0010511463844797165,"bolusiob":0}
