{"iob":-0.12042936780666672,"activity":-0.0024352821869488535,"bolusiob":0}
