{"iob":-0.5505431772703333,"activity":-0.005816543209876542,"bolusiob":0}
