{"iob":-0.2810809876288889,"activity":-0.0011119753086419751,"bolusiob":0}
