{"iob":0.0003951743266666641,"activity":0.00016472663139329786,"bolusiob":0}
