{"iob":-0.23572501497033332,"activity":-0.0010716578483245145,"bolusiob":0}
