{"iob":0.0958898887071389,"activity":0.0008483862433862434,"bolusiob":0}
