{"iob":0.12356336038277779,"activity":-0.0007492680776014106,"bolusiob":0}
