{"iob":0.032770505599999986,"activity":0.001706649029982363,"bolusiob":0}
