{"iob":0.3259644629732722,"activity":-0.0001342944091710755,"bolusiob":0}
