{"iob":-0.009419991151567934,"activity":0.0010197972663139338,"bolusiob":0}
