{"iob":-0.1308008192154685,"activity":-0.0007046473544973541,"bolusiob":0}
