{"iob":0.04865872540944442,"activity":0.0011573192239858908,"bolusiob":0}
