{"iob":-0.3065382789438888,"activity":-0.004548174603174601,"bolusiob":0}
