{"iob":-0.21796241916240017,"activity":-0.005774347319223984,"bolusiob":0}
