{"iob":0.37565931480333775,"activity":0.00946022940035273,"bolusiob":0}
