{"iob":-0.07904575239500003,"activity":-0.0023526455026455025,"bolusiob":0}
