{"iob":-0.05563536298066667,"activity":-0.001557848324514991,"bolusiob":0}
