{"iob":-0.14716446921875,"activity":-0.003792239858906525,"bolusiob":0}
