{"iob":0.8228303855927637,"activity":0.007504444638447973,"bolusiob":0}
