{"iob":0.1303571559129168,"activity":0.006658298059964727,"bolusiob":0}
