{"iob":-0.04714149975722223,"activity":0.0002442680776014108,"bolusiob":0}
