{"iob":0.22465579653291665,"activity":0.0005001763668430333,"bolusiob":0}
