{"iob":-0.021753236213888964,"activity":-0.003865820105820107,"bolusiob":0}
