{"iob":0.0573325498252778,"activity":0.0030676895943562606,"bolusiob":0}
