{"iob":-0.5490229949751337,"activity":-0.0022863050264550267,"bolusiob":0}
