{"iob":-0.3383363442207171,"activity":-0.0016053702821869488,"bolusiob":0}
