{"iob":-0.18988301976934233,"activity":-0.00562873885361552,"bolusiob":0}
