{"iob":-0.5414478118655556,"activity":-0.003996419753086419,"bolusiob":0}
