{"iob":0.026750333270622248,"activity":-0.0023320105820105815,"bolusiob":0}
