{"iob":0.5152844622233334,"activity":0.008014885361552027,"bolusiob":0}
