{"iob":-0.05520439545555556,"activity":0.0006701058201058201,"bolusiob":0}
