{"iob":0.4394089775486112,"activity":0.0025645149911816575,"bolusiob":0}
