{"iob":-0.27857419371420844,"activity":-0.0035377425925925917,"bolusiob":0}
