{"iob":-0.21825278455338995,"activity":-0.0015900260846560851,"bolusiob":0}
