{"iob":0.8223115263656863,"activity":0.0049444357142857135,"bolusiob":0}
