{"iob":-0.4201696915849082,"activity":-0.004708403791887126,"bolusiob":0}
