{"iob":0.35306387828,"activity":0.0014925925925925927,"bolusiob":0}
