{"iob":-0.0066675989424307275,"activity":-0.0035918519400352732,"bolusiob":0}
