{"iob":0.12069595974868275,"activity":-0.0026616138447971777,"bolusiob":0}
