{"iob":-0.6029122860034061,"activity":-0.006205828835978834,"bolusiob":0}
