{"iob":-0.32698493713944443,"activity":-0.0016411111111111101,"bolusiob":0}
