{"iob":0.08699323346166665,"activity":0.0006557407407407406,"bolusiob":0}
