{"iob":-0.331272878569373,"activity":-0.003404806084656085,"bolusiob":0}
