{"iob":0.35362766527350287,"activity":0.005365775890652557,"bolusiob":0}
