{"iob":-0.011920472786999953,"activity":-0.000897777777777777,"bolusiob":0}
