{"iob":-0.19561321084321198,"activity":-0.0015116839682539679,"bolusiob":0}
