{"iob":-0.07794644097222223,"activity":-0.001581701940035273,"bolusiob":0}
