{"iob":-0.22198387719055554,"activity":-0.0024488359788359788,"bolusiob":0}
