{"iob":-0.4061274831950001,"activity":-0.005889805996472663,"bolusiob":0}
