{"iob":-0.013082691812142312,"activity":-0.0003419134567901232,"bolusiob":0}
