{"iob":-0.40892070182097223,"activity":-0.004854656084656085,"bolusiob":0}
