{"iob":-0.0067708097922222835,"activity":0.000639065255731922,"bolusiob":0}
