{"iob":0.964482306483889,"activity":0.008960052910052908,"bolusiob":0}
