{"iob":-0.3492479523331866,"activity":-0.002743941922398589,"bolusiob":0}
