{"iob":0.3287732346074048,"activity":0.0017942591710758372,"bolusiob":0}
