{"iob":-0.041595616508333336,"activity":-0.0015339506172839502,"bolusiob":0}
