{"iob":0.0702949761413525,"activity":0.001138403615520282,"bolusiob":0}
