{"iob":0.05498573186102677,"activity":0.0029722397354497356,"bolusiob":0}
