{"iob":-0.22555436204833326,"activity":-0.0015896119929453252,"bolusiob":0}
