{"iob":-0.15752794815187504,"activity":-0.0018217460317460326,"bolusiob":0}
