{"iob":0.2012960762555555,"activity":-0.0018674338624338617,"bolusiob":0}
