{"iob":0.24805265680791666,"activity":-0.001949338624338624,"bolusiob":0}
