{"iob":-0.367676613477801,"activity":-0.0007652998412698411,"bolusiob":0}
