{"iob":0.08786800324833341,"activity":0.0030378130511463856,"bolusiob":0}
