{"iob":-0.382055811175,"activity":-0.00196700176366843,"bolusiob":0}
