{"iob":-0.1787595041720139,"activity":-0.0009014109347442684,"bolusiob":0}
