{"iob":0.0751772381952222,"activity":-0.002939629629629629,"bolusiob":0}
