{"iob":0.16958937380939554,"activity":0.004547310529100528,"bolusiob":0}
