{"iob":-0.0181816059481988,"activity":0.0003877189594356262,"bolusiob":0}
