{"iob":-0.00955319800241787,"activity":-0.0043871810405643735,"bolusiob":0}
