{"iob":0.13469480519672442,"activity":0.0066991888359788365,"bolusiob":0}
