{"iob":-0.13193953784941712,"activity":0.0016577781481481482,"bolusiob":0}
