{"iob":9.034999999990579e-7,"activity":-0.00002380952380952369,"bolusiob":0}
