{"iob":0.030906131666706617,"activity":0.004181587425044092,"bolusiob":0}
