{"iob":0.08850764086533336,"activity":0.0024797178130511466,"bolusiob":0}
