{"iob":-0.19563093976333332,"activity":-0.004747566137566137,"bolusiob":0}
