{"iob":-0.2819428780846771,"activity":-0.0025437565255731916,"bolusiob":0}
