{"iob":-0.054388535263741905,"activity":0.0008830666313932984,"bolusiob":0}
