{"iob":-0.1665250361129861,"activity":-0.0016192945326278657,"bolusiob":0}
