{"iob":-0.28689227145519003,"activity":-0.005763298059964726,"bolusiob":0}
