{"iob":-0.2936729349777778,"activity":-0.0015952821869488528,"bolusiob":0}
