{"iob":0.09940858526000002,"activity":0.00010835978835978821,"bolusiob":0}
