{"iob":-0.43654405227055554,"activity":-0.005559594356261022,"bolusiob":0}
