{"iob":-0.4590790302843055,"activity":-0.005115017636684305,"bolusiob":0}
