{"iob":-0.3869625183222222,"activity":-0.0038611111111111107,"bolusiob":0}
