{"iob":-0.29976720279631947,"activity":0.0014660405643738964,"bolusiob":0}
