{"iob":-0.05375904811666668,"activity":-0.0017957319223985881,"bolusiob":0}
