{"iob":-0.21169047513666672,"activity":-0.003945601410934744,"bolusiob":0}
