{"iob":-0.3666392439451304,"activity":-0.004385564285714285,"bolusiob":0}
