{"iob":-0.2618400983095834,"activity":-0.005118633156966489,"bolusiob":0}
