{"iob":-0.0010940901066666731,"activity":-0.00022081128747795405,"bolusiob":0}
