{"iob":-0.5369088691168515,"activity":-0.004801199329805996,"bolusiob":0}
