{"iob":-0.3082153590694445,"activity":-0.001964038800705467,"bolusiob":0}
