{"iob":-0.31390432289200004,"activity":-0.0009598412698412691,"bolusiob":0}
