{"iob":-0.15912010002522226,"activity":-0.0022653615520282183,"bolusiob":0}
