{"iob":-0.522062451925,"activity":-0.0048735361552028214,"bolusiob":0}
