{"iob":0.22070692980152773,"activity":-0.0008458024691358017,"bolusiob":0}
