{"iob":-0.17529162609722218,"activity":-0.004853130511463844,"bolusiob":0}
