{"iob":-0.05218114589620291,"activity":0.0016265431216931213,"bolusiob":0}
