{"iob":-0.2534317336120834,"activity":-0.0016567813051146384,"bolusiob":0}
