{"iob":0.049845094604444445,"activity":0.000032839506172839505,"bolusiob":0}
