{"iob":-0.33880676568458334,"activity":-0.005022125220458554,"bolusiob":0}
