{"iob":0.034595801917937014,"activity":0.002515194109347443,"bolusiob":0}
