{"iob":-0.054180909648888984,"activity":-0.003515996472663138,"bolusiob":0}
