{"iob":-0.12285730476776847,"activity":-0.0004311111992945333,"bolusiob":0}
