{"iob":0.020485619316317046,"activity":0.0032019399470899473,"bolusiob":0}
