{"iob":-0.12877510361301714,"activity":-0.002710008906525573,"bolusiob":0}
