{"iob":-0.04870746673066667,"activity":-0.001400705467372134,"bolusiob":0}
