{"iob":-0.06901524637525659,"activity":0.003070185061728396,"bolusiob":0}
