{"iob":0.6065182311091666,"activity":0.005377636684303352,"bolusiob":0}
