{"iob":-0.4437583215972084,"activity":-0.0037900176366843018,"bolusiob":0}
