{"iob":-0.10561138901171781,"activity":-0.005158888888888889,"bolusiob":0}
