{"iob":-0.09642466480479167,"activity":-0.003027292768959435,"bolusiob":0}
