{"iob":0.17945155982902783,"activity":-0.0015121957671957664,"bolusiob":0}
