{"iob":0.49481011682262793,"activity":0.004589991164021162,"bolusiob":0}
