{"iob":-0.16395286614038795,"activity":-0.0018793652557319224,"bolusiob":0}
