{"iob":0.25280289063166667,"activity":-0.0019802028218694877,"bolusiob":0}
