{"iob":-0.1482764464888889,"activity":-0.00021185185185185185,"bolusiob":0}
