{"iob":-0.3785982795116667,"activity":-0.0012852469135802467,"bolusiob":0}
