{"iob":0.7798293996794445,"activity":0.010022663139329804,"bolusiob":0}
