{"iob":-0.4127597931449862,"activity":-0.003599523809523809,"bolusiob":0}
