{"iob":-0.3954920646010956,"activity":-0.004373642098765432,"bolusiob":0}
