{"iob":0.09810780954222223,"activity":0.00021209876543209875,"bolusiob":0}
