{"iob":-0.20502447216719533,"activity":-0.0010483953262786594,"bolusiob":0}
