{"iob":-0.20808943078889977,"activity":0.003123791922398588,"bolusiob":0}
