{"iob":-0.007714932545568612,"activity":-0.0006694888007054671,"bolusiob":0}
