{"iob":-0.0848421835719953,"activity":-0.00010454171075837733,"bolusiob":0}
