{"iob":-0.14775298506102302,"activity":-0.00008551185185185155,"bolusiob":0}
