{"iob":-0.20516256509209785,"activity":-0.0025841092239858895,"bolusiob":0}
