{"iob":0.22546479081255555,"activity":-0.002356525573192239,"bolusiob":0}
