{"iob":-0.13249194570611111,"activity":-0.002938024691358024,"bolusiob":0}
