{"iob":0.07993432776720835,"activity":0.00464878306878307,"bolusiob":0}
