{"iob":-0.15209658403444448,"activity":-0.002033068783068783,"bolusiob":0}
