{"iob":0.5876811190445835,"activity":0.006972918871252203,"bolusiob":0}
