{"iob":-0.061429447153132324,"activity":-0.004453033597883597,"bolusiob":0}
