{"iob":0.15422256157500006,"activity":0.003847883597883598,"bolusiob":0}
