{"iob":0.11816677902210226,"activity":-0.001975238218694885,"bolusiob":0}
