{"iob":-0.3796867490481074,"activity":-0.0019685979717813046,"bolusiob":0}
