{"iob":-0.6138252909783335,"activity":-0.005451781305114638,"bolusiob":0}
