{"iob":0.5261362241483875,"activity":0.0010124604056437388,"bolusiob":0}
