{"iob":-0.10977598159930557,"activity":-0.0035393386243386233,"bolusiob":0}
