{"iob":-0.0061517205749999915,"activity":-0.0005939153439153435,"bolusiob":0}
