{"iob":-0.23531806193309765,"activity":-0.004257528571428572,"bolusiob":0}
