{"iob":-0.17517792656945758,"activity":-0.00037917134038800666,"bolusiob":0}
