{"iob":-0.43242963506875004,"activity":-0.003692910052910053,"bolusiob":0}
