{"iob":-0.12374784794409734,"activity":-0.0009859789241622576,"bolusiob":0}
