{"iob":-0.14281923020722223,"activity":-0.002313835978835978,"bolusiob":0}
