{"iob":-0.2681010921083475,"activity":-0.0017089683421516756,"bolusiob":0}
