{"iob":-0.242663448873125,"activity":0.0023183597883597875,"bolusiob":0}
