{"iob":0.03491817194782137,"activity":0.0018632272486772484,"bolusiob":0}
