{"iob":-0.1924593907263058,"activity":-0.000037469488536156885,"bolusiob":0}
