{"iob":-0.09137964011513891,"activity":0.0018932363315696656,"bolusiob":0}
