{"iob":-0.05837475969634539,"activity":0.006302128624338625,"bolusiob":0}
