{"iob":-0.3206213265916667,"activity":-0.001456358024691358,"bolusiob":0}
