{"iob":-0.4543521574578985,"activity":-0.00440641984126984,"bolusiob":0}
