{"iob":0.030783776691462067,"activity":0.0003403660493827166,"bolusiob":0}
