{"iob":0.031577348032355484,"activity":0.000032786719576719425,"bolusiob":0}
