{"iob":0.10363835809487251,"activity":0.005820317513227512,"bolusiob":0}
