{"iob":0.1089708878151899,"activity":0.0025653881305114632,"bolusiob":0}
