{"iob":-0.2070924102083455,"activity":0.004379267954144619,"bolusiob":0}
