{"iob":0.31180310129209615,"activity":0.004093148483245151,"bolusiob":0}
