{"iob":-0.08107591842916669,"activity":-0.002675573192239859,"bolusiob":0}
