{"iob":-0.3204290706641011,"activity":-0.002945599770723103,"bolusiob":0}
