{"iob":0.03045367196666677,"activity":0.0033941446208112873,"bolusiob":0}
