{"iob":-0.10643064660867615,"activity":-0.002737680864197531,"bolusiob":0}
