{"iob":-0.09205318426647706,"activity":-0.0023130510582010573,"bolusiob":0}
