{"iob":-0.059903366694444446,"activity":-0.0006996825396825394,"bolusiob":0}
