{"iob":-0.3659934838556853,"activity":-0.001404929365079365,"bolusiob":0}
