{"iob":0.4323140407451389,"activity":0.003992231040564372,"bolusiob":0}
