{"iob":-0.1421273600080335,"activity":-0.003141075590828923,"bolusiob":0}
