{"iob":-0.4312543812237501,"activity":-0.005237504409171076,"bolusiob":0}
