{"iob":0.5530707630390277,"activity":0.0076417372134038805,"bolusiob":0.1464619994666667}
