{"iob":0.2505837690903333,"activity":-0.0013302821869488532,"bolusiob":0}
