{"iob":-0.3509569816245438,"activity":-0.004490599559082892,"bolusiob":0}
