{"iob":0.03551537996004128,"activity":0.0010258293827160483,"bolusiob":0}
