{"iob":0.6381914582566667,"activity":0.0038391358024691346,"bolusiob":0}
