{"iob":-0.037016431358888914,"activity":-0.0015458730158730161,"bolusiob":0}
