{"iob":-0.19667501694444442,"activity":-0.0003339506172839506,"bolusiob":0}
