{"iob":-0.28458725357375003,"activity":-0.0019629365079365077,"bolusiob":0}
