{"iob":0.06999700911012294,"activity":0.0025562611111111105,"bolusiob":0}
