{"iob":-0.06538706585215573,"activity":0.0005360492063492062,"bolusiob":0}
