{"iob":-0.05151598088833331,"activity":-0.0047494973544973534,"bolusiob":0}
