{"iob":-0.09445298734444446,"activity":-0.0003630864197530864,"bolusiob":0}
