{"iob":-0.036496264474317926,"activity":-0.0009280865079365078,"bolusiob":0}
