{"iob":-0.019322218767417153,"activity":0.0001464201234567905,"bolusiob":0}
