{"iob":-0.3147095505622222,"activity":-0.003678783068783068,"bolusiob":0}
