{"iob":0.7421680019628764,"activity":0.007769585449735449,"bolusiob":0}
