{"iob":0.07278130743666664,"activity":0.00006428571428571444,"bolusiob":0}
