{"iob":-0.2390557067865563,"activity":-0.001320284462081128,"bolusiob":0}
