{"iob":-0.019435629735972217,"activity":0.0004895943562610231,"bolusiob":0}
