{"iob":0.0026359887394444975,"activity":0.00285668430335097,"bolusiob":0}
