{"iob":0.1758957470183465,"activity":-0.0019428216225749564,"bolusiob":0}
