{"iob":0.07285940578999994,"activity":-0.0032271252204585533,"bolusiob":0}
