{"iob":-0.14567545500000004,"activity":-0.00252010582010582,"bolusiob":0}
