{"iob":-0.34252420955333335,"activity":-0.0037172839506172833,"bolusiob":0}
