{"iob":0.14286442480761113,"activity":0.0007156261022927692,"bolusiob":0}
