{"iob":0.4479151907180661,"activity":0.0009436773721340395,"bolusiob":0}
