{"iob":-0.1816494027085512,"activity":-0.0016054848853615518,"bolusiob":0}
