{"iob":-0.4349994941822223,"activity":-0.005712848324514991,"bolusiob":0}
