{"iob":-0.00413551916666664,"activity":-0.0004805996472663133,"bolusiob":0}
