{"iob":0.32161447259773074,"activity":0.003366137654320988,"bolusiob":0}
