{"iob":-0.006496652764417764,"activity":-0.005034541569664903,"bolusiob":0}
