{"iob":-0.2883963373566704,"activity":-0.0031149999118165778,"bolusiob":0}
