{"iob":-0.06855723566083334,"activity":-0.002510934744268077,"bolusiob":0}
