{"iob":-0.36102394576777785,"activity":-0.0028306701940035268,"bolusiob":0}
