{"iob":-0.3923127548789944,"activity":-0.004800061851851851,"bolusiob":0}
