{"iob":0.6880552911840008,"activity":0.004333756825396825,"bolusiob":0}
