{"iob":0.19956180168055565,"activity":-0.0015393033509700168,"bolusiob":0}
