{"iob":-0.0907669465766667,"activity":-0.00253721340388007,"bolusiob":0}
