{"iob":0.09649691998052065,"activity":-0.002146243015873016,"bolusiob":0}
