{"iob":-0.1340918235888889,"activity":-0.0025470546737213404,"bolusiob":0}
