{"iob":-0.14996662699893343,"activity":-0.002994973421516754,"bolusiob":0}
