{"iob":-0.14773473546,"activity":-0.0002314814814814815,"bolusiob":0}
