{"iob":-0.055615955009793605,"activity":-0.004386375449735451,"bolusiob":0}
