{"iob":0.001875878159411354,"activity":0.0003433859788359783,"bolusiob":0}
