{"iob":0.0004155793201229413,"activity":0.0015450529982363316,"bolusiob":0}
