{"iob":-0.36359972835402776,"activity":-0.0048650176366843035,"bolusiob":0}
