{"iob":0.2496113168553334,"activity":0.0011220458553791888,"bolusiob":0}
