{"iob":-0.5114182242916666,"activity":-0.003672768959435625,"bolusiob":0}
