{"iob":0.08299512331943586,"activity":0.0034483863492063486,"bolusiob":0}
