{"iob":0.000020212807296743353,"activity":0.000046434832451499026,"bolusiob":0}
