{"iob":-0.5194362575372222,"activity":-0.0039474955908289245,"bolusiob":0}
