{"iob":0.24505373256105217,"activity":0.002757963086419753,"bolusiob":0}
