{"iob":0.269993815796049,"activity":0.0023707322927689596,"bolusiob":0}
