{"iob":-0.49603864212796384,"activity":-0.004678051058201059,"bolusiob":0}
