{"iob":0.6239270191120232,"activity":0.002992416049382716,"bolusiob":0}
