{"iob":0.09868102709234569,"activity":0.00012191358024691356,"bolusiob":0}
