{"iob":0.038482615948641975,"activity":0.0003825925925925925,"bolusiob":0}
