{"iob":-0.04978806535111111,"activity":-0.000030370370370370368,"bolusiob":0}
