{"iob":0.04976248671604938,"activity":0.00003271604938271605,"bolusiob":0}
