{"iob":0.7787014854400001,"activity":0.004208989898989899,"bolusiob":0}
