{"iob":-0.09900770846024692,"activity":-0.00009604938271604936,"bolusiob":0}
