{"iob":0.11354771613571543,"activity":0.0009119754320987654,"bolusiob":0}
