{"iob":0.0003915484681481368,"activity":-0.00002135802469135801,"bolusiob":0}
