{"iob":-0.048268240071111114,"activity":-0.00010703703703703704,"bolusiob":0}
