{"iob":0.31341560114567907,"activity":0.001271975308641975,"bolusiob":0}
