{"iob":-0.09528571387950617,"activity":-0.00025141975308641974,"bolusiob":0}
