{"iob":0.4664819409461729,"activity":0.002365308641975309,"bolusiob":0}
