{"iob":0.44415093323206306,"activity":0.004675847306397307,"bolusiob":0}
