{"iob":0.3857932631861729,"activity":0.0007575308641975308,"bolusiob":0}
