{"iob":0.3487336896039507,"activity":0.001691604938271605,"bolusiob":0}
