{"iob":0.28328414249086425,"activity":0.0007528395061728394,"bolusiob":0}
