{"iob":0.5441353391407409,"activity":0.0019641975308641976,"bolusiob":0}
