{"iob":0.32440196146567907,"activity":0.0010135802469135803,"bolusiob":0}
