{"iob":-0.09893941218765433,"activity":-0.00010296296296296296,"bolusiob":0}
