{"iob":-0.09892416451160493,"activity":-0.00010382716049382717,"bolusiob":0}
