{"iob":-0.2807784463950617,"activity":-0.0007650000000000001,"bolusiob":0}
