{"iob":0.0030236378311111036,"activity":0.00043692480359147027,"bolusiob":0}
