{"iob":0.4344628888177778,"activity":0.000831111111111111,"bolusiob":0}
