{"iob":0.2397958439980247,"activity":0.0005318518518518519,"bolusiob":0}
