{"iob":0.3382988536493827,"activity":0.0006304938271604938,"bolusiob":0}
