{"iob":-0.09892385721679013,"activity":-0.0001039506172839506,"bolusiob":0}
