{"iob":0.04827182151901235,"activity":0.00010691358024691358,"bolusiob":0}
