{"iob":0.03871418454123457,"activity":0.0002930864197530865,"bolusiob":0}
