{"iob":0.04702395215012346,"activity":0.0001441975308641975,"bolusiob":0}
