{"iob":0.3143404707397531,"activity":0.0012279012345679011,"bolusiob":0}
