{"iob":-0.18163539606123458,"activity":-0.000688395061728395,"bolusiob":0}
