{"iob":-0.140977232054321,"activity":-0.0003775925925925926,"bolusiob":0}
