{"iob":0.38063512583111114,"activity":0.0009029629629629629,"bolusiob":0}
