{"iob":-0.10393746647255295,"activity":0.00030432086419753093,"bolusiob":0}
