{"iob":0.09470679239802468,"activity":0.00026993827160493825,"bolusiob":0}
