{"iob":0.13033519511703706,"activity":0.0006548148148148149,"bolusiob":0}
