{"iob":0.4293308898133333,"activity":0.0009771604938271607,"bolusiob":0}
