{"iob":0.33409202881598926,"activity":0.0008245682716049382,"bolusiob":0}
