{"iob":0.035031856142222234,"activity":0.0003451851851851852,"bolusiob":0}
