{"iob":0.09973920547555556,"activity":0.00003814814814814815,"bolusiob":0}
