{"iob":0.09471616123160495,"activity":0.00026969135802469135,"bolusiob":0}
