{"iob":0.23144332216888888,"activity":0.00072,"bolusiob":0}
