{"iob":-0.04976798144,"activity":-0.000032222222222222216,"bolusiob":0}
