{"iob":0.09868157400395061,"activity":0.00012191358024691358,"bolusiob":0}
