{"iob":0.0009135971666666687,"activity":0.0003824074074074075,"bolusiob":0}
