{"iob":0.40401031288888894,"activity":0.0015962962962962966,"bolusiob":0}
