{"iob":0.049784114417777775,"activity":0.00003074074074074074,"bolusiob":0}
