{"iob":0.08810408955555556,"activity":0.00041796296296296297,"bolusiob":0}
