{"iob":-0.09744090960098767,"activity":-0.00017722222222222222,"bolusiob":0}
