{"iob":-0.1948953648671605,"activity":-0.00031012345679012345,"bolusiob":0}
