{"iob":0.03683721683753087,"activity":0.00041259259259259255,"bolusiob":0}
