{"iob":0.1466334969428265,"activity":0.00024530876543209874,"bolusiob":0}
