{"iob":-0.2282101819654321,"activity":-0.0008327160493827161,"bolusiob":0}
