{"iob":0.24171174083318522,"activity":0.0005009876543209876,"bolusiob":0}
