{"iob":0.7795142750933334,"activity":0.004195959595959596,"bolusiob":0}
