{"iob":-0.14180812019358027,"activity":-0.0003962962962962963,"bolusiob":0}
