{"iob":0.12135983425580249,"activity":0.0008033333333333334,"bolusiob":0}
