{"iob":-0.23730808989530866,"activity":-0.0005695679012345679,"bolusiob":0}
