{"iob":0.4744200113777778,"activity":0.0011814814814814815,"bolusiob":0}
