{"iob":-0.22414544711901238,"activity":-0.0008693827160493827,"bolusiob":0}
