{"iob":0.34148173651753083,"activity":0.0005427160493827161,"bolusiob":0}
