{"iob":0.09971776434567903,"activity":0.00004197530864197531,"bolusiob":0}
