{"iob":0.14599174520888888,"activity":0.00024580246913580246,"bolusiob":0}
