{"iob":0.49819920754271785,"activity":0.0023152187991021325,"bolusiob":0}
