{"iob":-0.13368135960918506,"activity":-0.0005802470370370371,"bolusiob":0}
