{"iob":0.017381576746666672,"activity":0.0006053872053872055,"bolusiob":0}
