{"iob":0.24600183838024692,"activity":0.00031358024691358023,"bolusiob":0}
