{"iob":0.5440341842725926,"activity":0.0019620987654320986,"bolusiob":0}
