{"iob":0.23114957978706174,"activity":0.0007945679012345678,"bolusiob":0}
