{"iob":0.28114258663506175,"activity":0.0007869135802469136,"bolusiob":0}
