{"iob":0.4370448771160494,"activity":0.0019617283950617284,"bolusiob":0}
