{"iob":0.0020847065622222275,"activity":0.00041618967452300795,"bolusiob":0}
