{"iob":0.14888156759703705,"activity":0.00011419753086419751,"bolusiob":0}
