{"iob":0.3383618051871606,"activity":0.000627530864197531,"bolusiob":0}
