{"iob":0.30966769273283956,"activity":0.0030390347923681255,"bolusiob":0}
