{"iob":0.23785906355358025,"activity":0.00057,"bolusiob":0}
