{"iob":0.14354235779036037,"activity":0.00035765444444444446,"bolusiob":0}
