{"iob":0.3108274434923457,"activity":0.001302469135802469,"bolusiob":0}
