{"iob":0.04081862666,"activity":0.0003507407407407407,"bolusiob":0}
