{"iob":0.021648181831111127,"activity":0.0006389450056116723,"bolusiob":0}
