{"iob":-0.194873664,"activity":-0.00031111111111111107,"bolusiob":0}
