{"iob":-0.09900403555555556,"activity":-0.00009629629629629628,"bolusiob":0}
