{"iob":0.09868739614320987,"activity":0.00012154320987654321,"bolusiob":0}
