{"iob":0.19856936704,"activity":0.00014666666666666664,"bolusiob":0}
