{"iob":0.13431538364839507,"activity":0.000582962962962963,"bolusiob":0}
