{"iob":0.19694229586962964,"activity":0.00024271604938271604,"bolusiob":0}
