{"iob":0.09891603583209876,"activity":0.00010444444444444444,"bolusiob":0}
