{"iob":0.46108630644938275,"activity":0.0015506172839506176,"bolusiob":0}
