{"iob":-0.20880259381728394,"activity":-0.0012043209876543208,"bolusiob":0}
