{"iob":0.2810760165412346,"activity":0.00325047138047138,"bolusiob":0}
