{"iob":0.04700048433777778,"activity":0.00014481481481481482,"bolusiob":0}
