{"iob":-0.09743468825283952,"activity":-0.00017753086419753085,"bolusiob":0}
