{"iob":0.5922239802930014,"activity":0.0031587878226711557,"bolusiob":0}
