{"iob":-0.14612936207012348,"activity":-0.00022864197530864195,"bolusiob":0}
