{"iob":0.00021910122888888495,"activity":0.00034884960718294057,"bolusiob":0}
