{"iob":0.38060251599802475,"activity":0.0009044444444444445,"bolusiob":0}
