{"iob":0.033727162331111116,"activity":0.0007189955106621773,"bolusiob":0}
