{"iob":-0.14552227189728398,"activity":-0.0002666666666666667,"bolusiob":0}
