{"iob":-0.19448819923753086,"activity":-0.00033320987654320987,"bolusiob":0}
