{"iob":0.00582410116666667,"activity":0.0004834175084175084,"bolusiob":0}
