{"iob":0.16762517631861298,"activity":0.002336750909090909,"bolusiob":0}
