{"iob":-0.1461600549688889,"activity":-0.0002281481481481481,"bolusiob":0}
