{"iob":-0.19665621752098766,"activity":-0.0013895061728395061,"bolusiob":0}
