{"iob":-0.24034358603061728,"activity":-0.0004914814814814815,"bolusiob":0}
