{"iob":-0.1921451041688889,"activity":-0.0004030246913580247,"bolusiob":0}
