{"iob":0.28440699257679014,"activity":0.0017913580246913582,"bolusiob":0}
