{"iob":-0.09892666311111112,"activity":-0.0001037037037037037,"bolusiob":0}
