{"iob":0.014968205166666672,"activity":0.0005844276094276095,"bolusiob":0}
