{"iob":0.04379630667061729,"activity":0.00027839506172839504,"bolusiob":0}
