{"iob":0.42006896190419757,"activity":0.0012258024691358023,"bolusiob":0}
