{"iob":0.264316267845926,"activity":0.005887227833894501,"bolusiob":0}
