{"iob":0.09969938518913582,"activity":0.00004493827160493827,"bolusiob":0}
