{"iob":0.043493870080000024,"activity":0.0007737373737373739,"bolusiob":0}
