{"iob":-0.027961640501728405,"activity":0.0005655555555555556,"bolusiob":0}
