{"iob":0.010229459413333343,"activity":0.0005380471380471381,"bolusiob":0}
