{"iob":-0.09527384644641976,"activity":-0.00025179012345679015,"bolusiob":0}
