{"iob":0.1439812924088889,"activity":0.003342121212121212,"bolusiob":0}
