{"iob":0.3755045367474074,"activity":0.0010994444444444443,"bolusiob":0}
