{"iob":0.14652870631506176,"activity":0.0002496296296296296,"bolusiob":0}
