{"iob":0.38544036650666674,"activity":0.0018266666666666665,"bolusiob":0}
