{"iob":0.13453540653927099,"activity":0.0005786420987654321,"bolusiob":0}
