{"iob":0.36347084070395064,"activity":0.0013947530864197534,"bolusiob":0}
