{"iob":-0.09311961422222223,"activity":-0.0003074074074074074,"bolusiob":0}
