{"iob":-0.18668144077333335,"activity":-0.0005033950617283951,"bolusiob":0}
