{"iob":-0.2409100730469136,"activity":-0.00046419753086419756,"bolusiob":0}
