{"iob":-0.2945101436997531,"activity":-0.0015472839506172839,"bolusiob":0}
