{"iob":-0.14322125198222224,"activity":-0.0003401234567901235,"bolusiob":0}
