{"iob":-0.09742500480790124,"activity":-0.00017790123456790124,"bolusiob":0}
