{"iob":0.02035172366222223,"activity":0.0003794051627384961,"bolusiob":0}
