{"iob":-0.09527564220049384,"activity":-0.0002517283950617284,"bolusiob":0}
