{"iob":0.4610362247111111,"activity":0.0015518518518518518,"bolusiob":0}
