{"iob":0.3513360907377778,"activity":0.0015111111111111113,"bolusiob":0}
