{"iob":0.32469077103407407,"activity":0.0010051851851851853,"bolusiob":0}
