{"iob":0.09802714168098765,"activity":0.00013987654320987654,"bolusiob":0}
