{"iob":-0.14746209602370372,"activity":-0.00018925925925925924,"bolusiob":0}
