{"iob":-0.23136126279259261,"activity":-0.0007225308641975309,"bolusiob":0}
