{"iob":0.5722152822961617,"activity":0.002730145847362514,"bolusiob":0}
