{"iob":-0.09746005836641977,"activity":-0.0001765432098765432,"bolusiob":0}
