{"iob":0.04354793197827161,"activity":0.00021839506172839507,"bolusiob":0}
