{"iob":-0.13508477156543214,"activity":-0.0018954433221099888,"bolusiob":0}
