{"iob":0.045537457840000004,"activity":0.0002392592592592592,"bolusiob":0}
