{"iob":-0.23847869793975307,"activity":-0.000527283950617284,"bolusiob":0}
