{"iob":0.08899904546271606,"activity":0.00039969135802469136,"bolusiob":0}
