{"iob":0.4744591183012346,"activity":0.0011802469135802469,"bolusiob":0}
