{"iob":0.3414817365175309,"activity":0.0005427160493827161,"bolusiob":0}
