{"iob":0.46098610639012355,"activity":0.0015530864197530862,"bolusiob":0}
