{"iob":0.27786242308176173,"activity":0.0009411730864197531,"bolusiob":0}
