{"iob":-0.09893413696,"activity":-0.00010333333333333333,"bolusiob":0}
