{"iob":0.039636733228888894,"activity":0.0007528900112233446,"bolusiob":0}
