{"iob":-0.04919591190123457,"activity":-0.00006913580246913581,"bolusiob":0}
