{"iob":-0.14554381911703707,"activity":-0.0002659259259259259,"bolusiob":0}
