{"iob":0.12837767958913582,"activity":0.0006922222222222222,"bolusiob":0}
