{"iob":0.04593529566444446,"activity":0.0007863355780022447,"bolusiob":0}
