{"iob":0.1274241186420252,"activity":0.002300140179573513,"bolusiob":0}
