{"iob":-0.19229442887111112,"activity":-0.0003896296296296296,"bolusiob":0}
