{"iob":-0.09676490262123458,"activity":-0.00017765432098765433,"bolusiob":0}
