{"iob":-0.09893692822123457,"activity":-0.00010308641975308641,"bolusiob":0}
