{"iob":0.49886746710913593,"activity":0.0017897530864197527,"bolusiob":0}
