{"iob":0.5393767416331138,"activity":0.0020079014814814817,"bolusiob":0}
