{"iob":-0.09247919582320988,"activity":-0.0003253703703703704,"bolusiob":0}
