{"iob":-0.2734664060602469,"activity":-0.0009211111111111112,"bolusiob":0}
