{"iob":0.24602450137283954,"activity":0.0003123456790123457,"bolusiob":0}
