{"iob":0.0732535188888889,"activity":0.0006401851851851853,"bolusiob":0}
