{"iob":-0.0989280605708642,"activity":-0.00010358024691358025,"bolusiob":0}
