{"iob":0.03266560192790124,"activity":0.0003664197530864197,"bolusiob":0}
