{"iob":-0.096770112,"activity":-0.00017777777777777779,"bolusiob":0}
