{"iob":-0.045436642733827165,"activity":-0.00018160493827160492,"bolusiob":0}
