{"iob":0.0015700247466666761,"activity":0.00040336700336700336,"bolusiob":0}
