{"iob":0.1344006565228206,"activity":0.0005812346913580247,"bolusiob":0}
