{"iob":0.1344077915891358,"activity":0.000581111111111111,"bolusiob":0}
