{"iob":-0.1418206711391485,"activity":-0.0003960495061728395,"bolusiob":0}
