{"iob":0.09894605195061729,"activity":0.00010246913580246912,"bolusiob":0}
