{"iob":0.28313932615111115,"activity":0.0007569135802469136,"bolusiob":0}
