{"iob":-0.09461356088888889,"activity":-0.00025185185185185185,"bolusiob":0}
