{"iob":0.30009162721975313,"activity":0.0015312345679012345,"bolusiob":0}
