{"iob":-0.145525568,"activity":-0.0002666666666666667,"bolusiob":0}
