{"iob":0.09893774035753086,"activity":0.00010271604938271604,"bolusiob":0}
