{"iob":-0.09578397230123457,"activity":-0.00023290123456790122,"bolusiob":0}
