{"iob":0.19428087401086422,"activity":0.00035234567901234565,"bolusiob":0}
