{"iob":0.3002640964345679,"activity":0.0015280246913580244,"bolusiob":0}
