{"iob":0.29302379311407406,"activity":0.00045814814814814823,"bolusiob":0}
