{"iob":0.3869299576809877,"activity":0.000724074074074074,"bolusiob":0}
