{"iob":0.40527974893234575,"activity":0.006046778900112233,"bolusiob":0}
