{"iob":0.14890693405234567,"activity":0.0001091358024691358,"bolusiob":0}
