{"iob":0.3376614949372839,"activity":0.0006753086419753086,"bolusiob":0}
