{"iob":-0.23140816183456792,"activity":-0.0007212962962962964,"bolusiob":0}
