{"iob":0.0014936722962962945,"activity":-0.00007407407407407406,"bolusiob":0}
