{"iob":0.19702112064790123,"activity":0.00023382716049382714,"bolusiob":0}
