{"iob":0.09902232691358026,"activity":0.00009506172839506172,"bolusiob":0}
