{"iob":-0.14554090576098766,"activity":-0.00026611111111111106,"bolusiob":0}
