{"iob":0.00006270741333334052,"activity":0.00033602693602693615,"bolusiob":0}
