{"iob":-0.09577624420246914,"activity":-0.00023314814814814815,"bolusiob":0}
