{"iob":-0.19447667202370372,"activity":-0.0003337037037037037,"bolusiob":0}
