{"iob":0.29329287728197534,"activity":0.00043530864197530866,"bolusiob":0}
