{"iob":0.094800315654321,"activity":0.0002679012345679012,"bolusiob":0}
