{"iob":0.474341687782716,"activity":0.0011839506172839508,"bolusiob":0}
