{"iob":-0.09892026113580246,"activity":-0.00010407407407407408,"bolusiob":0}
