{"iob":0.023416274500000014,"activity":0.0006517676767676768,"bolusiob":0}
