{"iob":0.1434761098828127,"activity":0.0003597532098765432,"bolusiob":0}
