{"iob":0.07879174700543211,"activity":0.0005670987654320987,"bolusiob":0}
