{"iob":0.03478058409876543,"activity":0.0004197530864197531,"bolusiob":0}
