{"iob":0.14720595482074075,"activity":0.0002102469135802469,"bolusiob":0}
