{"iob":0.04976386588444445,"activity":0.0000325925925925926,"bolusiob":0}
