{"iob":0.09704094527901236,"activity":0.00019524691358024693,"bolusiob":0}
