{"iob":-0.09779508288000001,"activity":-0.0001577777777777778,"bolusiob":0}
