{"iob":-0.14727594853135803,"activity":-0.0002030864197530864,"bolusiob":0}
