{"iob":-0.008914004329876546,"activity":0.0003041975308641976,"bolusiob":0}
