{"iob":-0.23538566222222224,"activity":-0.0006481481481481481,"bolusiob":0}
