{"iob":-0.10153975082929367,"activity":0.00044910200897867576,"bolusiob":0}
