{"iob":0.09973724830024691,"activity":0.00003839506172839507,"bolusiob":0}
