{"iob":0.4266346631585185,"activity":0.0010744444444444443,"bolusiob":0}
