{"iob":0.17221656281283954,"activity":0.0034032659932659937,"bolusiob":0}
