{"iob":-0.2040837819575309,"activity":-0.0012409876543209876,"bolusiob":0}
