{"iob":0.33142986885209874,"activity":0.0019873456790123457,"bolusiob":0}
