{"iob":0.0947271676914843,"activity":0.0002876544444444444,"bolusiob":0}
