{"iob":-0.09892748622222224,"activity":-0.00010333333333333334,"bolusiob":0}
