{"iob":-0.08982021220246914,"activity":-0.00038129629629629635,"bolusiob":0}
