{"iob":0.03163775274666668,"activity":0.0007063973063973065,"bolusiob":0}
