{"iob":-0.09802934396049384,"activity":-0.00013987654320987654,"bolusiob":0}
