{"iob":-0.099000355334321,"activity":-0.00009654320987654321,"bolusiob":0}
