{"iob":-0.19295595778370372,"activity":-0.0003685185185185185,"bolusiob":0}
