{"iob":-0.25165725406024697,"activity":-0.0013655555555555556,"bolusiob":0}
