{"iob":0.19690668259555558,"activity":0.00024432098765432103,"bolusiob":0}
