{"iob":0.03587159775604939,"activity":0.0003295061728395062,"bolusiob":0}
