{"iob":-0.1922125677274074,"activity":-0.00039246913580246915,"bolusiob":0}
