{"iob":0.14611732635654323,"activity":0.00022975308641975307,"bolusiob":0}
