{"iob":-0.30335130086716056,"activity":-0.0013209876543209876,"bolusiob":0}
