{"iob":0.09434497639506173,"activity":0.0011370370370370369,"bolusiob":0}
