{"iob":-0.049755536,"activity":-0.000033333333333333335,"bolusiob":0}
