{"iob":0.5067611065810723,"activity":0.0015782718518518514,"bolusiob":0}
