{"iob":0.04075741703111111,"activity":0.0002711111111111112,"bolusiob":0}
