{"iob":0.04688157587753086,"activity":0.00015987654320987653,"bolusiob":0}
