{"iob":0.09874464214913581,"activity":0.00011950617283950617,"bolusiob":0}
