{"iob":-0.14074041338469134,"activity":-0.0004325925925925926,"bolusiob":0}
