{"iob":0.14887266336395064,"activity":0.00011506172839506172,"bolusiob":0}
