{"iob":-0.09745290644543211,"activity":-0.0001767901234567901,"bolusiob":0}
