{"iob":0.515699266220247,"activity":0.001438148148148148,"bolusiob":0}
