{"iob":0.09804558668641976,"activity":0.00013901234567901234,"bolusiob":0}
