{"iob":0.04358230144,"activity":0.00021777777777777776,"bolusiob":0}
