{"iob":0.14720563655111113,"activity":0.00021037037037037037,"bolusiob":0}
