{"iob":0.5535874474508642,"activity":0.005648574635241301,"bolusiob":0}
