{"iob":0.043527266401975316,"activity":0.00021876543209876546,"bolusiob":0}
