{"iob":0.09916727129283952,"activity":0.00007975308641975309,"bolusiob":0}
