{"iob":-0.14720661330962964,"activity":-0.0002065432098765432,"bolusiob":0}
