{"iob":0.18760797808197532,"activity":0.0005397530864197531,"bolusiob":0}
