{"iob":-0.04975693345975309,"activity":-0.000033209876543209876,"bolusiob":0}
