{"iob":-0.09681483116938272,"activity":-0.00019549382716049383,"bolusiob":0}
