{"iob":0.23970015092938274,"activity":0.0005353086419753086,"bolusiob":0}
