{"iob":0.3603537726340741,"activity":0.0024066666666666663,"bolusiob":0}
