{"iob":-0.26354956339358027,"activity":-0.0011433333333333332,"bolusiob":0}
