{"iob":0.09972469311209876,"activity":0.0000454320987654321,"bolusiob":0}
