{"iob":0.10454479641334113,"activity":0.0010234569135802469,"bolusiob":0}
