{"iob":-0.14730869006222222,"activity":-0.00020074074074074075,"bolusiob":0}
