{"iob":-0.04997121671901235,"activity":-0.000006913580246913581,"bolusiob":0}
