{"iob":0.3993831004918519,"activity":0.0017411111111111108,"bolusiob":0}
