{"iob":-0.09747679861728395,"activity":-0.00017592592592592592,"bolusiob":0}
