{"iob":-0.10435849775907147,"activity":0.000014758574635241514,"bolusiob":0}
