{"iob":0.3742506721801482,"activity":0.0010437037037037038,"bolusiob":0}
