{"iob":-0.14747575966814816,"activity":-0.00018851851851851853,"bolusiob":0}
