{"iob":0.14889138639802468,"activity":0.00011222222222222222,"bolusiob":0}
