{"iob":-0.09894684213728396,"activity":-0.0001025925925925926,"bolusiob":0}
