{"iob":0.1985452809797531,"activity":0.00014864197530864198,"bolusiob":0}
