{"iob":0.04975132167111112,"activity":0.000033703703703703706,"bolusiob":0}
