{"iob":-0.09893721722469137,"activity":-0.00010296296296296297,"bolusiob":0}
