{"iob":0.28466394591604943,"activity":0.001787283950617284,"bolusiob":0}
