{"iob":0.06677623404641977,"activity":0.0006355667789001123,"bolusiob":0}
