{"iob":0.6672176178567901,"activity":0.0034858024691358028,"bolusiob":0}
