{"iob":0.38131251915851855,"activity":0.0020744444444444443,"bolusiob":0}
