{"iob":0.32579414416197533,"activity":0.0010649382716049383,"bolusiob":0}
