{"iob":0.0917315219308642,"activity":0.00034401234567901236,"bolusiob":0}
