{"iob":-0.19215083805234567,"activity":-0.000402716049382716,"bolusiob":0}
