{"iob":0.1435885334749747,"activity":0.00035641987654320983,"bolusiob":0}
