{"iob":0.3383403164997531,"activity":0.0006283950617283951,"bolusiob":0}
