{"iob":-0.043561690737777777,"activity":-0.00021814814814814814,"bolusiob":0}
