{"iob":0.09702826022222222,"activity":0.00019574074074074074,"bolusiob":0}
