{"iob":0.47801082079604945,"activity":0.0010495061728395061,"bolusiob":0}
