{"iob":-0.23534309823209879,"activity":-0.0006493827160493828,"bolusiob":0}
