{"iob":0.03881402243160494,"activity":0.0002917283950617284,"bolusiob":0}
