{"iob":0.212459100672,"activity":0.0011655555555555555,"bolusiob":0}
