{"iob":0.5041691975111111,"activity":0.005826150392817059,"bolusiob":0}
