{"iob":0.03887958266,"activity":0.00038777777777777774,"bolusiob":0}
