{"iob":-0.2335599432454321,"activity":-0.000647037037037037,"bolusiob":0}
