{"iob":-0.26912555218962964,"activity":-0.0010509876543209878,"bolusiob":0}
