{"iob":0.09801597663604938,"activity":0.0001408641975308642,"bolusiob":0}
