{"iob":-0.1472651822380247,"activity":-0.00020345679012345679,"bolusiob":0}
