{"iob":0.3806463384335803,"activity":0.0009032098765432098,"bolusiob":0}
