{"iob":0.44897399597827164,"activity":0.0017776543209876542,"bolusiob":0}
