{"iob":0.24180070602400766,"activity":0.0016056175308641974,"bolusiob":0}
