{"iob":0.06698635088888888,"activity":0.0007142592592592593,"bolusiob":0}
