{"iob":0.309135335288889,"activity":0.006009315375982043,"bolusiob":0}
