{"iob":0.0986814418488889,"activity":0.00012185185185185184,"bolusiob":0}
