{"iob":0.6470489936592593,"activity":0.0029777777777777775,"bolusiob":0}
