{"iob":0.04547710321777779,"activity":0.00018074074074074073,"bolusiob":0}
