{"iob":0.04131839834864198,"activity":0.0002554320987654321,"bolusiob":0}
