{"iob":0.3130268622301235,"activity":0.001193456790123457,"bolusiob":0}
