{"iob":0.03731085383111112,"activity":0.0007399551066217734,"bolusiob":0}
