{"iob":0.22251289282567907,"activity":0.005690437710437713,"bolusiob":0}
