{"iob":0.0997058164306173,"activity":0.00004419753086419753,"bolusiob":0}
