{"iob":0.33320243718953085,"activity":0.0007625925925925926,"bolusiob":0}
