{"iob":0.3142715928019753,"activity":0.0012287654320987656,"bolusiob":0}
