{"iob":0.19463109132641976,"activity":0.0003219753086419753,"bolusiob":0}
