{"iob":0.1394289629124463,"activity":0.000470493950617284,"bolusiob":0}
