{"iob":0.04976110388938272,"activity":0.00003283950617283951,"bolusiob":0}
