{"iob":0.20444026043247776,"activity":0.0020893212345679014,"bolusiob":0}
