{"iob":-0.1472724402488889,"activity":-0.00020308641975308643,"bolusiob":0}
