{"iob":0.22261464556088895,"activity":0.0009803703703703706,"bolusiob":0}
