{"iob":0.09868794671308642,"activity":0.0001215432098765432,"bolusiob":0}
