{"iob":-0.21930274789135806,"activity":-0.0010191358024691359,"bolusiob":0}
