{"iob":0.1434214618706173,"activity":0.0003614814814814815,"bolusiob":0}
