{"iob":0.14704323763100013,"activity":0.002362811515151515,"bolusiob":0}
