{"iob":-0.1471841368888889,"activity":-0.00021111111111111113,"bolusiob":0}
