{"iob":0.49709669390854316,"activity":0.0017733333333333334,"bolusiob":0}
