{"iob":0.19855132444444445,"activity":0.00014814814814814815,"bolusiob":0}
