{"iob":0.14658266304927986,"activity":0.0002472840740740741,"bolusiob":0}
