{"iob":0.09470058751209876,"activity":0.00027012345679012346,"bolusiob":0}
