{"iob":0.31309390904591516,"activity":0.0013430867901234567,"bolusiob":0}
