{"iob":0.43454773511111117,"activity":0.0008277777777777779,"bolusiob":0}
