{"iob":0.09894157788444445,"activity":0.00010296296296296297,"bolusiob":0}
