{"iob":0.09894436914567901,"activity":0.00010271604938271605,"bolusiob":0}
