{"iob":-0.2149765380819753,"activity":-0.0010545679012345678,"bolusiob":0}
