{"iob":0.24682917479506175,"activity":0.0002545679012345679,"bolusiob":0}
