{"iob":-0.0435548131871605,"activity":-0.0002182716049382716,"bolusiob":0}
