{"iob":0.09802298222617284,"activity":0.00014024691358024692,"bolusiob":0}
