{"iob":0.24362856028444443,"activity":0.00040592592592592584,"bolusiob":0}
