{"iob":0.1444739140939969,"activity":0.00032098777777777774,"bolusiob":0}
