{"iob":-0.2409731782320988,"activity":-0.00046172839506172835,"bolusiob":0}
