{"iob":-0.2409574293728395,"activity":-0.00046234567901234566,"bolusiob":0}
