{"iob":0.2516727035970371,"activity":0.003387317620650954,"bolusiob":0}
