{"iob":-0.3113331597580247,"activity":-0.0012516666666666666,"bolusiob":0}
