{"iob":-0.23540691678024694,"activity":-0.0006475308641975309,"bolusiob":0}
