{"iob":-0.2372985907358025,"activity":-0.0005697530864197532,"bolusiob":0}
