{"iob":0.1393132704158025,"activity":0.0004733333333333333,"bolusiob":0}
