{"iob":0.05272148205555557,"activity":0.0008198933782267116,"bolusiob":0}
