{"iob":0.003922453688888876,"activity":-0.00018888888888888886,"bolusiob":0}
