{"iob":-0.1473562183269136,"activity":-0.00019234567901234566,"bolusiob":0}
