{"iob":0.09777303081876544,"activity":0.00015876543209876543,"bolusiob":0}
