{"iob":0.24601317902222225,"activity":0.00031296296296296297,"bolusiob":0}
