{"iob":-0.19485190460049384,"activity":-0.00031209876543209875,"bolusiob":0}
