{"iob":0.09701292977777778,"activity":0.0001962962962962963,"bolusiob":0}
