{"iob":0.09970794554469137,"activity":0.00004395061728395062,"bolusiob":0}
