{"iob":0.25578359721511085,"activity":0.001384136049382716,"bolusiob":0}
