{"iob":0.049976616327901235,"activity":0.000005802469135802468,"bolusiob":0}
