{"iob":0.09892135861728396,"activity":0.00010407407407407408,"bolusiob":0}
