{"iob":-0.08486178904000001,"activity":-0.00047388888888888893,"bolusiob":0}
