{"iob":0.0924593551871605,"activity":0.0003258641975308642,"bolusiob":0}
