{"iob":-0.18790574675753088,"activity":-0.0005313580246913581,"bolusiob":0}
