{"iob":0.3415196106034568,"activity":0.0005409876543209877,"bolusiob":0}
