{"iob":-0.14098618704592594,"activity":-0.0003774074074074074,"bolusiob":0}
