{"iob":0.33758677839802476,"activity":0.0006776543209876544,"bolusiob":0}
