{"iob":0.3114584495928395,"activity":0.002283641975308642,"bolusiob":0}
