{"iob":0.02355318177777778,"activity":0.00039618406285072956,"bolusiob":0}
