{"iob":0.0005811660800000062,"activity":0.0003696969696969698,"bolusiob":0}
