{"iob":0.23973813476345682,"activity":0.0005330864197530863,"bolusiob":0}
