{"iob":-0.22412181102617282,"activity":-0.0008696296296296297,"bolusiob":0}
