{"iob":0.09972188355950617,"activity":0.00004148148148148149,"bolusiob":0}
