{"iob":0.09185355592691359,"activity":0.00034172839506172836,"bolusiob":0}
