{"iob":0.1880560698673578,"activity":0.002238187676767677,"bolusiob":0}
