{"iob":-0.09801939346172839,"activity":-0.00014037037037037037,"bolusiob":0}
