{"iob":0.5224714689420876,"activity":0.00389272721661055,"bolusiob":0}
