{"iob":-0.09528860711506174,"activity":-0.000251358024691358,"bolusiob":0}
