{"iob":-0.04702863473777778,"activity":-0.00014407407407407405,"bolusiob":0}
