{"iob":-0.09894297534419755,"activity":-0.0001028395061728395,"bolusiob":0}
