{"iob":-0.14604731801283952,"activity":-0.0002393827160493827,"bolusiob":0}
