{"iob":-0.09794858075259258,"activity":0.000616341189674523,"bolusiob":0}
