{"iob":0.1488995955595062,"activity":0.00011123456790123456,"bolusiob":0}
