{"iob":0.1878445643140741,"activity":0.0016103703703703705,"bolusiob":0}
