{"iob":-0.14728698187851852,"activity":-0.0002022222222222222,"bolusiob":0}
