{"iob":0.08006494807604939,"activity":0.0005480864197530864,"bolusiob":0}
