{"iob":0.5778812564764445,"activity":0.002222716049382715,"bolusiob":0}
