{"iob":0.08810986962469136,"activity":0.00041783950617283946,"bolusiob":0}
