{"iob":0.31378876314074067,"activity":0.001264074074074074,"bolusiob":0}
