{"iob":-0.24028854733432098,"activity":-0.0004937037037037038,"bolusiob":0}
