{"iob":-0.11866580144197535,"activity":-0.0019159595959595962,"bolusiob":0}
