{"iob":0.3135595358419753,"activity":0.0012687654320987652,"bolusiob":0}
