{"iob":0.197005371788642,"activity":0.00023456790123456786,"bolusiob":0}
