{"iob":0.09175876690864197,"activity":0.0003433950617283951,"bolusiob":0}
