{"iob":0.02641529408000002,"activity":0.0006727272727272728,"bolusiob":0}
