{"iob":0.30203590915160505,"activity":0.002804668911335578,"bolusiob":0}
