{"iob":0.348713916302963,"activity":0.001692037037037037,"bolusiob":0}
