{"iob":0.23961096226765433,"activity":0.0005381481481481482,"bolusiob":0}
