{"iob":0.13945017025580247,"activity":0.00047,"bolusiob":0}
