{"iob":0.24680879822222224,"activity":0.00025555555555555553,"bolusiob":0}
