{"iob":0.3634867600158025,"activity":0.0013943209876543208,"bolusiob":0}
