{"iob":-0.09370749160987654,"activity":-0.0002887037037037037,"bolusiob":0}
