{"iob":0.3869530706409877,"activity":0.0007235802469135803,"bolusiob":0}
