{"iob":0.22360067097283956,"activity":0.0028358922558922566,"bolusiob":0}
