{"iob":0.047005185216790125,"activity":0.00014469135802469137,"bolusiob":0}
