{"iob":0.4941779836128396,"activity":0.001954197530864197,"bolusiob":0}
