{"iob":0.22574223223259235,"activity":0.0018285804938271604,"bolusiob":0}
