{"iob":0.18423191836444447,"activity":0.005419079685746351,"bolusiob":0}
