{"iob":0.46238561697027164,"activity":0.0013819753086419754,"bolusiob":0}
