{"iob":0.04916612625382716,"activity":0.00007061728395061728,"bolusiob":0}
