{"iob":-0.19428804056493829,"activity":-0.0003476543209876543,"bolusiob":0}
