{"iob":-0.09893333945679014,"activity":-0.00010320987654320986,"bolusiob":0}
