{"iob":0.09701541740246913,"activity":0.00019617283950617285,"bolusiob":0}
