{"iob":0.04516600014222222,"activity":0.00019703703703703702,"bolusiob":0}
