{"iob":0.43449120383999995,"activity":0.00083,"bolusiob":0}
