{"iob":0.716209123832099,"activity":0.003572222222222221,"bolusiob":0}
