{"iob":-0.09805511648395061,"activity":-0.00013913580246913582,"bolusiob":0}
