{"iob":-0.022108464466172838,"activity":0.0004912345679012345,"bolusiob":0}
