{"iob":0.14655930229259442,"activity":0.0002482717283950617,"bolusiob":0}
