{"iob":-0.09743593435160494,"activity":-0.00017746913580246913,"bolusiob":0}
