{"iob":0.04916862851160494,"activity":0.00007049382716049383,"bolusiob":0}
