{"iob":-0.09801300977777778,"activity":-0.00014074074074074076,"bolusiob":0}
