{"iob":0.09743344123950617,"activity":0.00017759259259259258,"bolusiob":0}
