{"iob":0.5440068460088889,"activity":0.0019674074074074073,"bolusiob":0}
