{"iob":-0.14727609852049384,"activity":-0.0002028395061728395,"bolusiob":0}
