{"iob":-0.09892166225382716,"activity":-0.00010395061728395062,"bolusiob":0}
