{"iob":0.28877331896962966,"activity":0.0025809259259259257,"bolusiob":0}
