{"iob":-0.2823389731476543,"activity":-0.000715679012345679,"bolusiob":0}
