{"iob":-0.1944950255723457,"activity":-0.0003328395061728395,"bolusiob":0}
