{"iob":0.08485490600197532,"activity":0.0004740123456790124,"bolusiob":0}
