{"iob":0.09470416896,"activity":0.00026999999999999995,"bolusiob":0}
