{"iob":0.14875071488000002,"activity":0.00012666666666666666,"bolusiob":0}
