{"iob":0.09810929548641975,"activity":0.00013679012345679012,"bolusiob":0}
