{"iob":0.058212921453827164,"activity":0.0006423007856341189,"bolusiob":0}
