{"iob":0.050127528746666684,"activity":0.0008074074074074074,"bolusiob":0}
