{"iob":0.0568605917708642,"activity":0.0005345791245791247,"bolusiob":0}
