{"iob":-0.000008072166666672766,"activity":0.0003150673400673402,"bolusiob":0}
