{"iob":0.09896115329580246,"activity":0.00010160493827160495,"bolusiob":0}
