{"iob":0.013570318080000011,"activity":0.0005717171717171719,"bolusiob":0}
