{"iob":0.42029089339686687,"activity":0.0012045681481481483,"bolusiob":0}
