{"iob":0.12852724307141913,"activity":0.0006897532098765432,"bolusiob":0}
