{"iob":0.558784190725989,"activity":0.0035525700897867563,"bolusiob":0}
