{"iob":-0.09892945437234568,"activity":-0.0001034567901234568,"bolusiob":0}
