{"iob":0.29302110428444444,"activity":0.0004579012345679012,"bolusiob":0}
