{"iob":0.32820852111012344,"activity":0.0009722222222222222,"bolusiob":0}
