{"iob":0.04980298513777777,"activity":0.00036558922558922567,"bolusiob":0}
