{"iob":0.05021298091456789,"activity":-0.000025308641975308642,"bolusiob":0}
