{"iob":0.6042542178591606,"activity":0.0027251851851851855,"bolusiob":0}
