{"iob":0.14713505385876546,"activity":0.00021358024691358024,"bolusiob":0}
