{"iob":-0.04827539930864198,"activity":-0.00010679012345679012,"bolusiob":0}
