{"iob":0.14889470079209877,"activity":0.00011234567901234568,"bolusiob":0}
