{"iob":0.3565185273520988,"activity":0.006064646464646466,"bolusiob":0}
