{"iob":0.32215156471308637,"activity":0.0010423456790123456,"bolusiob":0}
