{"iob":0.6228044988365433,"activity":0.002442716049382717,"bolusiob":0}
