{"iob":-0.09893164933530865,"activity":-0.0001034567901234568,"bolusiob":0}
