{"iob":0.32471031481627377,"activity":0.0010846917283950615,"bolusiob":0}
