{"iob":-0.049183565234567905,"activity":-0.00006975308641975308,"bolusiob":0}
