{"iob":0.09172628511506174,"activity":0.0003441358024691358,"bolusiob":0}
