{"iob":-0.19449033566814816,"activity":-0.00033296296296296296,"bolusiob":0}
