{"iob":-0.14560735232,"activity":-0.00026333333333333336,"bolusiob":0}
