{"iob":0.19417901675456792,"activity":0.00035641975308641974,"bolusiob":0}
