{"iob":0.3383534716444445,"activity":0.0006285185185185185,"bolusiob":0}
