{"iob":0.008121595583209872,"activity":0.0007460493827160495,"bolusiob":0}
