{"iob":0.0037168665000000046,"activity":0.0004497474747474748,"bolusiob":0}
