{"iob":-0.016887927972345673,"activity":0.00041641975308641973,"bolusiob":0}
