{"iob":0.24683402200493826,"activity":0.00025382716049382714,"bolusiob":0}
