{"iob":-0.09246404326222224,"activity":-0.00032574074074074075,"bolusiob":0}
