{"iob":0.1942417561125926,"activity":0.0003540740740740741,"bolusiob":0}
