{"iob":0.042578007111111114,"activity":0.00031358024691358023,"bolusiob":0}
