{"iob":0.3806356719033439,"activity":0.00088642,"bolusiob":0}
