{"iob":0.12360200355555556,"activity":0.0007666666666666667,"bolusiob":0}
