{"iob":0.10542781050469138,"activity":-0.00015950617283950618,"bolusiob":0}
