{"iob":0.37551662767802474,"activity":0.0010990123456790124,"bolusiob":0}
