{"iob":-0.04825747377777778,"activity":-0.00010740740740740741,"bolusiob":0}
