{"iob":0.1037007358617284,"activity":0.0005707631874298543,"bolusiob":0}
