{"iob":0.7158513229195063,"activity":0.003579382716049383,"bolusiob":0}
