{"iob":-0.33939058969679015,"activity":-0.002370549943883277,"bolusiob":0}
