{"iob":0.6231226221353087,"activity":0.002435308641975308,"bolusiob":0}
