{"iob":0.14890890586074076,"activity":0.00010888888888888886,"bolusiob":0}
