{"iob":0.14892524736,"activity":0.00010777777777777779,"bolusiob":0}
