{"iob":0.09893444059654322,"activity":0.00010320987654320989,"bolusiob":0}
