{"iob":0.0991020808928395,"activity":0.00008469135802469136,"bolusiob":0}
