{"iob":0.45481920646320995,"activity":0.005953670033670034,"bolusiob":0}
