{"iob":-0.29823736137777784,"activity":-0.0015100617283950615,"bolusiob":0}
