{"iob":0.19427037111308643,"activity":0.00035209876543209874,"bolusiob":0}
