{"iob":0.09703074784691358,"activity":0.00019561728395061729,"bolusiob":0}
