{"iob":-0.13870091541313173,"activity":-0.0004695062962962963,"bolusiob":0}
