{"iob":0.09169471011555556,"activity":0.00034481481481481483,"bolusiob":0}
