{"iob":-0.36008402944987655,"activity":-0.002114971941638609,"bolusiob":0}
