{"iob":0.14724343015506172,"activity":0.00020827160493827162,"bolusiob":0}
