{"iob":-0.22815667974320988,"activity":-0.0008339506172839506,"bolusiob":0}
