{"iob":-0.03446359271506173,"activity":0.0006388888888888889,"bolusiob":0}
