{"iob":0.08381238822222223,"activity":0.0004920370370370371,"bolusiob":0}
