{"iob":0.419631599391605,"activity":0.00201679012345679,"bolusiob":0}
