{"iob":0.4780031055012346,"activity":0.001050246913580247,"bolusiob":0}
