{"iob":0.24631279146666668,"activity":0.00028827160493827156,"bolusiob":0}
