{"iob":-0.15156536539259263,"activity":-0.0018318294051627385,"bolusiob":0}
