{"iob":-0.049752730105679016,"activity":-0.000033580246913580247,"bolusiob":0}
