{"iob":0.11332591861728397,"activity":0.0009148148148148149,"bolusiob":0}
