{"iob":0.43449120384000006,"activity":0.00083,"bolusiob":0}
