{"iob":0.14496665568395062,"activity":0.000688294051627385,"bolusiob":0}
