{"iob":-0.09743109583012347,"activity":-0.0001776543209876543,"bolusiob":0}
