{"iob":0.09703129841679012,"activity":0.00019561728395061729,"bolusiob":0}
