{"iob":-0.09743234192888889,"activity":-0.00017759259259259258,"bolusiob":0}
