{"iob":-0.14345544355555556,"activity":-0.0003222222222222222,"bolusiob":0}
