{"iob":-0.1374519401450784,"activity":-0.0005067902469135802,"bolusiob":0}
