{"iob":0.14718802928987657,"activity":0.00021086419753086418,"bolusiob":0}
