{"iob":-0.049766613246419754,"activity":-0.000032345679012345675,"bolusiob":0}
