{"iob":-0.04239047098469136,"activity":0.0007269135802469136,"bolusiob":0}
