{"iob":0.0986667099891358,"activity":0.00012271604938271605,"bolusiob":0}
