{"iob":0.13943809786540629,"activity":0.000470247037037037,"bolusiob":0}
