{"iob":0.42923111777185186,"activity":0.00098,"bolusiob":0}
