{"iob":0.13606963097283953,"activity":0.000542962962962963,"bolusiob":0}
