{"iob":0.004958942080000007,"activity":0.00047070707070707085,"bolusiob":0}
