{"iob":0.3247704298982716,"activity":0.0010039506172839507,"bolusiob":0}
