{"iob":-0.09312747264691358,"activity":-0.00030722222222222224,"bolusiob":0}
