{"iob":0.1407561944779969,"activity":0.00043209888888888894,"bolusiob":0}
