{"iob":0.09972393219160494,"activity":0.00004123456790123457,"bolusiob":0}
