{"iob":0.3137384545896297,"activity":0.0012644444444444446,"bolusiob":0}
