{"iob":0.1407728878617284,"activity":0.0004318518518518519,"bolusiob":0}
