{"iob":-0.09901137404839506,"activity":-0.00009580246913580247,"bolusiob":0}
