{"iob":0.04759147811555555,"activity":0.00012851851851851848,"bolusiob":0}
