{"iob":0.27333596306962965,"activity":0.0009385185185185185,"bolusiob":0}
