{"iob":0.48403318634633463,"activity":0.004315432042648709,"bolusiob":0}
