{"iob":-0.09529756302123457,"activity":-0.0002510493827160494,"bolusiob":0}
