{"iob":-0.2313230857560494,"activity":-0.0007232098765432098,"bolusiob":0}
