{"iob":0.14720018572641977,"activity":0.00020987654320987656,"bolusiob":0}
