{"iob":0.3755287106061728,"activity":0.0010985802469135803,"bolusiob":0}
