{"iob":0.041366215616790124,"activity":0.00025469135802469136,"bolusiob":0}
