{"iob":-0.09893194931358025,"activity":-0.00010333333333333332,"bolusiob":0}
