{"iob":-0.041326377039012346,"activity":-0.0002553086419753087,"bolusiob":0}
