{"iob":0.33714801110913584,"activity":0.0016906172839506173,"bolusiob":0}
