{"iob":0.04313367661827161,"activity":0.00023395061728395065,"bolusiob":0}
