{"iob":0.1926944425797531,"activity":0.00038987654320987654,"bolusiob":0}
