{"iob":-0.09894246684444447,"activity":-0.0001025925925925926,"bolusiob":0}
