{"iob":0.23965332139456794,"activity":0.0005365432098765431,"bolusiob":0}
