{"iob":-0.14553469904592595,"activity":-0.0002662962962962963,"bolusiob":0}
