{"iob":0.45311369612641983,"activity":0.0017035802469135802,"bolusiob":0}
