{"iob":0.007350219164444449,"activity":0.0005042648709315378,"bolusiob":0}
