{"iob":0.1489147773866667,"activity":0.00010814814814814814,"bolusiob":0}
