{"iob":0.2833500791782716,"activity":0.0007498765432098765,"bolusiob":0}
