{"iob":-0.2733295348004938,"activity":-0.0009337654320987654,"bolusiob":0}
