{"iob":0.14889151077925927,"activity":0.0001137037037037037,"bolusiob":0}
