{"iob":0.04414603377777778,"activity":0.0002765432098765432,"bolusiob":0}
