{"iob":0.5762503164764445,"activity":0.0032090460157126826,"bolusiob":0}
