{"iob":-0.04975413488197531,"activity":-0.000033456790123456794,"bolusiob":0}
