{"iob":-0.09892915805234569,"activity":-0.00010358024691358023,"bolusiob":0}
