{"iob":-0.22821018196543214,"activity":-0.0008327160493827161,"bolusiob":0}
