{"iob":0.0997247150617284,"activity":0.0000419753086419753,"bolusiob":0}
