{"iob":0.195695040825679,"activity":0.0007542873176206511,"bolusiob":0}
