{"iob":0.0947291005382716,"activity":0.00026932098765432104,"bolusiob":0}
