{"iob":0.19701676364641976,"activity":0.00023358024691358026,"bolusiob":0}
