{"iob":0.04545400489086421,"activity":0.00018123456790123456,"bolusiob":0}
