{"iob":0.10922873621002518,"activity":0.0021991300785634124,"bolusiob":0}
