{"iob":-0.3222041619703704,"activity":-0.0009915432098765433,"bolusiob":0}
