{"iob":0.1486667099891358,"activity":0.00013555555555555556,"bolusiob":0}
