{"iob":0.33139128723358025,"activity":0.0019879012345679014,"bolusiob":0}
