{"iob":0.4144904818251852,"activity":0.0014077777777777775,"bolusiob":0}
