{"iob":-0.26915776327111113,"activity":-0.0010503703703703703,"bolusiob":0}
