{"iob":-0.3079767902182716,"activity":-0.0012880246913580247,"bolusiob":0}
