{"iob":0.47449818864197535,"activity":0.0011790123456790122,"bolusiob":0}
