{"iob":0.44890737803654324,"activity":0.0023716049382716048,"bolusiob":0}
