{"iob":0.062423999972345684,"activity":0.0006389337822671156,"bolusiob":0}
