{"iob":0.1970253240019753,"activity":0.00023308641975308643,"bolusiob":0}
