{"iob":0.14446691175506174,"activity":0.0003214814814814814,"bolusiob":0}
