{"iob":0.1395558366737895,"activity":0.000467530987654321,"bolusiob":0}
