{"iob":0.026940778222222236,"activity":0.00041273849607182945,"bolusiob":0}
