{"iob":-0.3285535129046914,"activity":-0.0018387654320987654,"bolusiob":0}
