{"iob":0.24360500101530863,"activity":0.000407283950617284,"bolusiob":0}
