{"iob":0.008411114562222231,"activity":0.000517199775533109,"bolusiob":0}
