{"iob":0.14657172758913584,"activity":0.0002477777777777778,"bolusiob":0}
