{"iob":0.14195547412737172,"activity":0.0003913581481481481,"bolusiob":0}
