{"iob":-0.23589639352098768,"activity":-0.0006271604938271605,"bolusiob":0}
