{"iob":-0.14726150933333335,"activity":-0.00020370370370370372,"bolusiob":0}
