{"iob":-0.16763344959012347,"activity":-0.001725117845117845,"bolusiob":0}
