{"iob":0.24681482705382718,"activity":0.0002550617283950617,"bolusiob":0}
