{"iob":0.099733312,"activity":0.00003888888888888889,"bolusiob":0}
