{"iob":0.1465897503468996,"activity":0.0002469137037037037,"bolusiob":0}
