{"iob":-0.049178600960000006,"activity":-0.00007,"bolusiob":0}
