{"iob":-0.09894328263901236,"activity":-0.00010271604938271604,"bolusiob":0}
