{"iob":0.12836944594385766,"activity":0.0006923458024691358,"bolusiob":0}
