{"iob":0.5976423214143209,"activity":0.002926666666666667,"bolusiob":0}
