{"iob":0.1985633674745679,"activity":0.0001471604938271605,"bolusiob":0}
