{"iob":0.017374366328888894,"activity":0.00036257014590347923,"bolusiob":0}
