{"iob":0.04824667456000001,"activity":0.00010777777777777778,"bolusiob":0}
