{"iob":0.09471202555555557,"activity":0.0002698148148148148,"bolusiob":0}
