{"iob":0.09971218182320989,"activity":0.00004345679012345679,"bolusiob":0}
