{"iob":-0.14479229672296295,"activity":-0.00030308641975308645,"bolusiob":0}
