{"iob":-0.04130242999308642,"activity":-0.000255679012345679,"bolusiob":0}
