{"iob":0.031675209031111116,"activity":0.0003822222222222222,"bolusiob":0}
