{"iob":0.04543084803160494,"activity":0.0001817283950617284,"bolusiob":0}
