{"iob":0.6814377233224692,"activity":0.004061077441077441,"bolusiob":0}
