{"iob":0.4066291561244445,"activity":0.0015580246913580247,"bolusiob":0}
