{"iob":-0.26482044329086424,"activity":-0.001079753086419753,"bolusiob":0}
