{"iob":0.1472288812088889,"activity":0.0002088888888888889,"bolusiob":0}
