{"iob":0.04637890375111112,"activity":0.00021382716049382714,"bolusiob":0}
