{"iob":0.2436707364977778,"activity":0.000404074074074074,"bolusiob":0}
