{"iob":0.09868005536395064,"activity":0.00012197530864197528,"bolusiob":0}
