{"iob":0.028363127895555562,"activity":0.0006855499438832772,"bolusiob":0}
