{"iob":0.011449770500000008,"activity":0.0005507575757575759,"bolusiob":0}
