{"iob":0.28602964468888864,"activity":0.0007174693827160495,"bolusiob":0}
