{"iob":0.10436094358913581,"activity":0.0010255555555555556,"bolusiob":0}
