{"iob":0.194218361465679,"activity":0.0003546913580246914,"bolusiob":0}
