{"iob":0.2678410797063701,"activity":0.0011619138271604936,"bolusiob":0}
