{"iob":-0.14555002034469136,"activity":-0.00026574074074074076,"bolusiob":0}
