{"iob":0.14887016476444445,"activity":0.0001151851851851852,"bolusiob":0}
