{"iob":-0.18907574615703707,"activity":-0.0004848148148148148,"bolusiob":0}
