{"iob":0.04975971740444445,"activity":0.000032962962962962964,"bolusiob":0}
