{"iob":-0.18757131854222225,"activity":-0.0005406172839506173,"bolusiob":0}
