{"iob":-0.09308770723456791,"activity":-0.0003082098765432099,"bolusiob":0}
