{"iob":0.1435048155891358,"activity":0.0003588888888888889,"bolusiob":0}
