{"iob":0.060036507337283954,"activity":0.0007885802469135803,"bolusiob":0}
