{"iob":-0.09801799966024692,"activity":-0.00014049382716049382,"bolusiob":0}
