{"iob":-0.09801719118222224,"activity":-0.00014037037037037037,"bolusiob":0}
