{"iob":-0.19222828732049382,"activity":-0.00039209876543209874,"bolusiob":0}
