{"iob":0.787651257669136,"activity":0.004789405162738495,"bolusiob":0}
