{"iob":0.09971006734222224,"activity":0.000043703703703703705,"bolusiob":0}
