{"iob":0.1985573532760494,"activity":0.0001476543209876543,"bolusiob":0}
