{"iob":0.28336937656098765,"activity":0.0007501234567901234,"bolusiob":0}
