{"iob":0.15006897493333335,"activity":0.0006442648709315377,"bolusiob":0}
