{"iob":-0.18105410447703707,"activity":-0.0006515432098765433,"bolusiob":0}
