{"iob":0.6060552742320989,"activity":0.0027246913580246915,"bolusiob":0}
