{"iob":-0.1875903305797531,"activity":-0.0005402469135802469,"bolusiob":0}
