{"iob":-0.038750540444444447,"activity":-0.0002925925925925926,"bolusiob":0}
