{"iob":-0.04826106620049383,"activity":-0.00010728395061728396,"bolusiob":0}
