{"iob":-0.08900482736098767,"activity":-0.0003995679012345679,"bolusiob":0}
