{"iob":-0.049769345975308646,"activity":-0.00003209876543209876,"bolusiob":0}
