{"iob":0.6914926316108644,"activity":0.00458280583613917,"bolusiob":0}
