{"iob":-0.0009175786587654403,"activity":0.00005271604938271605,"bolusiob":0}
