{"iob":-0.14727602901333334,"activity":-0.00020296296296296295,"bolusiob":0}
