{"iob":0.5796089132879013,"activity":0.002226543209876543,"bolusiob":0}
