{"iob":-0.14447327714765434,"activity":-0.0003211111111111111,"bolusiob":0}
