{"iob":0.3362817564918519,"activity":0.002741111111111111,"bolusiob":0}
