{"iob":-0.047042660551111115,"activity":-0.0001437037037037037,"bolusiob":0}
