{"iob":0.12150637490460038,"activity":0.0008012346913580246,"bolusiob":0}
