{"iob":-0.23156419054814814,"activity":-0.000717283950617284,"bolusiob":0}
