{"iob":0.28322498458074075,"activity":0.0007541975308641975,"bolusiob":0}
