{"iob":0.09527025219456792,"activity":0.00025191358024691354,"bolusiob":0}
