{"iob":0.5730599669175308,"activity":0.0024212345679012343,"bolusiob":0}
