{"iob":0.23798706867200004,"activity":0.00061,"bolusiob":0}
