{"iob":-0.18773110087111114,"activity":-0.0005362962962962963,"bolusiob":0}
