{"iob":-0.09893304679506174,"activity":-0.00010333333333333334,"bolusiob":0}
