{"iob":0.2990874080832367,"activity":0.0016032102469135802,"bolusiob":0}
