{"iob":0.09869871117728396,"activity":0.00012092592592592591,"bolusiob":0}
