{"iob":-0.09619288795654321,"activity":-0.00021456790123456788,"bolusiob":0}
