{"iob":0.46088576000000003,"activity":0.001555555555555556,"bolusiob":0}
