{"iob":0.19225478784000002,"activity":0.00039111111111111106,"bolusiob":0}
