{"iob":-0.19213725123160494,"activity":-0.0004032098765432099,"bolusiob":0}
