{"iob":0.03804971437827159,"activity":0.0003082716049382716,"bolusiob":0}
