{"iob":-0.049173622052345684,"activity":-0.0000702469135802469,"bolusiob":0}
