{"iob":0.4996864919308643,"activity":0.0018469135802469136,"bolusiob":0}
