{"iob":-0.14601861155555557,"activity":-0.00024074074074074075,"bolusiob":0}
