{"iob":0.09709953935802469,"activity":0.00019382716049382714,"bolusiob":0}
