{"iob":0.6017522252148149,"activity":0.005383860830527497,"bolusiob":0}
