{"iob":0.03271064988444444,"activity":0.0003659259259259259,"bolusiob":0}
