{"iob":-0.09893055551209878,"activity":-0.00010345679012345677,"bolusiob":0}
