{"iob":0.6472490096592592,"activity":0.0029734567901234564,"bolusiob":0}
