{"iob":0.03592242944,"activity":0.00032888888888888887,"bolusiob":0}
