{"iob":0.3143783338508642,"activity":0.0012271604938271605,"bolusiob":0}
