{"iob":0.2358177165368889,"activity":0.0006861728395061729,"bolusiob":0}
