{"iob":-0.19220172826864199,"activity":-0.0003930864197530864,"bolusiob":0}
