{"iob":0.13603340497586952,"activity":0.0005435803703703703,"bolusiob":0}
