{"iob":0.1474961728237037,"activity":0.0001874074074074074,"bolusiob":0}
