{"iob":0.14892363406222225,"activity":0.00010740740740740742,"bolusiob":0}
