{"iob":0.04978543505382717,"activity":0.00003061728395061729,"bolusiob":0}
