{"iob":-0.14736314709333334,"activity":-0.00019197530864197533,"bolusiob":0}
