{"iob":-0.18281489082469138,"activity":-0.0015753086419753085,"bolusiob":0}
