{"iob":0.2922070839782716,"activity":0.0004933333333333334,"bolusiob":0}
