{"iob":0.09174198458765434,"activity":0.0003437654320987654,"bolusiob":0}
