{"iob":-0.09678227941135803,"activity":-0.00017728395061728392,"bolusiob":0}
