{"iob":0.2436143698488889,"activity":0.000407037037037037,"bolusiob":0}
