{"iob":0.018957039833333342,"activity":0.0006180976430976431,"bolusiob":0}
