{"iob":-0.09577776558617285,"activity":-0.00023308641975308643,"bolusiob":0}
