{"iob":-0.23729859073580248,"activity":-0.0005697530864197532,"bolusiob":0}
