{"iob":-0.10238181340233074,"activity":-0.00013002257014590335,"bolusiob":0}
