{"iob":-0.09893748793679014,"activity":-0.0001028395061728395,"bolusiob":0}
