{"iob":0.014028932329876537,"activity":0.0007160493827160495,"bolusiob":0}
