{"iob":0.08381926577283952,"activity":0.0004919135802469136,"bolusiob":0}
