{"iob":0.3415006863644444,"activity":0.0005418518518518518,"bolusiob":0}
