{"iob":0.6483898858212346,"activity":0.005022581369248036,"bolusiob":0}
