{"iob":-0.1048790810322448,"activity":0.00015809190796857464,"bolusiob":0}
