{"iob":0.19861683677234568,"activity":0.00014271604938271605,"bolusiob":0}
