{"iob":0.28081242899456793,"activity":0.0008475925925925925,"bolusiob":0}
