{"iob":0.14074261200592594,"activity":0.0004325925925925926,"bolusiob":0}
