{"iob":0.29289209533629634,"activity":0.00044703703703703713,"bolusiob":0}
