{"iob":0.32455026413827165,"activity":0.0010095061728395062,"bolusiob":0}
