{"iob":0.04918604188444445,"activity":0.00006962962962962964,"bolusiob":0}
